customer_id,name,email,state,business_type,signup_date,num_employees,annual_revenue
CUST_00001,"Rodriguez, Figueroa and Sanchez",jillrhodes@miller.com,TX,Retail,2025-10-06,6,3720674.97
CUST_00002,Wagner Inc,jennifermiles@robinson-lawrence.com,FL,Consulting,2024-12-03,4,3695532.51
CUST_00003,Wolfe LLC,eric51@james.com,AZ,Restaurant,2025-11-04,7,2972937.94
CUST_00004,"Baker, Williams and Stevens",dudleynicholas@carter.com,CA,Restaurant,2024-06-21,15,1132257.98
CUST_00005,"Lee, Jones and Stanley",tracie31@ramirez-reid.com,NC,Retail,2025-06-24,3,2828163.06
CUST_00006,Wood and Sons,jacqueline19@jackson.biz,AZ,Legal,2025-12-04,3,1141181.08
CUST_00007,Mayo-Bowman,gabriellecameron@perez.com,WA,Retail,2025-08-28,15,3806096.47
CUST_00008,Adams-Clark,jason76@ellis.net,GA,Healthcare,2024-09-28,8,1425463.14
CUST_00009,"Baker, Richards and Hurst",icox@snyder.com,IL,Restaurant,2024-11-10,3,509091.92
CUST_00010,"Moore, Becker and Carlson",djames@king.com,IL,Healthcare,2024-08-10,6,3038443.86
CUST_00011,"Dyer, Potter and Mack",daniel62@smith-bowen.com,CA,E-commerce,2026-02-13,3,2704329.05
CUST_00012,"Gill, Romero and Rodriguez",meagan89@hernandez.net,TX,Construction,2025-03-17,3,4155553.09
CUST_00013,"Sellers, George and Burns",hickmannatasha@allen-allen.org,IL,Freelance,2025-09-20,5,3537630.59
CUST_00014,Miller Group,spenceamanda@anderson.net,FL,Construction,2024-07-02,1,4926846.53
CUST_00015,Baker PLC,ibrandt@vaughn.com,FL,Restaurant,2026-03-23,1,1931624.81
CUST_00016,Lam-Hayes,jeffreymorgan@spencer.com,IL,Consulting,2025-05-14,2,1882395.79
CUST_00017,Jones Inc,chad34@washington.org,WA,Restaurant,2024-11-06,1,3065198.48
CUST_00018,"Kennedy, Mueller and Aguirre",clintonhopkins@henderson-owens.com,AZ,Freelance,2024-10-07,5,858842.34
CUST_00019,"Valdez, Lucas and Brown",lauren13@lee.com,WA,Freelance,2025-03-18,2,3438840.54
CUST_00020,White-Ford,ramosmichelle@garcia.com,CA,Freelance,2026-03-13,1,4117922.84
CUST_00021,House and Sons,richardolson@barrera-martin.com,IL,Legal,2026-02-12,14,1375317.34
CUST_00022,Baker-Bowers,smitchell@cowan.com,NC,Healthcare,2024-11-07,3,1102501.39
CUST_00023,Phillips Inc,adkinsbrian@woods.com,GA,E-commerce,2025-06-19,4,757214.37
CUST_00024,"Miller, Lopez and Larson",richarddavid@sanchez.biz,FL,Construction,2024-09-13,1,3747718.37
CUST_00025,"Silva, Mills and Donovan",elizabethedwards@foster-powers.com,NC,Legal,2025-04-25,2,1841882.4
CUST_00026,Stewart-Walton,smithchristine@ferrell.com,AZ,E-commerce,2024-09-12,4,500001.59
CUST_00027,Mahoney Inc,mikemoore@warner.net,TX,Consulting,2024-07-03,1,3155857.91
CUST_00028,Contreras PLC,sarah12@wilson-rodriguez.net,GA,Restaurant,2026-02-01,6,1954598.19
CUST_00029,Nelson PLC,jenniferharris@farrell.com,CO,Construction,2025-09-02,2,4856837.97
CUST_00030,Walters LLC,smithkellie@whitney.biz,CA,Restaurant,2026-03-27,3,3424466.33
CUST_00031,"Smith, Jones and Ware",amydavenport@tran.com,WA,Healthcare,2025-07-18,2,602183.26
CUST_00032,Nolan and Sons,elizabethgomez@henson.com,NY,E-commerce,2025-04-30,19,66064.31
CUST_00033,Hancock and Sons,vjohnson@patton-jenkins.com,WA,Consulting,2025-12-09,4,2563024.29
CUST_00034,Moore-Haynes,ebrennan@gonzalez.com,WA,Freelance,2024-08-18,1,806554.38
CUST_00035,Hoover-Savage,andrewlee@ramirez-jones.com,NY,Retail,2026-01-09,8,3014775.69
CUST_00036,May-Ross,sheila14@carpenter.com,CA,Restaurant,2025-06-11,1,4649038.15
CUST_00037,Carlson LLC,samuel81@lam-lee.com,WA,Freelance,2026-04-10,5,336729.57
CUST_00038,"Graham, Meyer and Drake",michaeljones@mccall.com,NC,Restaurant,2026-04-09,1,473984.59
CUST_00039,"Mccullough, Hunter and Estrada",richard48@lee.biz,TX,Consulting,2025-06-09,1,685537.75
CUST_00040,"Adkins, Thompson and Carroll",akelley@mitchell-jordan.org,AZ,Consulting,2025-05-31,5,1362030.31
CUST_00041,"Pena, Marshall and Ramos",williamleon@jackson.org,NC,Legal,2026-04-05,8,4823596.38
CUST_00042,Davis-Crane,emilywalker@hernandez.com,FL,Construction,2025-07-20,5,2025011.88
CUST_00043,Carr-Mack,operry@lee.com,IL,E-commerce,2025-10-31,4,4503089.72
CUST_00044,Douglas Inc,osbornejeffery@holmes.com,TX,Freelance,2025-05-13,3,1162251.82
CUST_00045,Anderson-Marshall,stephanie79@mcclain.info,CA,Freelance,2025-02-14,1,2962778.57
CUST_00046,Manning Group,pgreen@ramirez.com,TX,Retail,2024-06-02,2,1183261.83
CUST_00047,Gonzales-Reeves,josephflores@miller.com,IL,Restaurant,2024-06-21,3,2595072.79
CUST_00048,"Lewis, Perry and Rivera",nperry@price-carrillo.com,CO,Freelance,2024-12-30,10,2719207.96
CUST_00049,"James, Smith and Bell",acastaneda@adkins.com,NC,E-commerce,2025-12-10,5,1252836.35
CUST_00050,Robinson-Graham,priceelizabeth@ramsey-pittman.com,GA,Freelance,2025-05-30,1,516912.69
CUST_00051,"Ferguson, Meadows and Vargas",millerroy@white-green.com,GA,Healthcare,2025-10-21,5,2146714.18
CUST_00052,Gibson LLC,aramirez@conley-ruiz.net,CA,Restaurant,2025-05-25,3,350032.74
CUST_00053,Cooke LLC,debraharrington@williams.com,IL,Restaurant,2025-12-14,2,1280848.85
CUST_00054,"Hernandez, Martinez and Caldwell",stevenscott@jackson-lawson.com,AZ,E-commerce,2024-10-22,7,743902.37
CUST_00055,Oconnell Inc,hickmanbarbara@sanders-espinoza.com,WA,E-commerce,2024-10-17,10,1286541.92
CUST_00056,"Vaughn, Burton and Garcia",melissa91@patton.com,CO,Restaurant,2024-07-25,9,300412.23
CUST_00057,Hunter LLC,atkinsonlynn@hamilton.info,CA,Restaurant,2025-07-21,2,4635516.57
CUST_00058,"Hernandez, Thompson and Boyd",christina87@graham-simon.com,FL,Consulting,2026-03-17,3,2061749.59
CUST_00059,Christian-Rivas,ramirezshannon@hudson-barnett.com,FL,Legal,2025-06-05,5,4517092.18
CUST_00060,Snyder LLC,tonykelly@peterson-beard.com,GA,Retail,2024-10-02,9,4927278.78
CUST_00061,"Smith, Vaughan and Miller",wfreeman@vaughn.info,CO,Construction,2024-12-19,3,2143887.06
CUST_00062,Mcguire-Davis,richardsanchez@perkins.biz,AZ,E-commerce,2025-12-16,3,816244.29
CUST_00063,"Pierce, Bell and Chavez",john13@wilson-herrera.com,FL,Retail,2025-01-13,1,2916942.44
CUST_00064,Robinson Group,jenny89@hooper-wall.com,CA,Healthcare,2025-07-22,1,332968.1
CUST_00065,Ward LLC,ericksondavid@mccann.com,CO,Consulting,2025-08-24,8,331553.92
CUST_00066,"Raymond, Little and Mullins",salasaudrey@mendoza-peterson.com,TX,Consulting,2025-06-26,13,389180.6
CUST_00067,Everett-Woods,moralescharles@parks.com,FL,Legal,2024-07-19,4,643438.74
CUST_00068,Mcknight Inc,yobrien@perez.info,NC,Freelance,2026-04-19,10,2915649.33
CUST_00069,Dalton-Branch,ashley09@garcia.com,NC,Restaurant,2024-06-27,5,2125163.33
CUST_00070,"Miller, Allen and Arnold",aaronhayes@harrison.com,NC,Healthcare,2025-08-24,2,4676795.98
CUST_00071,"Heath, Jones and Hall",kristin93@wilson-walker.com,IL,Freelance,2024-11-02,5,1364791.84
CUST_00072,Serrano-Jones,lauralarson@morse.com,WA,E-commerce,2024-09-06,15,1615077.12
CUST_00073,"Powell, Nelson and Fernandez",cmiller@navarro-munoz.com,TX,Retail,2026-01-01,4,2318513.34
CUST_00074,Perez Ltd,keyemily@johnston-hines.com,TX,Restaurant,2025-08-07,15,2711290.3
CUST_00075,Stone-Ramos,howard96@olsen.biz,WA,Consulting,2025-06-24,1,4669633.92
CUST_00076,Morris-Garcia,marksteele@bates-morales.net,TX,Freelance,2026-04-11,8,1879159.09
CUST_00077,Gibson LLC,marcus68@sandoval.info,CO,Construction,2024-09-27,4,3077804.94
CUST_00078,Brown-Stone,wgarrett@harris.com,AZ,Retail,2026-02-13,3,3355922.86
CUST_00079,Kim-Wolfe,johnsoncrystal@mckinney.net,WA,Restaurant,2025-08-01,4,4697703.52
CUST_00080,Tran Inc,victoriadurham@valentine-holland.com,WA,Restaurant,2024-09-09,1,4454077.9
CUST_00081,Cantu-Carter,robert77@bryant.biz,AZ,Consulting,2025-12-25,3,1398123.65
CUST_00082,Weeks PLC,michellehill@morgan-french.com,FL,Healthcare,2025-09-09,5,1057806.7
CUST_00083,Campbell LLC,cgrimes@washington.biz,WA,E-commerce,2025-10-02,14,1293050.2
CUST_00084,Cantu-Kane,ashleyhall@williams-garner.biz,CA,Restaurant,2026-03-15,2,3189708.01
CUST_00085,Mcneil-Sparks,tylerjohnson@sanford.info,WA,Retail,2026-03-02,2,67551.16
CUST_00086,Fox Group,bowenrobert@booker.com,NY,Construction,2026-01-16,2,849830.78
CUST_00087,Hanson-Sanders,christianmelissa@james.info,AZ,Legal,2025-05-05,9,2826488.98
CUST_00088,"Johnson, Jones and Welch",wendy16@hodges.com,TX,Consulting,2024-08-22,5,2750671.93
CUST_00089,Jackson-Evans,williamslaura@howard-jordan.com,IL,Consulting,2026-03-06,2,2177444.23
CUST_00090,"Jenkins, Maldonado and White",christianpitts@vega.com,WA,Healthcare,2024-06-29,6,4499958.37
CUST_00091,Little-Stevens,nolansteven@byrd-moore.info,CA,Healthcare,2026-02-05,4,1089878.86
CUST_00092,Huerta-Evans,dvaughn@gonzalez-cruz.info,TX,Healthcare,2024-12-07,9,3911575.4
CUST_00093,Young PLC,bailey40@foster.com,GA,Consulting,2026-04-14,2,4632530.92
CUST_00094,"Mcgee, Wall and Leach",catherinegomez@lee.com,NY,Consulting,2024-11-27,3,4413010.21
CUST_00095,"Davis, Burton and Williams",xjohnson@anderson.biz,NY,Healthcare,2024-06-15,3,3922813.16
CUST_00096,Gonzalez PLC,alyssa42@sloan-raymond.com,FL,Construction,2025-04-12,1,838029.32
CUST_00097,"Harrell, Brock and Mcdonald",taylortammy@ramsey.net,TX,Legal,2025-11-23,5,4367225.58
CUST_00098,Davis-Foster,amanda75@curry.com,CO,Freelance,2026-03-25,5,1037885.51
CUST_00099,Leonard Group,harveysherry@herman-walker.com,IL,Construction,2025-05-20,4,4111655.09
CUST_00100,"Colon, Blankenship and Turner",cwilson@torres.com,FL,Freelance,2026-04-04,3,167138.95
CUST_00101,Young PLC,paulwatson@horton.com,GA,Healthcare,2024-10-24,1,1429085.15
CUST_00102,Pena-Bass,rcrosby@vaughn.info,WA,Healthcare,2024-07-20,3,3225334.61
CUST_00103,Sampson-Foley,pollardmichael@howard.com,AZ,Healthcare,2025-04-03,3,4699223.84
CUST_00104,Davis-Lewis,williamsmatthew@buchanan.com,WA,Consulting,2024-08-25,2,2923919.18
CUST_00105,"Clark, Robinson and Kane",kim90@garrison-thomas.com,CA,Restaurant,2024-12-19,3,3003027.71
CUST_00106,"King, Thompson and Guerrero",andersonmichael@chapman.com,IL,Legal,2025-02-20,6,3050733.82
CUST_00107,Williams-Harmon,reesethomas@palmer-rodriguez.net,TX,Legal,2025-06-28,20,4502548.43
CUST_00108,Dougherty Inc,stephen00@boone-simmons.com,WA,Retail,2024-10-22,5,3558487.15
CUST_00109,Joseph-Wallace,morriseddie@hill.org,AZ,Freelance,2024-05-29,5,1852896.29
CUST_00110,"Joseph, James and Harper",shawn96@mcguire.net,IL,Healthcare,2024-07-21,4,3333768.01
CUST_00111,"Glenn, Jordan and Beasley",dmorgan@perry-davis.biz,WA,Construction,2024-09-01,1,3351119.88
CUST_00112,Ortega-Brooks,gloriawells@decker.biz,GA,Construction,2025-02-05,4,2794341.76
CUST_00113,Garner LLC,angelawillis@hoffman.biz,GA,Legal,2024-10-23,4,3402723.83
CUST_00114,"Williams, Roberts and Edwards",lanejason@olson.net,NC,Construction,2024-10-09,32,2060072.09
CUST_00115,Wilson-Ramirez,lindsaybruce@austin.com,CA,Construction,2026-03-06,3,1470222.9
CUST_00116,White Ltd,sandra50@kane.biz,NC,Healthcare,2025-04-26,5,2351691.54
CUST_00117,Thomas Ltd,davisalyssa@barnes-peterson.com,FL,E-commerce,2025-05-06,4,3978990.23
CUST_00118,Griffith-Frank,wareeric@williams.biz,NY,Restaurant,2026-02-04,1,1454742.7
CUST_00119,Lawson-Perry,kariwilson@rodriguez-gregory.org,NC,Healthcare,2025-10-25,11,512266.64
CUST_00120,Rose-Parker,randallgreene@harris.com,FL,Construction,2026-01-01,8,1161971.3
CUST_00121,Roberts-Wilson,lburgess@james.com,NY,Retail,2024-10-29,8,278757.9
CUST_00122,"Hansen, Barnett and Gomez",chensley@smith-morse.com,NC,Restaurant,2025-05-31,2,2304310.03
CUST_00123,"Patterson, Sullivan and Bowman",darius05@solis.info,NC,Freelance,2026-04-15,13,3605812.28
CUST_00124,"Gillespie, Davis and Richard",ryanmorales@foster.com,CO,Legal,2025-03-21,1,1257722.98
CUST_00125,Cook and Sons,dixondaniel@lee.com,CA,Restaurant,2025-10-19,7,3903181.01
CUST_00126,Garcia LLC,glennhernandez@jones.info,NY,E-commerce,2024-11-13,25,298581.01
CUST_00127,"Wolf, Cole and Glass",michelle52@jones-ramos.com,TX,E-commerce,2024-12-07,2,710028.57
CUST_00128,Vargas-Bell,collinsshannon@wood.com,AZ,Healthcare,2025-05-23,2,4752696.06
CUST_00129,"Lin, Wyatt and Gilbert",jford@huang.com,CO,Legal,2026-04-20,4,4161317.39
CUST_00130,Jacobs-Mason,hayeslisa@haas-miller.com,CO,Consulting,2025-07-27,2,3731094.44
CUST_00131,Wright Group,nwarren@cox.biz,CO,Construction,2025-05-31,1,3771295.09
CUST_00132,Schroeder-Shelton,mccormickdeborah@rivera.biz,WA,E-commerce,2026-03-11,4,3152404.76
CUST_00133,King-York,mathewaguilar@rangel.biz,CO,Restaurant,2024-12-26,1,3582047.07
CUST_00134,Larson Inc,angelica52@warner.net,WA,Healthcare,2024-11-25,6,1632562.36
CUST_00135,Lucas Group,andrew42@peterson.com,TX,Consulting,2025-07-21,2,796611.76
CUST_00136,Cooke and Sons,phillipskristin@wise.com,NY,Freelance,2025-03-21,15,367932.81
CUST_00137,"Rogers, Miranda and Anderson",lmoore@wise.info,IL,E-commerce,2025-04-09,2,2108082.46
CUST_00138,Jenkins Ltd,tarabishop@bowers.info,GA,Legal,2024-11-04,3,4528950.47
CUST_00139,Richardson PLC,smurray@shaw-barnes.com,CA,Legal,2025-08-24,8,2411049.68
CUST_00140,Solis and Sons,brett75@villa.com,WA,Legal,2025-02-24,1,4274567.36
CUST_00141,Miller-Martin,jwhitehead@davis-lozano.info,GA,Freelance,2026-03-07,5,2466735.91
CUST_00142,Arias-Perry,pshaw@vang-brooks.com,GA,E-commerce,2024-12-25,12,193672.86
CUST_00143,Galvan-Combs,lacey20@lowery-kennedy.com,GA,Consulting,2025-02-12,1,4210503.03
CUST_00144,"Harrison, Gilbert and Bullock",scottmary@bentley.com,NC,Retail,2024-09-03,5,4539297.87
CUST_00145,Turner Inc,robertbauer@brown-copeland.info,NC,Retail,2025-08-30,5,465539.94
CUST_00146,"Herrera, Chen and Andrews",kellysmith@allen-butler.com,NY,E-commerce,2025-04-25,8,949558.68
CUST_00147,"Villegas, Jones and Fox",myerstheodore@hughes.com,GA,Healthcare,2024-12-15,1,1097718.41
CUST_00148,Cooper Ltd,ingramjill@anderson-bell.com,IL,Legal,2025-02-05,1,1427370.25
CUST_00149,"Thompson, Maxwell and Marshall",zwelch@brown.com,GA,Construction,2026-03-04,6,4182809.03
CUST_00150,Harris-Moody,stewartkyle@hays-daniels.com,CA,Retail,2025-05-28,5,4999543.75
CUST_00151,Mullins and Sons,michael05@martinez-richardson.biz,FL,Restaurant,2025-02-23,5,3917103.6
CUST_00152,"Gonzales, Huber and Morgan",tylerjimenez@adams.biz,CA,Retail,2025-10-15,5,4750578.08
CUST_00153,"Carney, White and Carter",millerdonna@griffin-robbins.com,CA,Consulting,2024-10-29,2,1230797.46
CUST_00154,"Wallace, West and Acosta",christina64@whitney.biz,TX,Freelance,2025-05-30,5,2351918.22
CUST_00155,Palmer-Brady,stephaniethomas@gregory.com,IL,Consulting,2024-12-12,5,3049168.83
CUST_00156,"Diaz, Reyes and Bradley",erikarush@wallace-jones.com,TX,Consulting,2025-12-29,2,4825367.83
CUST_00157,"Richardson, Edwards and Ramirez",johnsonjacob@hughes.com,NC,Retail,2024-08-19,19,4647991.48
CUST_00158,"Griffin, Davies and Mitchell",igonzalez@hayes.info,GA,Legal,2025-08-17,6,4710279.46
CUST_00159,Cochran LLC,jenna88@vance-york.com,TX,Freelance,2024-10-28,1,554411.46
CUST_00160,Hicks-Martinez,laurayoung@johnson-spencer.com,WA,Restaurant,2026-01-17,7,3991324.72
CUST_00161,Lara-Arnold,jonesraymond@higgins.org,CA,Healthcare,2025-08-10,2,2687088.96
CUST_00162,Martinez LLC,coleerin@anderson-calderon.net,IL,Restaurant,2025-10-23,8,2554505.91
CUST_00163,"Matthews, Saunders and Anderson",guerraapril@martin-morris.com,CA,Legal,2025-02-16,11,4120538.04
CUST_00164,Meza-Stone,meghan43@huber.org,GA,Healthcare,2024-08-17,2,3196146.28
CUST_00165,"Davis, Davidson and Vargas",georgeweber@morgan.com,CO,Consulting,2026-03-02,9,2205661.37
CUST_00166,Williams Ltd,debra96@fowler.com,AZ,Construction,2025-12-18,6,3098766.15
CUST_00167,"Frye, Webb and Ballard",eevans@brown.com,CO,E-commerce,2025-07-19,8,2206093.74
CUST_00168,Lawson-Edwards,jessica56@hodges.net,NC,Construction,2025-12-16,20,1645407.69
CUST_00169,Flores Group,adamsjohn@williams.org,TX,Construction,2024-12-04,3,4414074.36
CUST_00170,Wright-Grimes,lisapeck@edwards.net,CO,Legal,2024-12-03,2,1715163.27
CUST_00171,Jimenez-Parker,davisphillip@levy-lewis.com,IL,Consulting,2025-06-15,2,2463372.17
CUST_00172,Williams Group,amitchell@jordan.com,WA,Healthcare,2025-02-27,2,1434309.52
CUST_00173,Diaz-Morales,michaelroberts@gordon-duran.com,WA,Retail,2025-09-02,4,2607304.9
CUST_00174,"Becker, Wilson and Hester",vbrooks@mcmillan.net,TX,Freelance,2024-10-23,5,3614369.59
CUST_00175,Porter-Williams,jenniferbrock@bryant.com,AZ,Freelance,2025-06-11,5,3468516.23
CUST_00176,"Flores, Long and Jensen",brittney88@burns.com,CO,E-commerce,2025-10-11,8,3975017.7
CUST_00177,Rivera-Rodriguez,ysilva@wiggins.com,WA,Freelance,2024-08-07,4,2051785.59
CUST_00178,"Patton, Parsons and Lane",silvageorge@griffith.com,WA,Healthcare,2024-12-02,14,2392639.42
CUST_00179,Armstrong Ltd,leescott@hernandez-vaughn.biz,IL,Legal,2025-07-14,3,4983325.75
CUST_00180,"Hampton, Knapp and Salas",thorntonapril@nguyen.com,IL,Healthcare,2025-07-29,39,3529131.96
CUST_00181,Stevens PLC,amy49@lee-wright.net,WA,Construction,2024-12-24,7,1191163.3
CUST_00182,Walker-Dudley,kellie37@castillo-castro.com,FL,Healthcare,2025-12-08,2,641795.97
CUST_00183,Martinez-Rhodes,zhuang@blevins-ballard.com,NY,Freelance,2025-07-17,1,1121103.97
CUST_00184,Roberts Ltd,reedscott@burgess-lewis.net,WA,Construction,2025-06-07,6,4903527.62
CUST_00185,Fitzpatrick-Horton,danielyang@sanchez.net,FL,Construction,2026-03-05,3,1176041.66
CUST_00186,Little Inc,gutierrezjennifer@maldonado.com,WA,Retail,2024-10-14,7,3554691.5
CUST_00187,"Spence, Moore and Delgado",mwoods@morris-brewer.com,WA,Retail,2024-09-03,6,4872759.91
CUST_00188,"Andrews, Nichols and Sharp",gentrygregory@peck.biz,WA,Consulting,2025-07-31,4,3207454.79
CUST_00189,Lopez-Curry,nancy04@morrison.info,CO,Restaurant,2026-01-02,2,4369962.69
CUST_00190,"Daniels, Snyder and Mays",znelson@rivera.info,WA,E-commerce,2025-08-16,1,2419635.33
CUST_00191,"Scott, Lopez and Doyle",ashley32@chase.net,NY,Retail,2025-02-16,3,1299768.03
CUST_00192,Miller-Caldwell,tinawoods@smith.com,CO,Restaurant,2026-03-28,8,4119472.44
CUST_00193,Molina-Finley,brandi90@valdez-schwartz.com,CO,Restaurant,2025-04-03,5,2906254.72
CUST_00194,"Wilson, Parker and Sullivan",hannah45@walker.info,CA,Consulting,2025-11-11,1,788528.04
CUST_00195,"Zhang, Brooks and Miles",ztodd@petersen.org,WA,Restaurant,2025-08-07,5,4969894.71
CUST_00196,Fox PLC,christian91@poole.com,AZ,Legal,2024-08-27,6,3051272.37
CUST_00197,"Herrera, Martin and Bond",nwilson@aguilar.com,NC,Freelance,2026-01-31,2,3889683.02
CUST_00198,Anderson-Perry,hansenemily@cummings-foster.com,CO,E-commerce,2025-03-19,5,1521898.01
CUST_00199,"Robinson, Jones and Henderson",weaverbrian@andersen.com,GA,Construction,2025-08-27,4,2864715.88
CUST_00200,Ortiz-Mack,ybrooks@kane-knox.biz,NC,Restaurant,2024-07-13,1,4740571.49
CUST_00201,Vega Ltd,desireebailey@haney.net,FL,Construction,2024-11-05,5,3319119.28
CUST_00202,Luna and Sons,avilatiffany@nunez-stephens.net,FL,Consulting,2024-09-26,7,2782361.62
CUST_00203,Morrow-Wright,eric31@pacheco.org,CA,Legal,2024-09-26,10,2279993.34
CUST_00204,Allen Inc,wheelersean@warner.biz,CO,Construction,2025-08-31,10,211567.28
CUST_00205,Young-Robinson,taylorvictoria@cabrera.org,WA,E-commerce,2025-01-06,1,402339.81
CUST_00206,Ray-Barton,joel28@gutierrez.com,WA,Freelance,2024-11-25,2,2154437.88
CUST_00207,"Fry, Hobbs and Buck",dpeters@david-powers.net,FL,Consulting,2025-07-24,6,4546636.65
CUST_00208,Horton-Russell,nicholas87@atkinson.com,NY,Restaurant,2026-02-28,6,345208.3
CUST_00209,Melendez-Hart,igrant@sanchez-harris.com,WA,Construction,2026-02-02,6,2223809.57
CUST_00210,Boone-Davis,brettbennett@morrison.org,WA,Legal,2025-05-26,97,4716247.39
CUST_00211,"Powers, Robinson and Clark",kevin03@hayden.info,AZ,E-commerce,2025-06-20,7,2216906.37
CUST_00212,Dominguez Ltd,randyallen@rowe-james.net,CA,Legal,2025-09-04,11,3685942.92
CUST_00213,"Howard, Green and Hunt",zowens@harrison.com,WA,Retail,2025-09-08,9,502068.09
CUST_00214,Gutierrez-Hart,joycesmith@donovan.com,NC,Retail,2025-11-02,7,4997883.46
CUST_00215,Rivera Group,victorpena@morgan.info,WA,Retail,2025-10-31,3,3827389.57
CUST_00216,Jackson-Norton,donaldpayne@stark.com,CO,E-commerce,2024-10-10,8,4584560.3
CUST_00217,"Johnson, Bradford and Landry",duranrobert@hall.net,NC,Legal,2024-10-15,2,3192184.36
CUST_00218,Brooks-Williamson,bhopkins@patel.com,TX,E-commerce,2025-06-13,3,1772407.23
CUST_00219,Moreno LLC,andre62@hull.com,IL,Restaurant,2025-02-10,3,4295778.82
CUST_00220,Lee PLC,lisa46@watson.info,GA,E-commerce,2025-02-07,4,1476678.09
CUST_00221,"Sanchez, Terry and Evans",valdezmichele@davis.biz,AZ,Retail,2025-04-03,28,2301388.25
CUST_00222,"Alvarez, Walsh and Warner",porterryan@knight-hodge.com,WA,Healthcare,2025-01-26,1,623811.93
CUST_00223,"Ellison, Hall and Valenzuela",enelson@frost.com,GA,Retail,2026-01-17,7,3305418.91
CUST_00224,Mcfarland LLC,alibrenda@nicholson.org,CO,Legal,2025-07-23,1,318310.22
CUST_00225,Knight Group,patrick21@mcgee.com,IL,E-commerce,2025-07-04,3,3145773.27
CUST_00226,Peterson PLC,unovak@walters.info,CA,Freelance,2026-01-08,10,1371928.38
CUST_00227,Kelly Group,llopez@james.com,WA,E-commerce,2024-09-06,4,4410190.76
CUST_00228,"Jones, Adams and James",jodistewart@davis.info,TX,Retail,2025-06-08,1,4867076.74
CUST_00229,Juarez-Garcia,lopezshane@hunt.net,FL,Consulting,2025-09-12,2,1588213.19
CUST_00230,Carlson LLC,asmith@maxwell-hardy.net,AZ,Legal,2024-06-07,7,511385.55
CUST_00231,Armstrong and Sons,rjackson@adams-thomas.com,TX,E-commerce,2026-03-12,2,4737950.67
CUST_00232,Hill-Evans,wardsheryl@weber.com,NY,E-commerce,2025-10-12,5,4666632.65
CUST_00233,Torres Group,meagan65@cook-ochoa.org,AZ,Construction,2025-01-09,4,2106677.2
CUST_00234,Evans PLC,timothythompson@novak-carter.info,CO,Freelance,2025-06-06,2,2311093.04
CUST_00235,"Casey, Nguyen and Ramirez",kdiaz@vargas.com,GA,Freelance,2024-09-17,24,4613247.34
CUST_00236,"Saunders, Johnson and Acosta",samuelcarter@jones.info,NY,Restaurant,2025-06-26,7,1417424.64
CUST_00237,Schultz and Sons,donna66@cole.info,GA,Healthcare,2026-01-31,1,4674529.55
CUST_00238,"Morales, Hunter and Knapp",ystephens@miles-burnett.org,WA,Retail,2025-06-26,5,1450052.97
CUST_00239,"Rocha, Rodriguez and Wright",gabriel90@terrell.com,NC,E-commerce,2025-01-14,2,4333039.94
CUST_00240,Rodriguez-Garcia,williamstone@watts.info,AZ,E-commerce,2025-05-09,8,1758363.51
CUST_00241,"Chapman, Mason and Cooper",webbkenneth@wilson.com,AZ,Legal,2025-07-30,2,2303955.85
CUST_00242,Collins-Gibson,adrianabailey@kim.info,FL,Freelance,2025-02-01,4,2880398.33
CUST_00243,Jones-Williams,johnsonmatthew@byrd.com,GA,Retail,2024-11-25,6,1624972.82
CUST_00244,"Thompson, Moore and Castro",zhall@lopez.com,GA,Legal,2025-05-30,8,4942649.31
CUST_00245,"Mendez, Gonzalez and Vargas",nsmith@ramirez.com,NY,E-commerce,2026-02-02,1,4825880.97
CUST_00246,"Garcia, Wiggins and Lopez",james14@huffman.org,AZ,Healthcare,2024-09-02,3,4355016.55
CUST_00247,Carr-Matthews,michael79@cervantes.com,CO,Restaurant,2026-04-06,3,2653457.88
CUST_00248,"Lawrence, Powers and Edwards",kevinwhite@thomas.org,CA,Consulting,2025-05-17,2,2079394.17
CUST_00249,Henderson-Tucker,angelaburns@lopez.org,NY,Restaurant,2025-10-18,18,2373978.47
CUST_00250,Glenn Inc,ytaylor@wagner.biz,IL,Legal,2024-12-19,6,3266691.43
CUST_00251,"Larsen, Burns and Miller",flynnjeffrey@hill.com,IL,Legal,2026-03-20,1,4772990.98
CUST_00252,Norman PLC,hdunn@wilson.com,CO,Retail,2025-09-26,9,3106424.33
CUST_00253,"Carson, Williams and Ball",veronicagarcia@potter.info,WA,Freelance,2024-11-26,24,3746493.52
CUST_00254,Bailey-Montoya,hgrimes@clark.org,TX,Restaurant,2025-04-29,10,2246208.83
CUST_00255,"Bell, Page and Chen",christinaglover@trujillo.com,WA,Retail,2025-11-17,1,277655.29
CUST_00256,"Campbell, Ryan and Morris",keith48@ochoa.biz,CA,Construction,2026-02-05,3,1824393.54
CUST_00257,Riddle Ltd,jacquelineanderson@dawson.biz,NY,Freelance,2025-04-27,12,2679273.27
CUST_00258,Thomas-Chen,ebrooks@norton.com,NY,Consulting,2025-08-10,2,916593.31
CUST_00259,"Mayer, Wood and Clements",brandi17@beck.net,GA,Freelance,2025-09-13,6,2513452.9
CUST_00260,Robinson-Jordan,troymorris@morgan-lane.org,NY,Freelance,2025-08-23,8,2332692.07
CUST_00261,Kramer-Shannon,williamsconnie@smith-noble.com,CO,Construction,2024-12-10,2,3350861.55
CUST_00262,Bryant-Braun,sharris@khan.com,CO,Construction,2026-04-25,4,3404173.88
CUST_00263,Davis-Ward,watsonrebecca@williams.com,TX,E-commerce,2024-09-27,1,4728916.39
CUST_00264,"Lyons, Young and Rios",smiththomas@wheeler.info,WA,Legal,2025-08-27,1,3467051.89
CUST_00265,Smith LLC,mcneilrobert@woods.biz,WA,Freelance,2025-05-17,3,4996899.15
CUST_00266,Cross Inc,edwardsnicole@reyes.com,CO,Restaurant,2026-03-21,1,1224168.22
CUST_00267,Moreno Inc,scottbowen@goodman.info,IL,Construction,2025-08-14,16,4963825.62
CUST_00268,Miller Inc,karenlawrence@bell-jordan.com,CA,Legal,2025-01-12,1,1408677.88
CUST_00269,Hill Inc,angelagreene@mitchell.com,CA,E-commerce,2025-08-10,3,4172552.55
CUST_00270,Holmes PLC,juliephillips@bowers.info,FL,Healthcare,2025-01-04,4,1134072.47
CUST_00271,Rodriguez-Porter,ricetiffany@peck-anderson.org,NC,Construction,2024-10-22,14,3404934.07
CUST_00272,Diaz-Vega,xbest@smith.com,NY,Restaurant,2025-12-08,1,4521848.34
CUST_00273,Lewis-Livingston,ohunter@mason.com,CA,Construction,2025-10-11,11,3953621.9
CUST_00274,"Herrera, Jensen and Ramirez",christian32@murphy.com,NC,Healthcare,2024-06-22,4,3675180.85
CUST_00275,Hale-Blair,brianmiller@wilson-salazar.com,WA,Healthcare,2024-08-05,2,3750030.28
CUST_00276,Wade-Barrett,davidzimmerman@smith.net,FL,Consulting,2024-10-11,6,3943238.41
CUST_00277,"Green, Watson and Brady",jessica10@roman-nelson.com,IL,Construction,2026-04-08,5,4160839.47
CUST_00278,Joseph-Ray,crawfordwilliam@porter.com,CO,Construction,2024-12-13,2,3745468.79
CUST_00279,Moore-Ayala,perezwilliam@trevino.com,TX,E-commerce,2025-02-14,4,4816321.8
CUST_00280,Ruiz Group,haroldhorne@tran.biz,FL,Legal,2024-09-14,3,4837985.25
CUST_00281,Morris Group,joseph19@wilson-nunez.com,AZ,Healthcare,2026-02-11,4,496999.23
CUST_00282,Walker PLC,finleycasey@cline-ayala.com,CA,Construction,2025-03-30,7,2706032.93
CUST_00283,Miller-Bryant,james94@dean.info,IL,Construction,2025-05-15,15,2943572.45
CUST_00284,Oconnor PLC,edwardrandolph@hall.com,IL,Restaurant,2026-02-25,1,3390440.95
CUST_00285,Smith-Sandoval,dalton83@vasquez-brown.com,CA,Healthcare,2025-05-28,24,4580516.75
CUST_00286,"Ramirez, Williams and Hall",xhaynes@villegas-miller.com,TX,E-commerce,2024-11-15,1,4551468.81
CUST_00287,"Anderson, Wilkins and Jones",grahamtamara@carter.biz,GA,Restaurant,2025-01-17,3,741896.21
CUST_00288,"Decker, Nguyen and Chavez",charlesharris@rodriguez.com,WA,E-commerce,2024-06-25,7,624796.38
CUST_00289,Martinez-Howard,shannonford@davis.com,AZ,Consulting,2024-11-26,5,1973796.86
CUST_00290,"Terry, Williams and Huff",eddie35@palmer-byrd.com,AZ,Legal,2025-03-11,2,2957334.71
CUST_00291,Johnson Group,jhawkins@davis.com,NY,Legal,2025-12-13,3,3291863.39
CUST_00292,Smith and Sons,jamesmorales@mccoy.com,CO,Legal,2026-03-06,3,4698312.68
CUST_00293,Johnson Inc,rachelramos@davis.com,CA,Healthcare,2024-12-30,2,1125484.94
CUST_00294,Dunlap Inc,sandrahamilton@foster.com,FL,Healthcare,2025-05-08,8,541805.39
CUST_00295,Lewis-Lopez,sean20@harvey.biz,IL,Healthcare,2025-11-11,5,349722.94
CUST_00296,"Mendoza, Miller and Reyes",zgonzalez@wright.com,FL,Restaurant,2024-12-27,2,4747603.4
CUST_00297,Casey-Howard,kcooper@morris.org,CO,Restaurant,2026-02-26,9,3330705.25
CUST_00298,Johnson LLC,stokesthomas@wang-key.com,NC,Retail,2025-10-08,5,300363.63
CUST_00299,Wright and Sons,amanda03@bradford.com,FL,Consulting,2025-02-10,8,3945541.59
CUST_00300,Young LLC,robin05@elliott.info,TX,Freelance,2024-11-03,7,2952596.26
CUST_00301,"Parker, Henry and Davis",carolynsmith@smith-hardin.com,FL,Healthcare,2026-02-18,2,3883124.46
CUST_00302,Peterson and Sons,brian29@stark.com,NC,Retail,2026-01-30,2,1422510.49
CUST_00303,Brooks Ltd,vwillis@morris-daugherty.biz,NY,Construction,2024-09-17,8,4002643.43
CUST_00304,"Yu, Banks and Thompson",jeffrey92@parker-barker.com,CA,Consulting,2024-08-21,7,123558.62
CUST_00305,Daniel Ltd,xrosales@johnson.org,FL,Healthcare,2026-01-31,4,128116.36
CUST_00306,Bowman Inc,vtaylor@young.com,CA,Consulting,2024-12-19,4,3721504.38
CUST_00307,"Mcclure, Davis and Fletcher",sean43@steele.com,TX,Restaurant,2025-07-10,12,2407417.53
CUST_00308,Le Inc,akim@wilkerson.biz,IL,Restaurant,2026-01-22,2,2287426.83
CUST_00309,Payne-Garcia,kkramer@chang.com,NC,Retail,2024-11-15,6,3649852.84
CUST_00310,Smith-Green,jonesgeorge@martin-jones.com,AZ,Construction,2026-04-01,3,2317310.48
CUST_00311,Wheeler-Austin,bbush@martin.com,CA,E-commerce,2024-06-20,3,4244127.79
CUST_00312,Harris-Lee,donna43@williams.net,TX,E-commerce,2025-04-23,10,3576386.51
CUST_00313,Hernandez-Ward,qmiller@greene.com,TX,Restaurant,2025-05-07,8,1644453.51
CUST_00314,"Carter, Miller and Anthony",kristen77@baker.com,TX,Consulting,2024-09-19,8,1411329.2
CUST_00315,Wood-Griffin,scott43@elliott-hernandez.com,NC,Healthcare,2025-10-01,12,1935476.77
CUST_00316,Barnett PLC,larellano@spencer.net,AZ,Construction,2025-09-03,4,2295891.32
CUST_00317,Sheppard-Mcdaniel,parmstrong@evans-foster.com,GA,Restaurant,2025-09-09,7,3975825.66
CUST_00318,"Duncan, Black and Duncan",davidtodd@rush.com,AZ,Freelance,2024-08-24,3,2178846.21
CUST_00319,Martinez Group,mcneilryan@hernandez.com,FL,Legal,2026-04-17,5,1727711.51
CUST_00320,Hughes Group,melissa87@buchanan.org,GA,Legal,2025-05-14,4,3661581.91
CUST_00321,"Harrington, Rodriguez and Hernandez",buckleyanna@floyd.com,GA,Healthcare,2025-01-25,4,3342283.92
CUST_00322,Baker-Pena,rjohnson@thomas-franklin.biz,NY,E-commerce,2025-03-14,7,382309.88
CUST_00323,Foster LLC,brandonalvarez@prince-smith.com,TX,Restaurant,2026-03-04,2,2187788.77
CUST_00324,Ramirez-Vasquez,comptonjeremy@mccann-ramos.com,IL,Consulting,2025-12-27,23,2804035.14
CUST_00325,Daniel-Jacobs,lopezjason@figueroa-malone.com,AZ,Healthcare,2025-08-26,2,3366565.66
CUST_00326,Robertson and Sons,collinswilliam@deleon.org,IL,Legal,2025-04-11,1,4347056.14
CUST_00327,Thompson and Sons,wrightstephen@bush-hill.info,CA,Construction,2025-12-08,11,3022029.95
CUST_00328,"Sanders, Leblanc and Maldonado",nathanwheeler@horne.org,TX,Freelance,2025-02-24,8,815914.37
CUST_00329,"Bailey, Martin and Kline",mitchellpaul@nash.com,FL,Restaurant,2025-06-06,7,1783064.27
CUST_00330,"Perez, Clark and Pearson",hancocktammy@smith.org,IL,Restaurant,2025-08-02,7,3824897.88
CUST_00331,Walker PLC,jennifer46@york-stevens.com,FL,Legal,2025-08-16,4,4233518.05
CUST_00332,Turner-Meyer,asilva@key.net,NC,Retail,2026-01-13,2,3064524.83
CUST_00333,"Wheeler, Campbell and Cohen",rbrown@nguyen.com,WA,Retail,2025-10-20,4,943059.56
CUST_00334,Hernandez and Sons,trujilloleah@powell.com,WA,Healthcare,2025-11-24,2,1787565.93
CUST_00335,"Jimenez, Phillips and Meadows",cprice@erickson.com,NY,Legal,2024-10-15,9,394447.84
CUST_00336,"Nichols, Glover and Knox",william28@carter.com,CA,Restaurant,2025-12-24,3,3743253.22
CUST_00337,"Green, Stokes and Hines",staceylam@davis.com,GA,Legal,2024-11-10,2,2295546.66
CUST_00338,French-Rivera,brenda71@brown-walters.org,IL,Construction,2024-09-26,3,3621900.04
CUST_00339,"Jones, Preston and Mason",amoreno@pitts.com,NC,Restaurant,2026-01-21,6,4422543.81
CUST_00340,Cooper PLC,tthomas@maxwell.com,NY,Retail,2024-09-25,2,3386145.12
CUST_00341,"Hatfield, Edwards and Brown",whill@johnston.info,CO,Legal,2024-12-25,2,2454025.44
CUST_00342,Anderson Group,epowell@smith-ferguson.com,GA,Construction,2025-05-06,5,1117066.38
CUST_00343,Mcclain PLC,andrewsmith@wright.com,TX,Healthcare,2025-06-29,5,2178072.49
CUST_00344,Reyes PLC,gary04@bryant-meyer.net,NC,E-commerce,2025-01-02,2,2658323.83
CUST_00345,Hamilton-Mcdaniel,matthewvalenzuela@christensen-martin.biz,CA,Freelance,2025-01-22,3,2006553.81
CUST_00346,Perez Ltd,jasonjohnson@jackson.com,CA,Retail,2025-09-05,5,1061894.47
CUST_00347,Mcdowell-Scott,wheelerbrandon@valdez.com,NY,Construction,2024-11-07,1,1482763.3
CUST_00348,"Wilson, Wallace and Martinez",thomas23@jennings.com,CA,E-commerce,2024-08-28,1,3747719.91
CUST_00349,"Meyer, Dean and Haynes",grivas@higgins.com,NY,Legal,2024-10-11,2,2686282.62
CUST_00350,Gonzalez-Gonzalez,marie35@ortiz.com,AZ,Healthcare,2024-11-22,3,406773.71
CUST_00351,"Fitzpatrick, Rivera and Smith",meadowsmary@snyder.com,CA,Legal,2026-03-28,5,142770.61
CUST_00352,"Cummings, Conway and Newman",shinton@marshall-garcia.com,IL,Legal,2024-07-27,14,2888328.42
CUST_00353,Phelps LLC,ronald11@smith.com,GA,Construction,2025-11-29,8,620108.19
CUST_00354,Howard-Kim,natalie15@white-morales.info,IL,Consulting,2024-06-12,3,4016544.66
CUST_00355,Houston-Vaughn,pmarsh@wilson.com,CO,Healthcare,2025-09-19,4,486242.91
CUST_00356,Garcia PLC,rpham@white-james.com,TX,Freelance,2026-03-14,2,2206598.81
CUST_00357,"Johnson, Cohen and Roberson",timothyfreeman@alexander-brown.com,AZ,Restaurant,2025-04-03,4,2009045.15
CUST_00358,Bush Ltd,tiffanysantiago@stone-watts.org,IL,Freelance,2025-01-23,3,1698689.68
CUST_00359,Reynolds Ltd,timothyalvarado@cruz.org,TX,Restaurant,2024-10-05,5,2676493.86
CUST_00360,Smith and Sons,kchristian@walton.com,IL,Healthcare,2024-10-25,2,3650526.57
CUST_00361,Cordova-Williams,andreagray@miller.org,NY,Freelance,2026-02-22,6,558882.41
CUST_00362,Miller-Jimenez,david70@powell.net,FL,Consulting,2024-12-12,15,3031874.98
CUST_00363,"Smith, Davis and Munoz",pamela83@powers.com,TX,Consulting,2026-01-08,4,4758896.1
CUST_00364,Richard LLC,xmoran@chavez.com,CO,E-commerce,2025-09-27,6,3784506.83
CUST_00365,Kelly-Schultz,amy51@prince.com,NC,E-commerce,2026-01-07,7,3421610.72
CUST_00366,"Newton, Ortiz and King",jacobconrad@lewis-summers.com,NC,Healthcare,2026-04-12,3,4328022.03
CUST_00367,"Morgan, Sherman and Williams",bartonshannon@lawrence.com,IL,Consulting,2025-09-26,5,2226825.94
CUST_00368,"Fitzgerald, Tran and Reynolds",xglass@holt.com,CO,Construction,2025-05-26,4,3991831.91
CUST_00369,Hughes PLC,william66@moon.com,CA,Healthcare,2025-08-30,4,2561317.58
CUST_00370,Chavez-Anderson,vmorrison@evans.net,CO,E-commerce,2025-01-23,2,236155.87
CUST_00371,"Robinson, Clark and Klein",samantha22@daniels.com,WA,Restaurant,2025-03-10,4,3241099.02
CUST_00372,"Castillo, Duncan and Contreras",icraig@rich-henderson.com,TX,Legal,2026-03-23,6,2340422.71
CUST_00373,"Rodriguez, James and Brown",gonzalezkaren@terrell.com,CA,E-commerce,2025-08-01,14,4549797.29
CUST_00374,Franco Ltd,james80@cervantes-garcia.net,FL,Healthcare,2025-08-14,9,3044778.88
CUST_00375,Newton PLC,yyoung@roberts.biz,NY,Retail,2025-06-21,25,2280089.39
CUST_00376,Frye-Daugherty,tammy00@king.info,IL,Restaurant,2026-02-16,2,2547517.56
CUST_00377,Pruitt Ltd,kari89@parsons.com,CA,Freelance,2024-10-08,9,3552727.44
CUST_00378,Thompson-Fleming,sydneymoss@bennett.com,AZ,Consulting,2025-05-04,5,1851294.9
CUST_00379,"Baker, Martin and Singleton",riverajenna@williams.org,GA,Legal,2025-01-02,25,3883600.7
CUST_00380,Ayala Ltd,tracy98@jones-zimmerman.net,NC,Retail,2025-11-06,2,3956673.31
CUST_00381,Krueger PLC,hartmanerik@herrera.com,IL,Restaurant,2025-10-12,2,1681969.24
CUST_00382,"Rivera, Ward and Robinson",wbarajas@smith.org,GA,Construction,2025-08-04,2,1297379.14
CUST_00383,"Sanchez, Williams and Blackwell",hmoon@scott-ramsey.com,NC,Consulting,2026-03-20,1,1700142.08
CUST_00384,"Short, Brooks and Lang",stucker@lee.com,NY,Healthcare,2025-08-23,2,1585647.1
CUST_00385,"Ferguson, Sims and Clark",michellecoleman@harris.biz,GA,Consulting,2025-10-19,2,2995454.08
CUST_00386,"Montoya, Jones and Parks",stevensmartin@jones.com,WA,Legal,2024-08-01,5,3235291.65
CUST_00387,"Jones, Underwood and Bartlett",ohughes@hamilton-smith.com,NY,Restaurant,2025-02-06,5,3247822.86
CUST_00388,"Smith, Cortez and Brown",haynescharles@rodriguez.com,AZ,Healthcare,2025-04-21,20,140241.16
CUST_00389,Hubbard-Kim,bshort@moore-robinson.biz,NY,Freelance,2025-01-22,9,1741575.11
CUST_00390,"Phillips, Walters and Evans",susan08@thomas.biz,CO,Freelance,2026-01-12,2,1171388.08
CUST_00391,"Kelley, Miller and Clark",jason82@white.com,NY,Restaurant,2024-09-11,2,1514170.9
CUST_00392,Wilson Ltd,yorksarah@murray.com,TX,Retail,2026-01-29,6,3326549.72
CUST_00393,Garcia-Swanson,wlynn@lambert.com,NC,Consulting,2026-04-08,1,3006369.88
CUST_00394,Harvey-Mccullough,todd59@torres.com,NY,Consulting,2024-09-24,19,4165158.03
CUST_00395,Benjamin-Jackson,john36@larsen-taylor.com,NC,Consulting,2026-01-16,11,3619855.84
CUST_00396,Ford-Howard,tony12@obrien.com,GA,Healthcare,2024-06-30,3,3397996.46
CUST_00397,"Gonzalez, Gross and Sims",mcclainmelissa@johnson.org,CO,Construction,2024-11-28,1,3774336.27
CUST_00398,Escobar PLC,amy87@rowe.org,CO,Freelance,2026-01-26,13,2693355.19
CUST_00399,"Vincent, Anderson and Mason",sanderswayne@allen.com,CO,Freelance,2025-01-23,4,1870812.74
CUST_00400,"Taylor, Moore and Knight",jillwebb@williams-juarez.com,CO,E-commerce,2025-08-13,12,3858720.83
CUST_00401,Baker and Sons,barnettapril@hughes-hardin.com,GA,Legal,2026-01-22,1,4833027.36
CUST_00402,Hooper LLC,padillaadrienne@davenport-baker.net,FL,Consulting,2026-02-21,2,4371359.5
CUST_00403,"Thompson, Valdez and Diaz",blacknicholas@black.com,CO,Healthcare,2024-07-07,4,2794976.69
CUST_00404,Sparks-Eaton,shawdon@hall.com,AZ,Restaurant,2024-08-15,4,1461061.92
CUST_00405,Hernandez and Sons,carolyn13@shepherd-cortez.info,NY,Construction,2026-01-10,3,2274130.14
CUST_00406,"Mendoza, Clark and Martin",cjohnson@berry.com,NY,Legal,2025-06-30,7,503982.17
CUST_00407,"Hunt, Macdonald and Thomas",jonathanwhite@greene-elliott.com,CO,Healthcare,2024-11-16,1,4655836.04
CUST_00408,"Luna, Nicholson and Valentine",shanehaney@jackson-greer.org,CA,Legal,2025-04-14,3,2534935.22
CUST_00409,Norton and Sons,gary57@garza.com,GA,Restaurant,2024-11-26,4,1905817.73
CUST_00410,Harris PLC,mserrano@thompson.org,IL,Restaurant,2024-06-18,6,4203922.62
CUST_00411,Rich PLC,davisdonna@ryan.biz,IL,Consulting,2025-10-14,7,731117.96
CUST_00412,"Fisher, Golden and Wolfe",zperez@clarke-james.org,CO,Consulting,2025-01-05,1,3806263.72
CUST_00413,"Velez, Hood and Johnston",eanderson@kent.com,CO,Retail,2025-05-27,1,4533994.57
CUST_00414,"Mcdowell, Ortiz and Lopez",lanedavid@brooks.com,WA,Freelance,2024-06-11,12,4183067.34
CUST_00415,Cox-Moore,jose86@diaz.com,NC,Legal,2025-07-27,5,600374.96
CUST_00416,Arnold-Grant,mitchellpeters@hinton-lane.biz,FL,Construction,2025-01-06,2,653149.31
CUST_00417,"Taylor, Shields and Wilson",seanlyons@garcia.biz,GA,E-commerce,2024-11-28,15,360895.4
CUST_00418,Owen-Mendez,martintamara@brock.info,CO,Retail,2026-03-08,4,3178176.96
CUST_00419,"Graham, Brown and Walker",lynchjenny@mendez-meyer.org,FL,Consulting,2025-08-17,11,1491796.34
CUST_00420,Bautista and Sons,mgonzales@galvan.org,NC,Healthcare,2024-05-28,4,1240792.98
CUST_00421,"Black, Hall and Jackson",warddiana@miller.biz,NY,Restaurant,2025-04-16,23,2641248.56
CUST_00422,Caldwell-Sullivan,aprilmclaughlin@calhoun.com,TX,Retail,2025-03-03,18,1982745.98
CUST_00423,"Gallegos, Herman and Bailey",jeremy37@andrews-green.biz,CA,Legal,2025-05-27,3,4906145.14
CUST_00424,"Rodriguez, Jones and Phillips",prattsue@li.biz,CA,Healthcare,2024-12-10,9,3953174.08
CUST_00425,"Webb, Sanchez and Morgan",lmaldonado@olson.com,FL,Restaurant,2025-02-19,7,3868931.8
CUST_00426,Schultz-Gamble,laurengutierrez@black-smith.com,IL,Consulting,2025-12-19,13,269461.66
CUST_00427,Mitchell Group,charles27@gomez-shannon.com,IL,Consulting,2025-07-25,2,4160399.1
CUST_00428,Valentine Ltd,victorgonzalez@allen.com,CO,E-commerce,2025-11-10,7,3177092.45
CUST_00429,"Kelly, Maxwell and Wilson",loweelizabeth@smith.info,NY,Restaurant,2026-02-17,10,3594423.04
CUST_00430,Oliver-Vasquez,travis84@walker-ray.com,CA,Construction,2025-05-18,1,1047875.41
CUST_00431,"Lloyd, Mendoza and Fernandez",phillip27@wolfe.com,FL,Retail,2026-02-01,1,1612199.31
CUST_00432,"Smith, Craig and Gray",nguyenchloe@lopez-baker.com,AZ,Legal,2025-01-23,1,4946157.38
CUST_00433,Mullen-Cooper,victorclark@goodwin.info,CO,Construction,2025-07-23,3,231272.82
CUST_00434,Duncan PLC,lisale@peters.com,FL,Construction,2025-10-12,7,1817022.17
CUST_00435,Marsh Ltd,thomassmith@porter-cowan.net,CA,Healthcare,2026-01-24,14,1402422.2
CUST_00436,"Le, Floyd and Evans",rosshannah@lewis.info,IL,Legal,2026-02-07,4,4452958.26
CUST_00437,"Davis, Garner and Green",ann45@jenkins.org,CO,Legal,2025-12-26,16,1728231.31
CUST_00438,Ray Ltd,tiffanymitchell@nunez-freeman.info,CO,E-commerce,2024-10-19,1,1868367.29
CUST_00439,James LLC,jwelch@davidson.biz,AZ,Construction,2026-02-05,1,4015683.03
CUST_00440,"Salazar, Sullivan and Meadows",martinjeremy@delgado-page.org,GA,Restaurant,2025-12-13,4,2181505.4
CUST_00441,"Foster, Barron and Norman",julie87@jackson-dickerson.com,NY,Construction,2026-02-25,6,1639996.57
CUST_00442,"Young, King and Manning",clarkrandy@brown.net,IL,Construction,2024-07-28,4,1567154.49
CUST_00443,Johnson Group,garciachristine@pena.com,GA,Consulting,2025-09-07,1,3464335.8
CUST_00444,Wright LLC,isims@roberson.com,CO,Retail,2025-02-24,4,3647731.26
CUST_00445,Mcdonald-Pitts,amy28@garza.org,NC,Legal,2025-02-25,1,1409049.03
CUST_00446,Mills-Fowler,regina78@ballard.com,CA,Restaurant,2026-02-01,7,3372360.25
CUST_00447,Gutierrez-Moore,smithlisa@cooper.net,IL,Consulting,2025-04-08,6,4766307.51
CUST_00448,Watts Group,xevans@yates-harper.com,NC,E-commerce,2024-09-15,2,222254.88
CUST_00449,"Brooks, Jenkins and Castro",twright@brewer.com,FL,Healthcare,2024-07-18,2,1842645.38
CUST_00450,Garrett-Black,justin84@lopez-jones.com,CA,Consulting,2025-08-11,1,3411357.18
CUST_00451,Rodriguez-Gibson,nnelson@lopez-smith.com,IL,E-commerce,2025-03-11,4,3827268.14
CUST_00452,"Johnson, Compton and Campbell",jenniferacosta@davis.info,NY,Healthcare,2025-08-16,9,2020268.53
CUST_00453,Peterson LLC,dbolton@moody.com,WA,Freelance,2025-10-14,2,4804574.26
CUST_00454,Adams Group,danielshunter@roth-clayton.com,NY,E-commerce,2024-06-16,6,2612839.11
CUST_00455,"Wright, Wise and Ramos",gonzalezjill@boyd.info,TX,Construction,2025-08-06,2,3886074.19
CUST_00456,Maldonado-Collins,eric08@martinez.com,CO,Freelance,2025-11-25,2,4982007.31
CUST_00457,Boyer and Sons,youngryan@jackson.org,CO,Freelance,2025-01-04,4,657055.24
CUST_00458,Foster and Sons,novakbianca@alvarez.com,TX,E-commerce,2026-03-21,1,904649.0
CUST_00459,Moore Inc,sarah00@newman-miles.com,CO,Restaurant,2025-12-02,2,4062040.43
CUST_00460,Freeman LLC,linda73@norris.com,IL,Healthcare,2026-03-15,1,3562225.41
CUST_00461,Roach-Washington,ihansen@henry.com,AZ,Construction,2025-07-28,21,4462091.83
CUST_00462,"Mcdonald, Dillon and George",caseymoore@weiss-weaver.info,NY,Consulting,2026-03-19,4,3978797.1
CUST_00463,Parsons PLC,bgross@vincent.com,FL,Restaurant,2025-06-26,2,4926406.11
CUST_00464,"Coffey, Fuentes and Lee",jcannon@campbell.com,NY,Freelance,2026-02-01,5,3962346.65
CUST_00465,"Hopkins, Williams and Pace",morganharris@lee-johnson.biz,IL,Healthcare,2024-06-17,4,2363658.9
CUST_00466,"Burns, Hanson and Garza",diazcatherine@smith.info,NY,Restaurant,2025-07-30,3,375453.12
CUST_00467,Mcdonald Ltd,wardjulia@short-bauer.com,CO,Legal,2025-04-01,7,3857364.52
CUST_00468,"Baker, Williams and Jones",christian38@garcia.net,NC,Restaurant,2026-02-26,8,670367.57
CUST_00469,Lopez-Fox,ashleymeza@curry.org,TX,E-commerce,2025-01-28,2,2355874.34
CUST_00470,Craig-Park,kandrade@pierce.com,IL,Consulting,2025-07-03,2,4395902.75
CUST_00471,"Moore, Murillo and Ramos",rachel85@gutierrez-schultz.com,AZ,Consulting,2026-01-23,3,3850519.1
CUST_00472,"Allen, Gardner and Brooks",michael77@smith-johnson.com,GA,Retail,2024-09-04,1,4165384.49
CUST_00473,"Smith, Taylor and Zamora",evansjeffrey@smith-short.com,NY,Construction,2025-07-04,1,865052.55
CUST_00474,"Dixon, Duncan and Duncan",johnsonmichael@baker.com,FL,Healthcare,2025-02-02,13,4740041.53
CUST_00475,Scott LLC,duncanashley@navarro.com,WA,Restaurant,2025-07-04,16,1290496.28
CUST_00476,Thompson-Petersen,larsonkevin@stokes.com,AZ,Construction,2025-10-02,3,669592.96
CUST_00477,Hobbs-Hamilton,kanejeremy@atkinson.biz,NC,Restaurant,2025-01-17,7,2537737.07
CUST_00478,Torres Inc,amber25@wolfe.biz,NC,Consulting,2024-10-05,5,897443.08
CUST_00479,Mullins-Johnston,walkerkeith@hernandez-rogers.info,NC,Healthcare,2025-09-24,52,4220523.52
CUST_00480,"Mcgee, Kelley and Baker",xshaw@anderson.info,CA,Retail,2025-08-08,10,452053.13
CUST_00481,Pearson-Gonzalez,johnadams@morris-glass.com,NC,Construction,2025-10-07,4,3273093.39
CUST_00482,Powers Group,michael55@rios.com,NC,Legal,2026-01-13,2,3109636.71
CUST_00483,"Underwood, Lang and Hanson",owilliams@jennings.com,CO,Construction,2024-06-20,1,3227441.08
CUST_00484,Singh and Sons,mistywilkins@cooper.com,CO,Freelance,2025-01-17,5,4033206.36
CUST_00485,Ruiz-Rivera,jamesmills@dunn-dean.com,GA,Construction,2025-11-10,2,2295043.46
CUST_00486,"Hale, Smith and Aguilar",scottbrian@mccormick.com,CA,Consulting,2025-11-13,1,2226047.22
CUST_00487,Marshall Inc,pricejoseph@ward.biz,CO,Freelance,2025-06-07,2,1733953.21
CUST_00488,Whitney PLC,mckeetodd@schmidt.info,IL,Healthcare,2024-09-16,1,3684288.79
CUST_00489,"House, Smith and Wright",matthew62@reed.com,IL,Legal,2026-03-27,17,697292.45
CUST_00490,"Turner, Ferrell and Irwin",lisa46@raymond.com,AZ,Restaurant,2025-03-11,9,1629623.64
CUST_00491,Peterson Group,christopherreyes@salazar.com,TX,Construction,2025-05-25,4,2275500.26
CUST_00492,"Hernandez, Waller and Browning",shane23@taylor.com,TX,Retail,2024-09-14,14,1486549.42
CUST_00493,Barker-Roach,russellstout@douglas.com,NC,Legal,2025-03-22,4,1278937.89
CUST_00494,Jones-Patel,whitemary@acosta.biz,NY,Healthcare,2026-03-30,2,4672070.1
CUST_00495,Turner-Reese,edwin31@lopez.org,IL,Freelance,2025-12-08,15,3827450.81
CUST_00496,Obrien-Salazar,jerryjohnson@watts.com,AZ,E-commerce,2025-06-18,6,2518860.56
CUST_00497,"Mathis, Harrison and Banks",melissahenry@martin.com,CO,Retail,2025-01-22,1,495743.02
CUST_00498,Duran-Smith,stephanie33@jones.org,AZ,E-commerce,2025-03-29,3,4835098.82
CUST_00499,Watts-Delacruz,ronaldparsons@moss.org,NC,Healthcare,2024-11-10,2,290857.76
CUST_00500,"Armstrong, Herrera and Davidson",meyershannon@rich.net,CO,E-commerce,2025-01-01,1,1464454.49
CUST_00501,"Foster, Moss and Grant",leescott@ayala-mitchell.com,TX,Legal,2024-06-03,9,712977.97
CUST_00502,Phillips-Ellison,stevenlucas@sharp.com,IL,Legal,2024-12-19,20,1861389.89
CUST_00503,"Pace, Horton and Taylor",bmorris@chavez.com,CA,Freelance,2025-04-03,1,1844492.69
CUST_00504,Davis-Nguyen,jennifermartinez@mccarthy.com,TX,Legal,2025-01-06,7,2546064.87
CUST_00505,Mills Group,nicholasjames@barr.com,AZ,Construction,2026-01-11,2,4135291.02
CUST_00506,Melton and Sons,barneskyle@roberts-white.com,NC,Restaurant,2025-09-23,3,686883.78
CUST_00507,Smith LLC,ellismelissa@aguirre.com,GA,Healthcare,2024-08-10,2,3984741.28
CUST_00508,"Keller, Chavez and Ramos",sanchezamy@fuller.com,AZ,Healthcare,2025-02-15,2,3787077.6
CUST_00509,Brown LLC,thomasantonio@massey.com,NC,Legal,2024-10-29,4,2525385.62
CUST_00510,Butler and Sons,emilycarr@graves.info,CA,Consulting,2024-07-01,2,3582279.64
CUST_00511,"Riley, Huynh and Davis",marcus61@bridges-brown.info,CO,E-commerce,2026-02-11,5,787256.29
CUST_00512,Martinez LLC,alison83@clark.net,AZ,Consulting,2026-04-21,4,1673430.95
CUST_00513,Webb Ltd,ronald54@andrews.org,IL,Consulting,2025-09-15,3,1995125.21
CUST_00514,"Crawford, Daniel and Jimenez",nicolehall@krause-smith.com,WA,Healthcare,2025-09-18,2,2561209.18
CUST_00515,Garrett-Wilson,laurenduarte@williams-bailey.com,AZ,E-commerce,2025-06-27,2,3558262.04
CUST_00516,Davidson Ltd,jonathan14@hunter-nguyen.com,CO,Retail,2025-01-15,8,1873371.16
CUST_00517,Jennings LLC,nramsey@collier.com,TX,Legal,2025-11-02,6,2939325.6
CUST_00518,Nielsen-Mendoza,probles@olson.info,CA,E-commerce,2026-02-05,2,1364375.66
CUST_00519,"Huang, Ford and Olsen",conleykevin@gregory.org,NC,Freelance,2025-10-18,4,3620930.56
CUST_00520,"Rivera, Hendricks and Flynn",montesjuan@morgan.net,CO,Consulting,2025-08-23,8,2644950.05
CUST_00521,Duncan Group,brookehancock@thornton-edwards.com,NC,Legal,2025-12-08,1,781489.76
CUST_00522,Gutierrez-Crawford,nathangallegos@robinson-turner.com,FL,Retail,2025-11-07,6,2884222.84
CUST_00523,Glover-Strickland,wallaceangel@stein-moore.com,TX,Freelance,2025-11-22,2,143739.97
CUST_00524,Oconnor-Mills,douglas18@haney.biz,GA,Consulting,2025-01-26,7,2094152.54
CUST_00525,"Hancock, Wilson and Collins",mcdanielbrooke@cook.com,GA,E-commerce,2024-11-02,2,4370447.66
CUST_00526,"Miranda, Reese and Johnson",danielle35@lee.net,CA,Consulting,2025-12-20,1,2617481.9
CUST_00527,Mejia-Lambert,edward41@mullen.net,IL,E-commerce,2025-08-06,1,2651111.9
CUST_00528,Clark LLC,joseph49@jackson.org,NY,E-commerce,2025-01-26,4,4565014.6
CUST_00529,Fernandez-Williams,ruizemma@reyes.biz,AZ,Healthcare,2025-02-17,5,3395549.45
CUST_00530,White-Carlson,tjensen@roth-marquez.net,WA,E-commerce,2026-04-01,2,1001707.64
CUST_00531,Beltran Group,christopherlang@mcdonald.info,WA,Construction,2024-12-05,7,1163091.84
CUST_00532,Hall-Walker,roberta62@stark.com,WA,Freelance,2025-01-13,1,3466687.56
CUST_00533,Freeman-Jones,bellsteven@campbell.org,IL,E-commerce,2025-06-11,4,1776575.71
CUST_00534,"Anderson, Garcia and Roth",nguyendebra@patel-morales.biz,WA,Construction,2026-02-04,1,653276.82
CUST_00535,Oliver PLC,terrireyes@clark-benson.biz,AZ,Legal,2025-11-04,2,4484014.28
CUST_00536,Bradley-Peterson,gilbertcaldwell@galvan.org,IL,Consulting,2025-03-30,4,1487740.63
CUST_00537,"Ford, Peters and Short",kylesullivan@rodriguez.biz,TX,Healthcare,2025-01-06,2,4623847.68
CUST_00538,Snyder-Keller,robinsondominic@berger.com,WA,E-commerce,2025-10-19,3,1109234.7
CUST_00539,"Hernandez, Schmidt and Price",rgonzalez@evans-bauer.com,AZ,Construction,2026-03-01,10,4668468.47
CUST_00540,Robbins-Herman,aguilarcheryl@powell.com,WA,Consulting,2025-11-19,2,590671.58
CUST_00541,"Faulkner, Smith and Castro",daniel40@reynolds.biz,NC,Freelance,2025-12-24,8,1250167.29
CUST_00542,"Flores, Reyes and James",elainewells@peters.biz,AZ,Freelance,2025-10-29,1,3207825.64
CUST_00543,Roberts Ltd,dennisjones@thomas.biz,TX,Legal,2024-07-07,6,1684953.44
CUST_00544,Miller Ltd,ydalton@munoz.net,TX,Consulting,2025-05-29,14,75648.16
CUST_00545,Arnold-Cole,jeremiah69@lane.com,NY,Legal,2025-07-29,1,3281819.35
CUST_00546,"Shaw, Jenkins and Payne",arthur09@bush-wilson.info,CO,E-commerce,2026-04-11,2,3270166.52
CUST_00547,"Miller, Cross and Fox",steven18@davis.com,WA,Healthcare,2026-01-04,7,1462805.94
CUST_00548,"Schultz, Yates and Edwards",bergeramanda@harrison.info,TX,Freelance,2024-07-12,3,2699003.77
CUST_00549,"Gross, Fisher and Yu",keith09@torres.info,CA,Consulting,2025-12-10,6,2118530.66
CUST_00550,"Jackson, Williams and Mooney",mitchellchristopher@jones.org,NY,Retail,2026-03-09,2,4986000.43
CUST_00551,Hill-Scott,munozrenee@hernandez.com,CO,Consulting,2025-04-01,4,4686213.29
CUST_00552,"Young, White and Rose",cooperchristopher@larson.info,WA,Retail,2026-04-05,3,95872.48
CUST_00553,Townsend-Young,kbarber@lane.com,NC,Restaurant,2025-08-11,11,4645851.49
CUST_00554,"Baker, Weiss and Williams",tross@reese-goodwin.net,WA,E-commerce,2025-02-11,5,4946042.38
CUST_00555,James Ltd,jwells@berg.info,AZ,E-commerce,2025-07-23,5,4451836.82
CUST_00556,Gregory-Nixon,davisamanda@blanchard-reynolds.com,AZ,E-commerce,2024-09-08,3,1400543.55
CUST_00557,Nelson-Lang,destiny67@curry.com,TX,Healthcare,2026-02-14,3,854346.6
CUST_00558,"Rogers, Vaughn and White",chambersmarie@jenkins.com,WA,Consulting,2025-05-19,3,119716.77
CUST_00559,"Griffin, Robinson and Campbell",austinharvey@mays.com,WA,Freelance,2025-02-13,6,918699.82
CUST_00560,"Little, Erickson and Wilson",nicholasgallagher@knight.com,GA,Legal,2026-03-23,3,2600639.26
CUST_00561,Phillips-Guerrero,fowlersandra@hammond-schwartz.com,GA,Restaurant,2024-08-03,5,964666.95
CUST_00562,Martin-Jones,reyesmarvin@scott.com,CO,Healthcare,2024-09-13,23,4682335.67
CUST_00563,Jones-Krause,chelseywhite@rodriguez-fernandez.biz,WA,Legal,2024-06-02,8,1215830.2
CUST_00564,Mendez Inc,gbaldwin@jones.com,WA,Healthcare,2026-01-03,3,1544631.91
CUST_00565,Smith-Jimenez,fitzpatrickelizabeth@hernandez-rivera.biz,NC,Retail,2025-12-10,11,1344688.1
CUST_00566,"Smith, Zimmerman and Wise",ugraham@fernandez.biz,FL,Retail,2025-03-02,3,3355541.27
CUST_00567,"Meyers, Olson and Bradley",mathew46@chen.com,WA,Consulting,2025-05-24,1,2056812.23
CUST_00568,Nichols-Woodward,randallkathleen@holland-thompson.com,WA,Restaurant,2025-06-22,2,3211621.06
CUST_00569,Guerrero-Evans,omosley@howard.com,IL,Freelance,2025-01-11,1,1134686.57
CUST_00570,Johnson Inc,tracybrown@schneider.info,CO,Consulting,2024-09-08,3,2302144.43
CUST_00571,Johnson Inc,kristin06@lewis.net,IL,Legal,2025-09-10,4,3524606.6
CUST_00572,Bentley-Berg,joycehall@johnson.info,AZ,Freelance,2025-05-28,17,3821205.12
CUST_00573,"Smith, Meadows and Montgomery",jacquelineanderson@chen.com,NC,Restaurant,2025-11-07,5,2651257.95
CUST_00574,Carr-Conley,meyersdaniel@larson-gilbert.com,IL,Restaurant,2025-07-11,3,4590361.3
CUST_00575,Simmons Ltd,rnguyen@gardner.com,CA,Freelance,2024-08-22,8,2884873.29
CUST_00576,Watkins LLC,martinezdonald@jackson-wood.com,NY,Healthcare,2024-09-21,1,4279705.74
CUST_00577,Sanchez-Perkins,craigboone@bennett.com,TX,Freelance,2025-05-05,5,3598743.93
CUST_00578,Smith Inc,robert72@thomas.net,TX,E-commerce,2025-06-11,8,4053025.81
CUST_00579,Jenkins-Hurley,carlsonjennifer@clements.com,NY,Legal,2025-05-14,1,2311152.45
CUST_00580,Smith-Young,downstiffany@cox.com,AZ,E-commerce,2024-07-11,11,3380200.18
CUST_00581,Townsend-Hopkins,brian12@anthony.com,CA,Legal,2025-01-22,5,1309563.23
CUST_00582,"Livingston, Brown and Diaz",ryancook@williams-yang.net,FL,Restaurant,2024-05-30,3,274184.52
CUST_00583,Moore Inc,erobertson@griffith.org,TX,Retail,2025-02-19,7,4676184.85
CUST_00584,Barnes-Burgess,jerry15@garcia.biz,CO,Retail,2024-07-20,27,1471099.0
CUST_00585,Bennett and Sons,ruiztodd@thomas-reilly.info,NY,Legal,2024-10-14,5,1903581.56
CUST_00586,Hughes and Sons,ocortez@cantrell-harris.com,GA,E-commerce,2026-04-20,5,4354620.41
CUST_00587,Schwartz Inc,derek77@jackson-cooper.com,GA,Restaurant,2025-03-16,3,3429515.25
CUST_00588,"Moore, Norton and Cisneros",belindatran@miller.info,AZ,Consulting,2025-10-23,2,3284993.79
CUST_00589,Vargas Group,alexis63@murphy.com,TX,Consulting,2025-02-21,8,4964591.54
CUST_00590,"Shah, Mcintyre and Villanueva",cbaird@quinn-gordon.biz,AZ,Consulting,2025-03-29,2,3652897.8
CUST_00591,"Foster, Pacheco and Horton",chavezjohn@mullins.com,CA,Retail,2024-11-16,4,4893528.88
CUST_00592,Howard and Sons,smithelizabeth@warner.org,AZ,Legal,2025-05-22,3,2683071.36
CUST_00593,Bray Group,morgansullivan@sims-padilla.com,FL,Freelance,2026-02-26,6,2330095.13
CUST_00594,"Jones, Barry and Cook",phillipskaren@shah.com,WA,Freelance,2024-09-25,5,4690181.29
CUST_00595,"Gilmore, Fitzgerald and Brown",pamela16@marshall-williams.com,TX,Retail,2025-12-11,10,4056917.01
CUST_00596,Wong Ltd,castrokim@zavala.net,NC,Retail,2025-04-18,2,1241298.16
CUST_00597,Banks Ltd,karenhodges@gomez-adams.biz,TX,Retail,2024-07-18,3,2259883.28
CUST_00598,Brown-Watson,htucker@harrison.net,CA,Freelance,2025-10-31,2,3715678.34
CUST_00599,Hayes-Richardson,lopeznicole@miller.com,CO,Freelance,2025-04-05,3,2721811.05
CUST_00600,Rodriguez LLC,terrytyler@meyer.com,CA,Consulting,2026-01-03,6,2544284.45
CUST_00601,Butler-Fleming,thomasfisher@newman.com,FL,Healthcare,2025-01-07,8,2908500.33
CUST_00602,"Newman, Jenkins and Cooper",todd88@ellis-bradley.com,IL,Freelance,2026-01-17,2,1543733.95
CUST_00603,Mccormick and Sons,swatson@hernandez.info,AZ,Freelance,2024-09-15,8,2097123.02
CUST_00604,Montgomery and Sons,ian22@young.com,CA,Consulting,2024-12-27,13,3148666.03
CUST_00605,"Martinez, Green and Lopez",wadetiffany@watson.com,AZ,E-commerce,2025-04-24,6,282076.28
CUST_00606,"Turner, Knapp and Sullivan",dmack@moore-cordova.net,GA,Healthcare,2025-02-19,20,3496726.62
CUST_00607,"Rivera, Thornton and Wells",tara92@chandler.com,NY,Construction,2025-04-09,2,1913477.93
CUST_00608,"Mendoza, Williams and Gregory",parkerrichard@griffin.com,AZ,E-commerce,2026-01-03,1,1242792.54
CUST_00609,Franklin and Sons,kimberlywang@johnson.info,WA,Consulting,2024-11-18,1,4038591.99
CUST_00610,"Powers, Miller and Hunt",tracymorrison@harding.com,AZ,Legal,2024-07-11,14,4840541.63
CUST_00611,"Nash, Wood and Watson",michael47@miller.biz,AZ,Consulting,2025-08-03,7,1972674.29
CUST_00612,Roberts-Shaffer,achandler@houston.com,FL,Healthcare,2024-12-11,4,3251193.97
CUST_00613,Clark Group,carl96@smith.com,IL,Restaurant,2025-05-12,5,2701395.9
CUST_00614,Thompson-Murray,jamescollier@spencer-williams.com,FL,Retail,2026-03-02,1,1378884.86
CUST_00615,"Torres, Hansen and Ford",moodyeric@blanchard-flowers.info,NC,Retail,2025-11-01,31,4374421.27
CUST_00616,Valdez LLC,swhite@sanchez.com,NC,Freelance,2024-10-20,4,2423001.32
CUST_00617,"Reese, Perkins and Cunningham",courtney71@hunt-johnston.com,IL,Construction,2026-04-03,4,4787247.81
CUST_00618,Perkins and Sons,steven25@brown.biz,FL,Freelance,2024-06-08,8,4812283.9
CUST_00619,"Barr, Kelly and Roberts",palmerkatie@duran.com,CO,Freelance,2024-08-26,6,3493350.11
CUST_00620,"Morris, Stewart and Kirk",joseph51@carpenter.net,FL,Legal,2025-11-25,5,4579875.97
CUST_00621,Watson-Washington,samantha21@moore.com,IL,Construction,2025-07-30,2,1934275.63
CUST_00622,"Austin, Guerra and Fox",butlersabrina@fuentes.info,IL,Construction,2025-07-16,6,1344730.06
CUST_00623,Collins-Cox,mpreston@gallagher.com,CO,E-commerce,2025-06-30,20,538110.75
CUST_00624,"Olsen, Walker and Vincent",haileyparker@anderson.biz,CO,Healthcare,2025-12-09,13,4575935.97
CUST_00625,"Hines, Rodriguez and Smith",ctodd@rodriguez.net,IL,Legal,2025-03-11,16,276291.47
CUST_00626,"Brown, Wilson and King",turneralex@patton.com,FL,Consulting,2026-03-29,2,130288.51
CUST_00627,"Santana, Lopez and Bell",thomasjulie@rush-bailey.com,NC,Legal,2025-07-31,2,1511201.82
CUST_00628,"Norman, Austin and Wagner",garciabelinda@rice.com,IL,Freelance,2024-10-27,4,1930206.88
CUST_00629,Jackson-Webster,beltrancorey@knapp.info,FL,E-commerce,2026-03-05,4,2775680.54
CUST_00630,Wolfe-Lopez,whitemichael@coleman-palmer.biz,IL,Construction,2025-11-10,10,3828635.1
CUST_00631,Juarez LLC,owensapril@farmer-bush.net,CO,E-commerce,2025-06-11,1,882756.55
CUST_00632,"Williams, Murphy and Wilson",stephen47@spencer.biz,IL,Consulting,2026-02-04,15,742794.72
CUST_00633,Gates Group,harry71@kim-barrett.com,CO,Consulting,2025-07-26,3,4588651.98
CUST_00634,Thomas Group,figueroapatricia@brown.com,CA,Retail,2025-07-22,3,4203389.04
CUST_00635,Larson Group,hallroger@ramirez-reeves.org,CA,Retail,2024-07-24,1,2091341.5
CUST_00636,"Nelson, Clarke and Schneider",qkelly@clements.com,FL,Restaurant,2026-03-13,1,3550489.34
CUST_00637,Rodriguez-King,ihall@garcia.com,FL,E-commerce,2024-06-03,8,1897343.43
CUST_00638,Gregory-Stanton,ujacobs@turner.com,NC,E-commerce,2025-09-19,4,3313457.49
CUST_00639,Guerrero PLC,msparks@bates-henry.com,CA,Legal,2024-06-08,1,108662.29
CUST_00640,"Cooper, Heath and Payne",ewingnicole@reyes.biz,WA,Construction,2025-07-12,1,134855.86
CUST_00641,Stevens-Johnson,nicole27@taylor-baldwin.info,GA,Consulting,2026-02-18,3,579731.32
CUST_00642,Carroll Group,kalvarez@brown.biz,AZ,Consulting,2024-08-10,17,1242795.72
CUST_00643,"Rhodes, Miranda and Mitchell",johnsonbrandon@bailey-harmon.com,AZ,Construction,2025-09-21,3,4085311.23
CUST_00644,"Peterson, Davis and Reed",robert03@young.org,GA,Restaurant,2024-12-21,1,1896605.34
CUST_00645,Lozano Inc,danny20@nguyen.org,CO,Freelance,2025-04-08,3,4951653.51
CUST_00646,"Valenzuela, Adams and Dominguez",odomnicholas@morris-davis.info,WA,Restaurant,2024-11-19,3,3285991.81
CUST_00647,Vazquez and Sons,tyler52@evans.com,CA,Restaurant,2026-03-25,1,2056127.58
CUST_00648,"Lewis, Baker and Evans",nballard@rubio.org,AZ,E-commerce,2025-03-16,4,327768.95
CUST_00649,Nelson-Knight,wsimmons@pearson.net,NY,Restaurant,2024-06-04,3,2524299.05
CUST_00650,Reynolds-Fernandez,robertking@chavez.com,IL,Restaurant,2025-04-29,7,4479216.5
CUST_00651,"Warner, Huffman and Ray",donnaholloway@adams-little.org,FL,Freelance,2024-06-29,19,4511301.15
CUST_00652,Michael-Barber,boydmichael@allen.com,NC,E-commerce,2025-11-16,11,1391920.51
CUST_00653,Jenkins-Dalton,waltersmeghan@colon-lucas.com,WA,Retail,2024-07-24,3,937804.79
CUST_00654,"Burke, Sullivan and Wilson",anthonyrobles@marshall-castro.biz,IL,Retail,2026-03-19,1,4809272.49
CUST_00655,Lucas-Johnson,josephjohnson@hopkins-thompson.com,NY,Legal,2025-08-26,35,4647930.95
CUST_00656,"Tucker, Smith and Heath",edwardskenneth@lester.com,NY,Freelance,2025-01-15,4,2855144.8
CUST_00657,"Sandoval, Davis and Hahn",joelduncan@fitzpatrick.net,GA,Healthcare,2026-03-18,4,1950038.76
CUST_00658,Crawford-Davis,mejialawrence@mclaughlin.biz,NY,Restaurant,2025-12-23,4,2528924.62
CUST_00659,Thomas and Sons,taragonzales@roy-brown.net,CA,Restaurant,2025-02-20,5,2213586.85
CUST_00660,Lyons-Rodriguez,pwells@suarez-giles.com,TX,Healthcare,2026-03-10,3,3045585.28
CUST_00661,Baldwin-Underwood,brewerrebecca@skinner.com,NC,Legal,2025-09-16,2,4846156.61
CUST_00662,"Lowery, Powers and King",sparker@leach-jennings.net,CA,Construction,2025-02-05,2,3928563.29
CUST_00663,Mathews Group,browningphillip@turner-mayer.com,CO,Freelance,2025-05-12,4,1811265.43
CUST_00664,Clark-Zamora,zwelch@sullivan.info,GA,Consulting,2025-03-15,2,3414489.55
CUST_00665,Mclaughlin-House,jennifer12@green.net,GA,Restaurant,2025-10-22,2,3872228.65
CUST_00666,"Murphy, Neal and Gill",crystalgibbs@smith.com,FL,Restaurant,2025-01-12,4,456088.15
CUST_00667,Johnston-Rodriguez,zacharybooker@hines.com,GA,Consulting,2024-09-24,3,3711293.68
CUST_00668,Mendoza-Moss,glenn95@gonzalez-perry.com,IL,Restaurant,2025-01-28,14,503026.12
CUST_00669,Walter-Duffy,andrewjohnson@holland.info,CO,Healthcare,2025-01-22,1,3818665.13
CUST_00670,Green and Sons,moralesroy@hernandez-rubio.com,NY,Restaurant,2024-08-15,10,977589.33
CUST_00671,"Wilson, Higgins and Graham",fwilcox@walker.com,AZ,Legal,2025-05-11,12,561299.99
CUST_00672,Roberts-Snyder,ryanclark@carney.com,IL,Restaurant,2024-08-05,1,3004776.55
CUST_00673,White-Sparks,robertsjose@hayes.info,IL,Legal,2026-01-26,3,111086.04
CUST_00674,Smith and Sons,terri63@reyes.com,GA,Restaurant,2025-04-14,3,3637977.03
CUST_00675,Hawkins Inc,sarah75@crosby.com,FL,Consulting,2025-08-05,1,3442314.16
CUST_00676,King PLC,zturner@wood.org,NY,Construction,2024-10-06,2,1540599.76
CUST_00677,Green PLC,dconrad@davis.net,NY,Restaurant,2025-06-14,1,877676.63
CUST_00678,Thomas-Wilson,goodvictor@adkins-howe.com,GA,Construction,2024-12-28,18,2446945.0
CUST_00679,Austin-Juarez,zachary62@doyle-henry.com,IL,Construction,2024-07-26,9,4723900.36
CUST_00680,"Farrell, Sandoval and Yates",lopezbrian@johnson.com,CO,Freelance,2025-12-08,12,2316415.08
CUST_00681,"Mcdonald, Wilson and Woodard",wwilliams@hoffman.com,WA,Retail,2024-09-09,7,4746676.14
CUST_00682,Bailey and Sons,henry28@elliott-alvarado.com,NC,Legal,2025-02-09,1,4030178.49
CUST_00683,"Bolton, Smith and Wang",robertjones@rhodes-clay.com,CO,Healthcare,2025-02-07,2,2181550.29
CUST_00684,Maldonado-Becker,gbrooks@hernandez-miller.info,NC,Consulting,2026-02-26,6,1537154.66
CUST_00685,Fuller-Adams,riverabradley@tapia.org,FL,E-commerce,2025-09-08,1,1605207.24
CUST_00686,Lewis Inc,marcus01@crane.com,IL,Construction,2025-04-02,7,3687628.11
CUST_00687,Hanna Group,smithjared@chan-mitchell.com,CO,Freelance,2025-10-01,3,1663136.88
CUST_00688,Evans Group,rebecca92@wade-collier.net,GA,Healthcare,2024-12-31,3,613744.73
CUST_00689,Burns Group,madams@davis-henderson.com,FL,Consulting,2025-08-08,7,3424477.53
CUST_00690,"Lopez, Mccoy and Davis",teresa32@rose-holland.com,CA,E-commerce,2025-07-28,6,4717725.83
CUST_00691,Mcdonald-Miller,ievans@leach.com,CO,Construction,2024-11-06,3,4164844.95
CUST_00692,"Williams, Jones and Williams",dixonrobert@guerrero-carroll.com,GA,E-commerce,2024-07-20,11,738936.66
CUST_00693,Scott-Miller,wilsondorothy@hartman.com,FL,Construction,2025-01-17,1,3310381.69
CUST_00694,Butler Ltd,lee77@morton.com,GA,Legal,2025-12-04,7,416127.42
CUST_00695,Lopez Ltd,monica16@smith.info,CO,Legal,2025-09-04,7,2695118.64
CUST_00696,Holt-Melton,nturner@vazquez-mccarty.biz,GA,Retail,2026-04-03,3,3964068.54
CUST_00697,Miller-Taylor,danielsmith@trevino.info,AZ,Restaurant,2025-03-02,5,591378.65
CUST_00698,"Thomas, Allen and Wilkinson",christophercarrillo@wells.com,IL,Consulting,2024-12-06,1,3252649.25
CUST_00699,Barrera Ltd,emaynard@heath.com,NC,Legal,2024-07-01,9,4835715.11
CUST_00700,Phillips Group,cookcurtis@reynolds.org,GA,Restaurant,2025-02-09,3,102211.48
CUST_00701,"Simon, Duarte and Johnson",ltucker@carr.info,FL,Freelance,2024-12-14,2,2256603.83
CUST_00702,Klein PLC,hendersonleslie@adams.biz,CO,Consulting,2025-03-27,10,1757588.57
CUST_00703,Wilson-Dean,shane60@roberts.info,CO,Restaurant,2024-06-15,2,1512389.49
CUST_00704,Kim-Romero,sandra72@sharp-myers.biz,TX,Consulting,2024-08-02,1,1774226.83
CUST_00705,"Delgado, Ward and Kennedy",christycampbell@miller.com,CO,Freelance,2025-02-18,1,2629518.41
CUST_00706,"Vasquez, Leon and Hahn",ntorres@williams.com,CO,Restaurant,2025-02-22,7,2218921.39
CUST_00707,"Moore, Clayton and Kline",romanmatthew@williamson.net,CO,Healthcare,2025-11-19,1,382512.98
CUST_00708,Tucker LLC,kayla84@castaneda.org,TX,Retail,2024-07-01,18,4253441.04
CUST_00709,"Garcia, Williams and Shah",westes@villegas.org,TX,Consulting,2025-10-12,1,4653116.11
CUST_00710,Colon Inc,jacksondavid@bartlett.com,FL,Consulting,2025-12-23,17,2781955.93
CUST_00711,"Alexander, Hunter and Oconnor",mooremichael@martinez.info,AZ,Legal,2025-02-08,5,4794389.98
CUST_00712,Hammond-Smith,gpeterson@miller.biz,GA,Consulting,2024-11-23,4,972615.28
CUST_00713,Soto-Sanchez,icobb@gutierrez-ortiz.info,GA,Legal,2025-10-20,2,194501.76
CUST_00714,"Norton, Cox and Johnson",kaylarobbins@acevedo.com,FL,E-commerce,2025-09-16,6,2981405.63
CUST_00715,Brown-Malone,rachelbrown@whitney.com,CA,Freelance,2025-03-25,4,1068633.17
CUST_00716,Morales-Becker,jennifer55@wilcox.org,TX,Restaurant,2026-01-02,10,4007536.67
CUST_00717,Graves Group,paigeweber@pearson.biz,NY,Healthcare,2025-07-18,4,1663625.31
CUST_00718,Ibarra Inc,medinapeter@singh.com,TX,Construction,2025-05-18,5,3369972.07
CUST_00719,Davis PLC,adrienne20@zamora.org,AZ,Healthcare,2025-06-11,3,3005005.6
CUST_00720,Allen-Schroeder,hbenitez@brown.com,GA,Restaurant,2025-09-14,4,1772226.96
CUST_00721,Williams Ltd,westashley@chavez.org,CO,Consulting,2026-03-15,5,4078004.36
CUST_00722,"Espinoza, Pineda and Wade",michaelmitchell@armstrong.com,WA,Restaurant,2025-11-27,1,3376944.9
CUST_00723,Murphy PLC,mackenzieward@thomas.biz,TX,Freelance,2025-01-25,1,1561631.01
CUST_00724,Davis Group,thomasgriffin@rhodes-powell.net,IL,Consulting,2024-10-16,8,2578583.1
CUST_00725,"Maxwell, Wiggins and Silva",sbarajas@dennis-butler.com,NC,Consulting,2025-04-17,5,2895289.92
CUST_00726,Wagner Group,tanderson@boyer.info,NY,E-commerce,2025-04-21,3,3195733.13
CUST_00727,Francis PLC,sandra19@rodriguez-wood.com,NY,Consulting,2025-11-17,4,2473728.03
CUST_00728,Mills Inc,kevin54@tucker-moody.com,NY,Healthcare,2024-09-13,5,4217826.81
CUST_00729,"Fisher, Zuniga and Torres",jason70@kelley.com,CA,Healthcare,2025-09-20,2,4761617.65
CUST_00730,Olson-Collins,ymccullough@alvarez-cortez.org,NY,Freelance,2025-06-08,2,4085318.91
CUST_00731,Gill PLC,qgill@hernandez-luna.com,AZ,E-commerce,2025-08-06,5,2075215.02
CUST_00732,"Beck, Ortiz and Hall",cmorgan@wu.com,GA,E-commerce,2025-06-13,2,2469062.58
CUST_00733,"Johnson, Mccoy and Ingram",ann18@lee.net,NC,Retail,2024-07-30,6,3989610.4
CUST_00734,"Todd, Bernard and Boyd",bshaw@barrett.com,WA,Retail,2024-11-14,1,1410521.95
CUST_00735,Hill and Sons,mariacombs@wallace.biz,WA,Consulting,2025-07-19,10,3914663.98
CUST_00736,"Williams, Atkins and Johnson",bwhite@stewart.com,CO,Restaurant,2025-08-10,6,2884934.57
CUST_00737,"Jackson, Thomas and Scott",moorestephanie@jackson.com,AZ,Healthcare,2024-12-21,5,2733114.73
CUST_00738,"Brown, Price and Flores",qorozco@david-lam.com,CA,E-commerce,2026-01-05,9,2754448.71
CUST_00739,Allen PLC,trevorgoodwin@avery-adams.com,TX,Freelance,2025-04-22,16,1523659.23
CUST_00740,Tran-Jones,russelljesus@adams.com,CO,Construction,2024-06-21,10,1775456.04
CUST_00741,Hines Ltd,kevinrussell@mathis.com,TX,E-commerce,2026-02-21,1,4333187.83
CUST_00742,Brooks and Sons,amandahenderson@hayes.org,FL,Freelance,2024-08-26,1,4062978.45
CUST_00743,Delgado-Jackson,mahoneytimothy@king.com,IL,Legal,2025-08-27,2,871609.01
CUST_00744,"Pittman, Campbell and Martin",turnerrandall@rivas.net,FL,Freelance,2024-09-12,4,4036930.44
CUST_00745,Johns-Clark,nicole54@chavez.com,IL,Construction,2025-08-13,6,3004445.55
CUST_00746,Stevens PLC,allen20@alvarez.biz,IL,Construction,2024-10-05,2,1482199.56
CUST_00747,"Woodard, Warner and Farmer",cobbdebra@ryan.info,AZ,Restaurant,2024-12-21,5,721165.09
CUST_00748,"Martinez, Stanton and Bennett",paul01@wood-lee.com,GA,Retail,2025-12-31,2,4962806.82
CUST_00749,Paul LLC,james94@walker.com,NY,Consulting,2026-04-01,2,1285902.35
CUST_00750,Vasquez-Padilla,adrianjoyce@foster.info,IL,Freelance,2025-12-01,1,3819294.26
CUST_00751,Arnold Ltd,cameronanderson@anderson.com,GA,E-commerce,2025-11-03,2,753749.58
CUST_00752,"Daniel, Hill and Abbott",braunheather@mendez.com,WA,Legal,2025-09-30,1,1907103.02
CUST_00753,Davidson-Hahn,nashmarcus@hill-frazier.info,TX,Legal,2024-07-25,2,2602286.69
CUST_00754,Ward-Blake,brandonhull@cole.com,IL,E-commerce,2024-12-29,10,4753757.69
CUST_00755,"Aguirre, Mooney and Perez",prosario@martin.com,NC,Retail,2025-02-05,2,4351093.43
CUST_00756,"Garrett, Johnson and Reynolds",watkinsconnie@pittman-wright.info,TX,E-commerce,2026-03-16,36,3192460.7
CUST_00757,Benjamin Inc,april31@harvey.org,IL,Restaurant,2025-11-20,6,3988605.74
CUST_00758,Miller Inc,bennettpamela@brown.info,FL,Legal,2025-04-01,5,4132995.86
CUST_00759,Turner Ltd,rjones@hansen.biz,WA,Healthcare,2025-06-15,2,4150300.9
CUST_00760,Davis-Walton,michellecobb@smith.org,AZ,Consulting,2025-02-14,7,2852403.45
CUST_00761,"Garcia, Curtis and Lowe",gibsonmark@rodriguez.org,IL,Retail,2025-06-08,2,277417.48
CUST_00762,"Jones, Clarke and Lee",danascott@olson-oliver.com,CO,Retail,2025-09-26,4,664974.04
CUST_00763,Taylor Inc,andersonbreanna@moyer.net,NY,E-commerce,2026-03-24,34,2309764.77
CUST_00764,Hernandez LLC,kelly08@sandoval.net,FL,Consulting,2025-04-24,4,4416631.43
CUST_00765,Henderson and Sons,danielleharris@peterson.info,NY,Construction,2025-01-17,11,512032.92
CUST_00766,"Holt, Mcdonald and Schwartz",christina65@garcia.info,WA,Restaurant,2025-03-03,2,1890626.65
CUST_00767,Mora Ltd,heatherowens@allen.com,NY,Retail,2025-10-13,4,2011890.76
CUST_00768,"Bennett, Ross and Mckenzie",coxcharles@spencer.com,FL,Legal,2025-01-20,18,3294651.88
CUST_00769,Lee-Willis,bradley03@mitchell.com,TX,Retail,2025-11-25,2,1106434.83
CUST_00770,"Thompson, Abbott and Sanchez",andrewcameron@smith.com,NY,Freelance,2024-07-27,19,2621249.06
CUST_00771,Pena-Dyer,sharon47@wood.com,CA,Retail,2025-05-08,7,3493205.68
CUST_00772,"Rowland, Cuevas and Keith",wilsonnicole@norton.net,TX,Legal,2026-02-21,2,3485453.46
CUST_00773,Benson-Stewart,prowland@hines.com,TX,Freelance,2025-06-02,7,1946196.13
CUST_00774,"Phillips, Hernandez and Wright",monique89@clark-miller.info,TX,Restaurant,2025-12-16,9,1601089.81
CUST_00775,"Mendez, Jackson and Hughes",victor72@marquez-fox.info,WA,Consulting,2026-04-11,7,1944469.2
CUST_00776,"Sosa, Wells and Perkins",clarkpatricia@roy-foster.com,NY,Consulting,2026-02-18,1,388637.46
CUST_00777,Oneal-Duncan,jonathan12@phillips.com,CA,Consulting,2025-08-08,2,2228492.13
CUST_00778,Silva Group,ronald76@richardson-jimenez.com,FL,Consulting,2025-12-09,3,4603475.92
CUST_00779,Johnson-Alexander,deanna51@kirby-hunt.com,CO,Freelance,2025-09-18,4,479105.77
CUST_00780,House-Garcia,wardamy@gonzalez-murphy.com,NY,Restaurant,2024-08-13,7,2968390.89
CUST_00781,"Ochoa, Sutton and Hill",yeseniagoodwin@daniels.com,IL,Legal,2025-03-21,5,1606793.16
CUST_00782,Logan-Powell,wunderwood@smith.com,FL,Construction,2024-09-13,1,3240871.81
CUST_00783,Perez-Cummings,thomasblack@todd.com,AZ,Construction,2024-12-06,6,3905899.78
CUST_00784,Singleton-Patterson,cclark@johnson.com,CA,Construction,2025-11-15,7,1066956.3
CUST_00785,"Smith, Cochran and Flowers",jeremiah66@medina.com,AZ,Freelance,2025-09-11,7,3751826.02
CUST_00786,Hernandez LLC,nbaird@brown-hughes.info,CA,Freelance,2025-01-12,10,2499694.21
CUST_00787,Murphy Group,christopher18@johnson.org,FL,E-commerce,2024-08-23,8,3208507.53
CUST_00788,Johnson-Gonzalez,ocampbell@keller-jones.com,AZ,Retail,2024-07-21,6,4935068.54
CUST_00789,Stone-Jackson,hmyers@herrera.com,NY,Legal,2025-01-28,4,4311029.32
CUST_00790,Friedman-Glenn,monicacollins@ortega.com,GA,Healthcare,2025-08-12,1,2754463.29
CUST_00791,"Harris, Moran and Stevens",adrianthomas@summers.com,CO,Restaurant,2024-10-08,6,132612.54
CUST_00792,"Murphy, Carroll and Henry",vjohnston@roberts.com,CA,Construction,2024-07-19,5,1117927.55
CUST_00793,"Kirby, Sparks and Myers",robertwhite@quinn.com,GA,Construction,2024-07-13,5,3161424.95
CUST_00794,"Carroll, Long and Bautista",nicolemoore@medina.com,GA,Legal,2025-06-20,1,3523962.66
CUST_00795,Jenkins-Gill,carneycharles@gordon.biz,AZ,Consulting,2024-07-30,1,1423465.29
CUST_00796,Martin-Clark,murraycharles@lowe.biz,TX,Freelance,2025-01-23,10,4872851.25
CUST_00797,Sanders Inc,danny25@goodman.net,AZ,Healthcare,2024-09-25,4,1984120.94
CUST_00798,"Allen, Dodson and Taylor",mckenzie20@garcia.biz,TX,Construction,2025-10-02,7,3508445.61
CUST_00799,Jones Inc,eric52@klein.net,FL,Retail,2025-12-15,4,1260174.78
CUST_00800,Ramos Inc,myerskyle@george.biz,TX,E-commerce,2025-04-30,4,3080869.13
CUST_00801,Mcfarland LLC,jamessmith@hays.com,WA,Consulting,2024-07-09,9,641242.88
CUST_00802,"Caldwell, Walker and Khan",jenniferwilliams@rodriguez.com,NY,Retail,2025-11-28,2,860971.52
CUST_00803,"Clark, Weaver and Mcmillan",halldaniel@thompson-morales.com,AZ,Construction,2025-02-21,4,876466.62
CUST_00804,Price Group,cameronbriggs@hanson.biz,WA,Restaurant,2024-09-03,3,3868579.94
CUST_00805,Saunders-Porter,marquezkylie@jackson.biz,IL,Legal,2024-06-19,3,1396303.95
CUST_00806,"Middleton, Wise and Anderson",cynthiahenson@spence-estrada.com,WA,Restaurant,2024-07-16,3,2505930.47
CUST_00807,Smith-Barr,oreyes@hall.com,IL,Retail,2025-06-28,5,2523069.53
CUST_00808,Jensen Inc,joel63@miller.com,NY,Healthcare,2025-08-11,3,828684.41
CUST_00809,Bennett Ltd,youngjessica@stevenson-murphy.com,TX,Restaurant,2026-01-18,12,1180601.89
CUST_00810,Schneider-Hodges,swong@perez.com,CA,Retail,2025-06-26,2,4300510.6
CUST_00811,Allen-Ryan,lauriehorton@franklin.net,FL,Retail,2024-06-06,3,2385234.72
CUST_00812,White-Soto,kanechad@williams.com,NY,Consulting,2025-03-21,3,4659242.38
CUST_00813,Davis PLC,joelmiller@mcdonald.biz,CA,Legal,2026-03-24,14,1161350.8
CUST_00814,Obrien LLC,barbara34@miller-kaufman.biz,GA,Healthcare,2024-12-06,5,1392726.89
CUST_00815,Jackson-Alexander,ywolf@smith-james.com,NC,Healthcare,2024-07-27,10,641034.6
CUST_00816,Larson-Hernandez,jonathanford@campbell-hart.info,CA,Consulting,2025-11-01,1,1154766.05
CUST_00817,Cook Ltd,mgonzalez@smith.com,CA,Legal,2025-07-02,5,391185.87
CUST_00818,Sullivan-Perry,xwaller@burns-davidson.org,WA,Construction,2025-05-23,9,1670139.56
CUST_00819,Ortiz Inc,cruzariel@hines.com,CO,Retail,2025-07-31,4,1876150.83
CUST_00820,"Fletcher, Reid and Richardson",curtissara@wright.com,NC,Construction,2025-01-09,10,3710901.13
CUST_00821,"Mann, Johnson and Wade",josegibson@hernandez.com,CO,Healthcare,2024-12-02,2,2978870.13
CUST_00822,Wilson Inc,lsanders@stone.biz,FL,Freelance,2025-06-14,13,795303.57
CUST_00823,Gallegos LLC,vincent86@parker.com,CA,Freelance,2025-04-11,28,2730648.74
CUST_00824,Fields LLC,josephclark@sanders.info,CA,Healthcare,2025-10-03,3,57237.1
CUST_00825,Davis Ltd,pwarren@quinn-jackson.com,GA,Construction,2025-10-20,3,564547.65
CUST_00826,Padilla and Sons,hwhite@bradley-lewis.com,FL,Legal,2025-07-13,14,2485542.94
CUST_00827,Brady and Sons,tonya67@durham.com,NY,Construction,2024-07-13,15,510481.86
CUST_00828,Miller-Martinez,petersonbrenda@washington-hodges.com,AZ,Legal,2024-11-23,2,3519192.2
CUST_00829,Adams Inc,davisalexa@bennett.com,CO,Restaurant,2025-03-13,3,2924814.61
CUST_00830,Kennedy-Rogers,rrogers@key-montoya.com,NY,Legal,2025-06-24,3,420410.9
CUST_00831,"Ross, Bishop and Hester",linda07@morales.com,CA,Legal,2025-08-11,1,3329097.44
CUST_00832,"Martinez, Schmidt and Tapia",miguelmontgomery@kane.com,FL,Construction,2024-09-06,2,1341905.15
CUST_00833,"Rosario, Hess and Smith",morgan57@lawson.org,GA,Healthcare,2025-01-27,2,1624385.71
CUST_00834,Bailey Group,navarrokelly@joseph.org,FL,Restaurant,2024-12-24,2,4720595.7
CUST_00835,"Wagner, Anderson and Robles",marisa87@mosley.info,NC,Restaurant,2024-09-10,4,819282.23
CUST_00836,"Fernandez, Sanchez and Jackson",garciavictoria@martin.biz,CO,E-commerce,2024-10-02,5,1604464.77
CUST_00837,Robinson-Scott,qlynn@wade.info,AZ,Healthcare,2024-08-29,15,4824941.88
CUST_00838,Pope LLC,sarahmiranda@brown.biz,CO,Construction,2024-11-04,2,2343565.65
CUST_00839,"May, Hoffman and Chase",jeffreywilson@rodriguez.org,TX,Restaurant,2026-03-20,9,830196.12
CUST_00840,Garner Inc,david56@mclaughlin.com,WA,Retail,2025-11-11,3,1114352.91
CUST_00841,Whitney-Flores,lauren28@guzman.net,IL,Consulting,2026-03-24,4,501503.87
CUST_00842,Stewart-Cabrera,mary77@guzman.com,IL,Legal,2024-12-06,7,2591625.39
CUST_00843,"Flores, Shaw and Barker",wendy97@poole.biz,WA,Construction,2025-11-04,1,4109443.6
CUST_00844,Zavala LLC,mariaclark@michael.com,CA,Legal,2024-10-09,6,4280276.46
CUST_00845,Luna-Evans,vickiekelley@henderson-kennedy.com,AZ,Freelance,2025-08-02,5,518890.12
CUST_00846,Myers-Rose,justin38@davis-morris.org,NY,Restaurant,2024-08-14,6,109186.77
CUST_00847,Horn Ltd,stephen29@ramos.com,FL,Consulting,2026-03-03,5,1030758.52
CUST_00848,Clark Ltd,jillsmith@chase.com,IL,Restaurant,2025-04-03,31,2932502.82
CUST_00849,Clements-Simmons,saradavis@white-williams.net,TX,Retail,2024-12-14,2,4985949.06
CUST_00850,"Morgan, Hamilton and Hernandez",hsanchez@sanders.org,CO,Consulting,2024-10-28,2,505294.26
CUST_00851,Delgado Group,stricklandmichelle@reyes.com,IL,Restaurant,2026-03-16,2,261346.78
CUST_00852,Wilson Inc,gmay@johnson.org,CA,Consulting,2025-05-20,2,4624452.04
CUST_00853,Hill-Mcgee,patrickcooke@hamilton.com,GA,E-commerce,2025-04-29,2,195937.35
CUST_00854,"Stout, Pope and Lopez",longlisa@freeman.com,GA,Consulting,2025-11-09,11,1802019.1
CUST_00855,Sheppard Inc,michelleneal@peters.com,WA,Construction,2024-10-20,13,2257756.58
CUST_00856,Anderson and Sons,christopherscott@miller.net,CA,Freelance,2024-09-20,2,3254028.08
CUST_00857,Cox-Stephens,qrowland@wright.net,GA,E-commerce,2025-06-19,2,351846.39
CUST_00858,Hopkins-Wallace,hneal@obrien-dixon.com,GA,Consulting,2024-12-31,6,2125212.36
CUST_00859,"Weiss, Young and Lopez",melissa32@arnold.org,AZ,Freelance,2025-10-08,2,3172234.22
CUST_00860,Jones-Scott,ksantos@bryant-duffy.biz,AZ,Retail,2026-02-09,7,4947547.9
CUST_00861,"Thomas, Harris and Soto",wanda35@sandoval.biz,IL,E-commerce,2026-01-25,5,2745363.14
CUST_00862,Stewart Group,mjohnson@jones.net,IL,Healthcare,2025-06-08,1,1972487.31
CUST_00863,Sutton Group,murphychristopher@strickland-thomas.com,CA,Healthcare,2024-10-14,15,3005725.95
CUST_00864,Smith-Bennett,nicholasgarcia@thompson.com,WA,Retail,2024-06-19,18,4052836.72
CUST_00865,"Nicholson, Burns and Rice",andrea91@jackson.com,AZ,Healthcare,2025-05-29,2,3845868.73
CUST_00866,Shaffer-Byrd,iwoods@smith-palmer.com,NY,Restaurant,2024-11-24,3,1276892.42
CUST_00867,"Martinez, Gray and Moss",sellersdanielle@zimmerman-wright.org,WA,Retail,2024-12-01,5,3832046.13
CUST_00868,Mann-White,lauren84@cisneros-meyer.com,NC,Legal,2024-11-14,5,1806282.94
CUST_00869,Reid-Miller,richard51@miller.com,NY,Consulting,2026-03-10,7,1220928.11
CUST_00870,"Brown, Paul and Spencer",astokes@rhodes-randolph.com,IL,Retail,2025-01-29,22,3532091.77
CUST_00871,Jimenez-Jennings,sullivanchristina@smith.com,NC,Consulting,2025-02-24,3,2837389.01
CUST_00872,Gamble Ltd,lawsontami@conrad.com,CO,Construction,2024-10-20,2,919006.0
CUST_00873,Richardson and Sons,stephanie67@jackson-booker.com,TX,Retail,2024-06-26,1,1201485.62
CUST_00874,"Wright, Ryan and Miranda",robertstimothy@lewis-rojas.org,CA,E-commerce,2024-11-13,2,53383.31
CUST_00875,Robinson-Torres,wallspatricia@brown-smith.info,FL,Consulting,2025-09-16,4,1736757.27
CUST_00876,Evans-Rodriguez,pamela26@smith-jordan.com,IL,Retail,2024-10-12,18,158468.84
CUST_00877,Rice and Sons,fmartinez@moore.com,NY,Restaurant,2025-08-26,2,4240080.39
CUST_00878,Ruiz LLC,michael28@rodriguez-gonzales.info,IL,Restaurant,2026-03-27,5,1899274.36
CUST_00879,Taylor Ltd,tsmith@rodriguez.com,GA,Restaurant,2025-10-24,4,1715977.3
CUST_00880,Foster Ltd,rachel23@moyer-bird.com,NY,Consulting,2025-02-02,11,3675142.53
CUST_00881,Burns-Simpson,markduran@shaw-mclean.biz,CO,Healthcare,2025-05-02,33,912303.22
CUST_00882,Rodriguez Inc,martinezmaurice@saunders.com,NC,Healthcare,2025-08-07,2,1155024.21
CUST_00883,"Gallegos, Jordan and Harper",hamiltonkeith@miller-patterson.org,NY,Legal,2025-08-28,3,1568774.99
CUST_00884,Daniel and Sons,juanwilson@gamble-wright.biz,WA,Consulting,2025-11-13,10,929656.03
CUST_00885,Wells Inc,jacobbond@walters.com,NC,Legal,2024-05-29,7,4261246.98
CUST_00886,Mooney-Hickman,msmith@lin.biz,NC,Retail,2026-01-16,19,951304.69
CUST_00887,"Torres, Schultz and Hall",ronald08@schneider-torres.com,NC,Freelance,2025-01-29,7,3216251.53
CUST_00888,Ramirez-Bell,dwright@williams.com,CO,Consulting,2024-08-16,3,1689283.71
CUST_00889,Mitchell LLC,jordanjohnny@cox-torres.com,FL,Healthcare,2024-07-27,7,4912779.29
CUST_00890,"Smith, Arnold and Atkins",michael59@jacobs.org,TX,Healthcare,2024-10-05,10,2260818.17
CUST_00891,Miller-Rodriguez,williamstanya@roth.com,FL,Freelance,2024-12-19,8,3481221.58
CUST_00892,Mcmahon PLC,kevin73@le.net,WA,Restaurant,2025-02-23,6,3616047.26
CUST_00893,"King, Wiley and Castaneda",patricia71@jones-barnes.net,GA,E-commerce,2024-07-04,10,3676293.25
CUST_00894,Jackson LLC,keithsosa@bauer.com,GA,E-commerce,2024-10-03,11,4414764.76
CUST_00895,"Olsen, Simpson and Patel",martinkaren@hart-myers.org,AZ,Legal,2025-02-24,13,552071.37
CUST_00896,Clark-Smith,brittanysmith@gibson.com,NC,Freelance,2025-06-04,7,855149.73
CUST_00897,Phillips LLC,jacksonbrandon@carter.com,CA,Construction,2024-07-23,3,149386.09
CUST_00898,Ho-Nelson,dayjohn@nichols.com,TX,Restaurant,2024-12-16,5,1741950.6
CUST_00899,"Jacobs, Wood and Miller",jennifer69@nguyen-brown.com,GA,Consulting,2026-04-17,11,3673326.17
CUST_00900,Robinson-Sanford,jonathansmith@irwin.com,TX,Healthcare,2025-07-26,2,2990451.19
CUST_00901,"Reese, Reyes and Valdez",lisawalker@harris-soto.biz,CO,Retail,2025-09-16,6,2185050.5
CUST_00902,Griffin Ltd,erichardson@crawford.com,NY,Legal,2025-10-17,3,827663.7
CUST_00903,Lopez Group,deborahsmith@mcclure.org,IL,Freelance,2024-08-14,4,4873272.18
CUST_00904,Jones Inc,psanchez@garcia-rose.com,AZ,Construction,2025-04-10,12,3319959.57
CUST_00905,"Garcia, Cruz and Rodriguez",hinesdeanna@anderson.com,FL,Restaurant,2025-01-13,5,295695.44
CUST_00906,Mays PLC,sparksalbert@daniels.com,AZ,E-commerce,2025-08-14,4,810270.18
CUST_00907,Taylor PLC,tochoa@mendoza-sanchez.net,CA,Legal,2025-03-03,1,483760.38
CUST_00908,"Adams, Stephens and Smith",garciakenneth@tanner.com,NC,E-commerce,2026-02-26,8,1038390.26
CUST_00909,Perez Group,michaelmitchell@cruz.com,FL,Consulting,2024-06-16,7,3209043.76
CUST_00910,Jackson-Rodriguez,huberjuan@gilbert.com,CO,Restaurant,2024-07-30,25,1576349.33
CUST_00911,Huang PLC,gregorymoreno@white.com,CO,E-commerce,2025-04-01,3,4479643.54
CUST_00912,"Roth, Bailey and Garcia",qstanley@lindsey.com,TX,Legal,2024-12-19,5,965162.04
CUST_00913,"Thomas, Hernandez and Griffin",hbriggs@simmons.com,GA,Healthcare,2026-04-15,5,973585.56
CUST_00914,White Group,luis67@dudley.com,WA,E-commerce,2024-07-01,15,2352036.88
CUST_00915,"Dorsey, Reyes and Dunn",opatel@miller-espinoza.net,WA,Retail,2024-11-19,4,798096.84
CUST_00916,"Frank, Shepherd and Robinson",youngaaron@cox.com,TX,Restaurant,2025-11-19,5,3357298.81
CUST_00917,Brown LLC,melinda24@thomas-castaneda.biz,AZ,Legal,2026-02-14,7,4854992.41
CUST_00918,Clark and Sons,burgessdavid@padilla.biz,FL,Retail,2025-08-28,5,4211945.97
CUST_00919,Brown-Rodriguez,woodsbrittney@johnson.com,AZ,Legal,2026-02-22,3,4829857.14
CUST_00920,Sanchez Inc,lhernandez@manning-adkins.com,CO,Freelance,2025-11-12,5,2407498.29
CUST_00921,Jenkins-Rogers,mitchelleric@johnson.com,GA,Retail,2024-07-28,10,2535402.28
CUST_00922,Wall-Frazier,qspencer@shaw.com,AZ,Consulting,2026-04-27,1,645395.28
CUST_00923,Dudley-Boyd,juliamorales@robinson.net,CO,Consulting,2026-01-05,4,4747854.34
CUST_00924,"Skinner, Velasquez and Mcdonald",denise66@brown.biz,FL,Freelance,2024-10-04,2,674620.69
CUST_00925,Nelson Inc,coxkimberly@johnson-campbell.net,TX,Legal,2025-04-21,11,1049500.44
CUST_00926,Jones PLC,avilakyle@harris.com,NY,Construction,2026-02-25,1,1632759.97
CUST_00927,"Cunningham, Elliott and Tyler",williamschristopher@smith-kelly.com,TX,Restaurant,2025-12-13,2,1971090.81
CUST_00928,Porter-Edwards,iswanson@leonard.net,AZ,Healthcare,2025-04-01,6,4290289.69
CUST_00929,Shaw and Sons,matthewspatrick@melton.info,CO,Retail,2025-07-05,15,3943425.66
CUST_00930,Mcclure Inc,nicoleaguirre@thomas.net,NC,Legal,2025-09-23,4,606968.27
CUST_00931,"Gay, Franklin and Mills",seth25@ward-chase.biz,NY,Restaurant,2024-09-20,2,4628394.43
CUST_00932,Macdonald Ltd,nallen@jones.info,TX,Construction,2025-08-07,20,4344002.58
CUST_00933,Ballard and Sons,amy17@gibson.com,IL,Legal,2026-04-11,1,1357476.32
CUST_00934,Jones PLC,michael12@ingram.com,CO,E-commerce,2025-10-18,1,235455.07
CUST_00935,Santos-Taylor,bonillatracy@trevino-morales.org,GA,Consulting,2024-12-27,6,3110310.22
CUST_00936,"Anderson, Richardson and Kirk",nathaniel68@baker-hutchinson.com,GA,Retail,2025-11-07,2,2009174.08
CUST_00937,"Madden, Brown and Gibbs",mooredaniel@moore-ross.com,IL,Freelance,2026-04-10,1,293990.33
CUST_00938,Price Group,baileytaylor@mccullough.com,WA,Healthcare,2025-05-31,7,150152.8
CUST_00939,Tate-Gonzalez,caleb59@lewis-figueroa.com,WA,Construction,2026-02-21,5,1437715.93
CUST_00940,Gibson-Gardner,nthomas@carroll-huerta.biz,TX,Freelance,2025-06-13,2,715208.33
CUST_00941,Mayer LLC,nirwin@lewis.biz,CO,Healthcare,2025-12-26,1,1383628.91
CUST_00942,King-Thompson,chadsullivan@russo-hayes.biz,NC,Restaurant,2025-04-16,9,980281.67
CUST_00943,"Lewis, Orozco and White",davisrachel@richmond-phillips.com,GA,E-commerce,2024-11-07,7,3809491.81
CUST_00944,Mcmahon-Olson,tammykim@hudson.org,IL,Retail,2026-04-01,4,2600585.03
CUST_00945,Miller Ltd,mariodowns@newton.com,TX,Construction,2024-09-28,19,3562368.52
CUST_00946,Peck-Porter,daniel64@bowen.com,NY,Retail,2025-04-06,1,909999.91
CUST_00947,"Cole, Montes and Davis",julielopez@payne.com,FL,Retail,2026-04-07,1,1284976.79
CUST_00948,Farley Ltd,woodmichael@mosley-shaw.com,CA,Healthcare,2025-05-17,2,3537938.03
CUST_00949,"Porter, Duarte and Gutierrez",michael86@dickson.info,IL,E-commerce,2024-12-26,4,2550375.56
CUST_00950,Brooks-Tran,amyjames@barker.org,TX,Retail,2025-10-03,5,1247593.57
CUST_00951,Cowan Inc,bankschristina@garcia-brady.org,NC,E-commerce,2025-06-11,3,929039.29
CUST_00952,"Garcia, Wallace and Perkins",contrerasmelissa@walker.net,CO,Healthcare,2026-04-03,5,1754032.57
CUST_00953,Wilson-Gates,belllaura@gutierrez-hoover.biz,WA,Restaurant,2026-03-09,1,1461093.41
CUST_00954,Ayers and Sons,joseph44@nunez-smith.biz,CA,Consulting,2025-03-23,14,4276415.57
CUST_00955,Smith and Sons,mary89@rogers-haley.biz,FL,Freelance,2026-01-23,4,3254530.46
CUST_00956,Peters Group,christinalong@solis.biz,FL,Construction,2025-11-05,10,3275357.3
CUST_00957,Ayers Group,richardflores@kim.com,CA,Retail,2025-06-30,5,2396781.17
CUST_00958,"Wilson, Ray and Myers",mary25@davis.biz,NY,Retail,2024-09-07,6,1157661.66
CUST_00959,Fuller PLC,anthonyzimmerman@armstrong.com,WA,Construction,2025-09-12,7,2147843.66
CUST_00960,Walters-Strickland,johnhurst@lee-pittman.biz,IL,E-commerce,2025-03-16,6,1297393.61
CUST_00961,Hopkins-Hill,courtneylittle@camacho.com,WA,Legal,2025-05-25,7,2943211.42
CUST_00962,Thomas LLC,christophersnyder@durham-clark.com,AZ,Healthcare,2024-06-02,12,2829212.73
CUST_00963,Pope-Gutierrez,echung@mcdaniel.com,NC,Construction,2025-08-31,5,1527455.83
CUST_00964,"Odonnell, Stokes and White",bergerdonna@obrien.com,CO,Restaurant,2024-08-19,7,1714604.09
CUST_00965,Cooley-Greene,moorejudy@lee.net,IL,Construction,2024-12-28,4,1342677.19
CUST_00966,Holmes and Sons,michellewilson@johnson.com,WA,Freelance,2025-12-01,14,792150.02
CUST_00967,Luna and Sons,joshua31@erickson-pearson.info,FL,Retail,2026-01-12,2,4036877.62
CUST_00968,"Lamb, Graham and Potts",johngonzalez@campbell.org,NC,Legal,2026-02-09,18,3319625.1
CUST_00969,Martin-Harris,chamilton@carlson-nelson.com,NY,Retail,2025-11-07,4,3294232.82
CUST_00970,"Rodriguez, Reyes and Gonzalez",nathaniel17@preston.com,WA,Legal,2025-01-12,1,2052764.53
CUST_00971,"Ortiz, Munoz and Wiley",raymond12@jordan-lopez.com,CA,Freelance,2025-12-20,4,1748676.9
CUST_00972,Lewis LLC,dustin51@flores.com,FL,E-commerce,2025-12-02,2,4537306.2
CUST_00973,Marshall LLC,annacruz@lewis.org,IL,Construction,2025-10-31,8,4234825.26
CUST_00974,"Jones, Stafford and Fisher",ustewart@gonzalez.info,AZ,Consulting,2026-03-11,2,1504231.06
CUST_00975,Mooney Group,martinezgeorge@garza-young.com,NY,Construction,2025-05-28,3,3639673.85
CUST_00976,Smith-Logan,buckjustin@johnson-ferguson.net,NY,Healthcare,2025-08-04,1,3289451.49
CUST_00977,Rogers Inc,harrisonmaria@cummings-hill.com,IL,Freelance,2024-11-16,3,3733839.15
CUST_00978,Miller-Hampton,zsalazar@horton-gibson.com,GA,Healthcare,2025-01-21,1,1889828.03
CUST_00979,Pace-Garcia,brandonsmith@holder.biz,WA,E-commerce,2025-08-25,1,4263508.75
CUST_00980,Jackson and Sons,lisa80@parrish.com,CA,Restaurant,2025-05-28,8,2387487.43
CUST_00981,Valentine Inc,mark96@hale-buckley.org,AZ,Restaurant,2024-10-25,8,4344113.89
CUST_00982,Wilson-Flores,karenbarron@walsh-barnett.net,AZ,Construction,2025-03-20,6,2094880.91
CUST_00983,"Allen, Woods and Henry",marc73@baker.com,NY,Consulting,2026-04-04,2,4962121.87
CUST_00984,Hansen-Salas,heatherjones@brown-smith.com,GA,E-commerce,2025-02-17,4,758959.55
CUST_00985,Cardenas-Lopez,petersonlisa@palmer.info,NY,Restaurant,2026-03-28,4,2463525.19
CUST_00986,"Moore, Wagner and Sloan",sabrinacruz@parrish-palmer.biz,NY,Healthcare,2025-09-29,1,3190769.9
CUST_00987,Jones Group,ginalynn@wong.com,CO,Construction,2024-05-31,14,1086442.72
CUST_00988,Smith Group,josephalvarez@chavez.com,NY,Consulting,2026-01-18,9,2473406.6
CUST_00989,Reynolds-Hernandez,dromero@nelson-davis.biz,TX,Consulting,2026-01-10,3,3091674.71
CUST_00990,"Reilly, Lee and Lopez",brookemoreno@stone-rodriguez.com,GA,Legal,2025-10-01,4,2173675.97
CUST_00991,"Wright, Rodriguez and Wilson",johnstonjohn@garcia.biz,GA,Retail,2025-06-02,5,236740.33
CUST_00992,Long-Robinson,tyler23@walsh-mccarthy.com,IL,Retail,2024-10-29,1,4465431.64
CUST_00993,"Smith, Lopez and Velez",sstevenson@jackson.com,AZ,Freelance,2026-01-05,3,138684.82
CUST_00994,Lopez Group,suzannewade@cook-thompson.com,FL,Freelance,2024-05-30,2,3482947.5
CUST_00995,Jackson Inc,tara90@marks-kennedy.com,WA,Consulting,2025-02-19,2,558405.71
CUST_00996,Bradley LLC,aliciajackson@rowe.com,NC,Construction,2025-06-22,3,876749.93
CUST_00997,"Rogers, Henry and Bell",elizabeth45@smith-gomez.com,CA,Construction,2026-02-26,18,4744893.71
CUST_00998,"Hampton, Vincent and Barrera",rrodriguez@chandler.com,AZ,Healthcare,2025-05-16,7,2196642.89
CUST_00999,"Mcknight, Howard and Johnson",vhoward@lee.com,NY,Healthcare,2025-11-12,2,4980887.63
CUST_01000,Wiley-Shelton,harcher@baker.com,IL,Freelance,2025-06-12,7,866173.37
CUST_01001,Myers-Butler,kyle09@miles.info,GA,Retail,2026-02-17,13,1180670.51
CUST_01002,"Donaldson, Sparks and Roberts",portergina@becker-mills.com,NY,Freelance,2025-12-13,9,3683679.27
CUST_01003,"Grant, Martin and Tucker",marshalexis@robinson.com,AZ,Consulting,2025-08-28,4,659651.81
CUST_01004,Freeman Inc,abell@king.com,CA,Legal,2025-12-01,2,4388893.48
CUST_01005,"Ortega, Mack and Moore",reevesdouglas@gonzalez.com,AZ,Retail,2024-12-12,7,2989924.14
CUST_01006,Kennedy LLC,lisawalsh@ross-strong.com,TX,Retail,2024-07-03,6,288763.53
CUST_01007,Harper-Thompson,ushelton@taylor.biz,GA,E-commerce,2024-08-25,9,1932256.13
CUST_01008,"Gonzalez, Torres and Evans",ygardner@davis-rose.com,WA,E-commerce,2025-07-26,7,3524247.66
CUST_01009,"Donovan, Marquez and Mcdonald",aowens@johnson-hansen.biz,CA,Construction,2024-11-03,10,2133313.71
CUST_01010,Campos PLC,kristin98@martinez-daniels.org,AZ,Construction,2024-08-14,2,3132849.0
CUST_01011,Brown-Bruce,richardsmith@stevens.com,NY,Legal,2025-11-22,12,4161730.97
CUST_01012,Wheeler-Short,dvaughn@yang.net,AZ,Restaurant,2024-08-17,5,1449398.5
CUST_01013,"Love, Miles and Black",rtaylor@phelps.com,TX,E-commerce,2026-01-27,23,1033300.98
CUST_01014,Hanson-Gonzalez,smithcassandra@meyer.com,WA,Freelance,2024-10-29,2,1821713.09
CUST_01015,Wells PLC,hmyers@sullivan-mcgrath.com,WA,Consulting,2025-04-10,17,245058.25
CUST_01016,"Green, Salazar and Gonzales",reynoldsdaisy@thomas.com,FL,E-commerce,2025-06-17,5,1686487.9
CUST_01017,Hunt Ltd,thomasroberts@garcia.com,CA,Restaurant,2024-05-29,2,4539056.22
CUST_01018,Cruz-Marsh,bbutler@johnson.com,NC,E-commerce,2026-03-07,3,788265.24
CUST_01019,"Price, Carpenter and Johnson",wwilliams@mcdonald.info,AZ,Restaurant,2024-08-05,3,3631639.9
CUST_01020,Smith-Moore,michaelmccarthy@palmer-thompson.com,WA,Freelance,2024-08-14,6,2310918.61
CUST_01021,Rios-Hart,yespinoza@ramirez.com,WA,E-commerce,2025-01-12,6,297896.97
CUST_01022,Jones-Franco,ebennett@hopkins.net,NY,Retail,2026-02-18,2,4268630.99
CUST_01023,Anderson-Nguyen,breanna61@johnson.com,IL,Legal,2025-03-03,4,3705773.97
CUST_01024,Davis Inc,evilla@wolf-zavala.com,CA,Retail,2024-08-09,24,4267393.69
CUST_01025,Yoder and Sons,acampos@brown.com,NY,Healthcare,2025-10-24,17,1819760.65
CUST_01026,Bradford Inc,mhines@pittman.info,NC,Construction,2025-05-02,6,4398453.91
CUST_01027,Anderson-Walsh,jameshenry@mitchell.net,IL,Healthcare,2024-08-07,4,955203.63
CUST_01028,Miller Inc,harrislisa@ward.org,GA,E-commerce,2025-04-03,4,1395573.8
CUST_01029,"Lin, Peterson and Fleming",nlee@carey.net,CO,Legal,2025-03-23,7,3261790.1
CUST_01030,Solis Group,egarrett@miller.com,NY,Restaurant,2026-02-05,1,705932.3
CUST_01031,Hall-Guzman,andrew44@warner-jones.com,CA,Consulting,2025-12-12,3,563379.87
CUST_01032,Jones-Johnston,reginald08@snow.com,CO,E-commerce,2025-08-29,1,947239.77
CUST_01033,"Johnson, Morgan and Green",pamela02@payne.com,IL,Retail,2025-03-18,6,4319750.08
CUST_01034,"Gaines, Brown and Snyder",reedchad@george-salazar.com,NY,E-commerce,2026-04-11,7,4605970.03
CUST_01035,"Mendoza, Anderson and Cummings",johnsonwilliam@bell.com,GA,E-commerce,2024-08-23,3,277563.01
CUST_01036,Velazquez Inc,amandadalton@sutton.biz,IL,Retail,2024-12-16,15,3537612.47
CUST_01037,Dominguez-Jordan,hdunn@wilson-gilbert.com,AZ,Freelance,2025-11-05,1,4890583.01
CUST_01038,Lee-Kim,allenchristopher@perez.net,IL,Restaurant,2025-10-29,1,2192597.14
CUST_01039,"Williams, Pham and Marks",lisajones@gonzales.com,FL,E-commerce,2025-12-13,5,1761459.96
CUST_01040,Bailey-Rios,whitneyanderson@mendoza-martinez.com,GA,Consulting,2025-11-04,10,4203213.46
CUST_01041,Wright PLC,troymoss@hurst-trevino.info,NC,Retail,2025-08-04,17,107642.09
CUST_01042,"Turner, Richardson and Arnold",alisonadams@weaver.biz,AZ,E-commerce,2024-09-26,3,4266762.2
CUST_01043,"Sampson, Tucker and Miller",maureenmeyer@harmon-clark.com,NY,Restaurant,2026-04-03,10,3769578.51
CUST_01044,"Velasquez, Thomas and Spence",dsantos@smith.com,FL,Healthcare,2025-01-31,4,4852217.99
CUST_01045,Chapman-Evans,brownmelissa@simpson-roy.biz,AZ,Freelance,2024-07-05,3,2774953.07
CUST_01046,Williams-Harris,donnapatel@torres.com,GA,Freelance,2025-03-17,9,440211.45
CUST_01047,"Webster, Rogers and Clayton",lisa93@peterson.biz,NC,E-commerce,2025-05-07,7,485698.32
CUST_01048,Patton-Mcfarland,aguirreangela@randolph.net,CO,Healthcare,2025-06-18,1,637598.92
CUST_01049,Coleman-Ball,francisco67@riddle.com,CA,Restaurant,2025-06-18,14,2047026.31
CUST_01050,"Tapia, Miller and Wright",matthew60@hill.org,AZ,Retail,2024-06-24,13,4138248.35
CUST_01051,Martinez PLC,mary27@smith-smith.com,NC,Construction,2026-02-01,2,4456048.95
CUST_01052,Castillo-Richard,rickyriley@hill.net,FL,E-commerce,2025-08-07,6,4754257.89
CUST_01053,Ashley-Alexander,katie44@martinez-mccoy.com,CA,Freelance,2025-03-05,6,4229371.33
CUST_01054,"Douglas, Hall and Pena",gabriellevalencia@stewart.com,AZ,E-commerce,2025-02-09,5,3597457.44
CUST_01055,Smith-Kirk,amber09@bailey.net,CO,Restaurant,2025-03-05,2,532313.26
CUST_01056,Wilson-Jones,markwatson@perry.com,FL,Retail,2025-10-21,2,1739717.72
CUST_01057,Nguyen LLC,theresa57@howell-martin.com,WA,Healthcare,2026-03-03,4,3525375.46
CUST_01058,Conrad-Buck,rodriguezjason@dixon-norman.net,NY,E-commerce,2024-07-02,11,745223.48
CUST_01059,"Marquez, Case and Gray",sandovaledward@miller.com,GA,Restaurant,2025-12-05,6,1308732.09
CUST_01060,"Gordon, Andrews and Kelley",hryan@yates.net,FL,Restaurant,2024-10-26,3,4654570.48
CUST_01061,Stewart-Lee,rhonda53@hall-edwards.com,FL,E-commerce,2025-03-28,8,4131543.01
CUST_01062,"Allen, Oconnor and Beard",christopher88@melendez.info,IL,Restaurant,2024-10-22,1,3797889.24
CUST_01063,"Hall, Hartman and Hall",sarasanchez@craig-wade.org,NC,Restaurant,2024-07-02,11,3872118.61
CUST_01064,Flynn-Peterson,millerrobert@johnston.com,CO,Consulting,2025-05-12,1,4821081.04
CUST_01065,Walter Inc,davidbaker@dawson.com,AZ,Retail,2024-05-31,3,2788470.33
CUST_01066,Johnson-Jackson,andersonmichelle@strong-gomez.biz,NC,E-commerce,2025-04-28,1,4625635.83
CUST_01067,"Hawkins, Joseph and Wilson",brittany91@williams.info,NY,Consulting,2026-01-24,1,3665948.58
CUST_01068,Mccoy-Yang,eroberts@taylor.net,TX,Legal,2024-09-04,11,3304732.97
CUST_01069,Hernandez Inc,emily76@gonzales-romero.org,IL,Legal,2025-09-10,3,2122390.49
CUST_01070,Duffy-Davis,trevor09@merritt.biz,FL,Construction,2025-09-12,5,2019456.48
CUST_01071,Morris-Flores,stephaniewilliams@khan.com,WA,E-commerce,2025-02-18,4,4033744.31
CUST_01072,"Hobbs, Edwards and Reed",davidhill@walker-jackson.com,GA,Construction,2024-09-12,6,4223218.43
CUST_01073,"Molina, Middleton and Estrada",codyarnold@fischer.net,IL,Freelance,2025-07-27,4,1044400.96
CUST_01074,"Lloyd, Smith and Wall",woodjuan@simmons.info,WA,Healthcare,2025-09-24,1,4609899.23
CUST_01075,Hardin-Moran,wallaceryan@miller-taylor.com,NY,Healthcare,2024-09-07,9,3566246.0
CUST_01076,"Barnett, Schmitt and Lara",jessicamurphy@rogers.com,IL,E-commerce,2026-01-08,3,2934891.04
CUST_01077,"Watts, Mcclain and Johnson",randolphlaura@lee-grant.com,GA,Construction,2025-10-27,1,4393512.31
CUST_01078,"Burton, Sanchez and Willis",emilybaker@washington.info,CA,Restaurant,2025-04-20,3,175097.1
CUST_01079,Anderson-Walters,tapiamercedes@lewis.org,CA,Retail,2024-09-17,14,1039516.97
CUST_01080,Mckinney Inc,nwatts@welch-young.com,NY,Construction,2025-12-31,8,3432782.13
CUST_01081,Moreno-Best,mary47@robles-myers.com,CA,Construction,2024-09-18,3,1059804.47
CUST_01082,"Castillo, Davis and Rodriguez",robert75@bates.com,CA,Healthcare,2025-07-22,3,4079429.78
CUST_01083,Huber-Guerrero,heidi27@burke-mcdaniel.com,NC,Freelance,2024-08-15,3,3724943.04
CUST_01084,Adams-Lewis,xbrown@green-stewart.biz,GA,Freelance,2025-08-06,23,2579065.4
CUST_01085,Coleman-Green,adamsjessica@fields-williams.info,WA,Retail,2026-02-05,6,4636099.82
CUST_01086,Walker-Hutchinson,kimberlyrodriguez@bishop.com,GA,Healthcare,2025-03-24,6,4830874.41
CUST_01087,Davis-Bush,katie81@williams.com,CA,Construction,2024-07-08,10,1055281.75
CUST_01088,"Foster, Robbins and Roberts",reneerivera@tran.com,CO,Freelance,2026-04-02,5,4561857.57
CUST_01089,Bruce PLC,masonlacey@moore.com,IL,Freelance,2025-11-26,3,3891926.39
CUST_01090,Welch Ltd,arthurbrady@rios-anderson.com,WA,E-commerce,2024-10-25,3,928258.2
CUST_01091,Jones PLC,vsmith@jacobs.biz,TX,Consulting,2025-11-08,4,4814252.48
CUST_01092,Decker LLC,ronald04@stevens-garcia.org,AZ,Restaurant,2025-12-19,4,1917131.22
CUST_01093,Bennett-Jordan,tammyhoffman@mitchell-warner.net,WA,Construction,2025-04-25,8,693829.32
CUST_01094,Reyes Group,wbean@klein.com,WA,Retail,2025-08-24,4,1686285.8
CUST_01095,Wise-West,phart@cook-pacheco.com,NY,Retail,2025-11-29,8,810831.75
CUST_01096,Hoffman and Sons,fwatkins@powell.net,NC,Retail,2025-02-02,4,3879621.7
CUST_01097,"Franco, Hodges and Brown",tking@morgan.org,NC,Construction,2025-09-25,4,2478227.16
CUST_01098,"Russell, Smith and Vaughn",ugardner@young.net,AZ,Healthcare,2025-08-15,1,410759.94
CUST_01099,"Haney, Miller and Garcia",bennettkatherine@meyer.com,IL,Freelance,2025-11-28,9,4787089.2
CUST_01100,Kim Inc,mccluretyler@pratt.net,TX,Consulting,2025-07-06,5,2108859.66
CUST_01101,Ross-Phillips,uforbes@nelson.org,GA,Restaurant,2025-07-18,9,1779544.61
CUST_01102,"Martin, Roberts and Cohen",april47@clark-rivera.com,FL,Healthcare,2026-04-13,1,1688779.36
CUST_01103,Warren Group,stewartharold@jones-rowland.com,FL,E-commerce,2025-01-10,23,4983323.86
CUST_01104,"Lopez, Benson and Medina",cody97@moore.com,CA,Restaurant,2026-02-26,4,3361245.42
CUST_01105,Fuller-Reilly,justin69@torres.com,FL,Freelance,2025-05-08,10,4796539.24
CUST_01106,"Weaver, Hopkins and Jones",dakotarobinson@baker.com,IL,Legal,2025-11-08,1,4583865.53
CUST_01107,"Matthews, Miranda and Rivera",tammy97@jackson.com,GA,Construction,2024-08-23,7,2724174.7
CUST_01108,Noble PLC,douglasalvarez@morris.com,CA,Healthcare,2025-01-02,1,2595829.86
CUST_01109,"Aguirre, Coleman and Ruiz",vincent13@long.com,CO,E-commerce,2025-06-26,2,267065.72
CUST_01110,Roberson-Stewart,waremegan@dougherty.com,FL,Healthcare,2026-04-25,20,2593778.77
CUST_01111,Castro-Henry,gina86@bailey.info,NY,Retail,2024-08-10,3,3153318.73
CUST_01112,"Reed, Coleman and Jensen",patrickwhite@cowan.com,FL,Legal,2024-11-07,5,4186542.13
CUST_01113,Willis LLC,bartlettruth@dorsey.com,AZ,Legal,2024-11-03,8,3250477.74
CUST_01114,"Mendoza, Williams and Dominguez",joshua09@roy.org,NY,Retail,2024-07-22,6,2323164.91
CUST_01115,"Gibson, Thompson and Brady",johnsonanthony@hernandez.com,CA,Restaurant,2025-02-09,5,412577.74
CUST_01116,Barnes Inc,ramosjennifer@davis-stephens.com,WA,Restaurant,2024-10-12,6,2896063.36
CUST_01117,"Mendez, Smith and Hood",rachael29@blackburn.biz,WA,Legal,2024-11-20,30,1970761.39
CUST_01118,Monroe-Caldwell,leekathleen@daniel.com,GA,Legal,2025-09-29,4,1616201.02
CUST_01119,Williams-Franklin,vthompson@collins.com,TX,Retail,2025-03-26,5,3225042.6
CUST_01120,Peterson PLC,knightsteven@hardin.com,TX,Retail,2025-09-19,10,3519366.06
CUST_01121,Stewart Ltd,wangkristina@little.com,IL,Restaurant,2024-07-23,10,1484691.16
CUST_01122,"Harding, Parker and Becker",julierojas@brown-mccarthy.com,WA,Restaurant,2025-11-11,11,1443511.35
CUST_01123,Taylor-Stewart,marynelson@thompson.com,GA,Legal,2025-05-02,7,4119505.73
CUST_01124,"Gonzales, Davis and Kelly",michael87@mcdaniel.org,CO,Consulting,2024-06-20,1,2690665.43
CUST_01125,Moore-Carroll,zreed@hogan.net,GA,Construction,2024-09-10,16,4802664.61
CUST_01126,"Gallegos, Bauer and Davis",jonathanmcdonald@weeks.com,WA,Healthcare,2024-09-16,1,4789088.66
CUST_01127,Taylor-Willis,anne90@haynes-soto.com,AZ,Consulting,2024-06-05,5,660014.04
CUST_01128,Fisher LLC,deborah12@torres-owens.com,NC,Legal,2024-05-31,2,2708902.64
CUST_01129,Gonzales PLC,swatkins@simon-wells.com,WA,Freelance,2024-08-01,4,3754068.1
CUST_01130,Cummings-Burke,tgregory@arellano.net,IL,Freelance,2025-12-12,5,2092639.76
CUST_01131,Fisher LLC,kwatkins@jackson.net,AZ,Consulting,2025-10-11,5,846724.07
CUST_01132,Lynn PLC,davidcook@waller.com,NC,Construction,2024-11-15,6,1011914.77
CUST_01133,Ellis-Martin,hopkinsjames@turner.com,NC,Retail,2024-10-15,16,4264369.23
CUST_01134,Hodge Group,ramseyeric@singleton.com,CO,Restaurant,2025-07-28,6,1488730.7
CUST_01135,Ruiz Ltd,ehale@bennett.com,WA,Restaurant,2024-07-19,3,1027217.08
CUST_01136,Anderson-Hines,ricardomurphy@weiss-cross.biz,CO,Healthcare,2025-08-21,9,1817834.88
CUST_01137,"Long, Jones and Freeman",walkercharlotte@wood.net,FL,Restaurant,2025-10-31,11,1461428.86
CUST_01138,Bishop Group,brewerdevin@williams.biz,FL,Healthcare,2024-07-20,1,2455013.09
CUST_01139,Morgan Ltd,ronaldmitchell@leonard-castillo.com,NC,Construction,2025-02-06,7,3482617.74
CUST_01140,White-Sanders,marshallchristopher@oconnor.com,NC,Healthcare,2024-09-23,7,4048113.83
CUST_01141,Flores PLC,aparks@valdez-santiago.biz,NY,Retail,2025-04-25,3,1600413.16
CUST_01142,Turner LLC,munozleah@shaw-norman.com,FL,Legal,2026-01-27,13,1419565.18
CUST_01143,"Bonilla, Rodriguez and White",yschmidt@miller.org,NY,Healthcare,2025-03-02,3,4395534.86
CUST_01144,Gonzalez-Hess,dgraham@williams-parrish.info,CO,Healthcare,2025-05-22,4,3885096.46
CUST_01145,Williams-Greene,johnny54@daniels.com,AZ,Restaurant,2025-06-09,3,920062.3
CUST_01146,Butler-Griffin,cynthia91@dennis-schmidt.biz,TX,Construction,2025-09-10,4,4300632.59
CUST_01147,Thompson PLC,martinezduane@jordan-hill.info,AZ,Freelance,2024-09-13,1,1353011.52
CUST_01148,"Williamson, Sellers and Berger",uwilliams@johnson-lynch.com,TX,Restaurant,2026-04-16,1,4465920.66
CUST_01149,Hunt-Swanson,sara46@johnson-clements.com,AZ,Retail,2026-03-18,16,4072579.88
CUST_01150,"Delgado, Andrade and Copeland",ysanford@duncan.org,GA,Freelance,2025-08-20,2,4536202.71
CUST_01151,"Ryan, Leon and Benson",brooksthomas@hill-barker.com,WA,E-commerce,2025-07-30,2,3286845.29
CUST_01152,Mason-Williams,rbrowning@nelson-russell.com,IL,Legal,2024-09-20,1,1155367.91
CUST_01153,Sandoval-Hill,ogeorge@davis-walker.com,NC,Construction,2026-01-17,2,712712.23
CUST_01154,Brown LLC,omatthews@murphy.com,AZ,Restaurant,2025-06-20,1,2014086.53
CUST_01155,Peterson-Reed,vhernandez@clark-wolfe.biz,CA,Freelance,2025-06-21,16,4247510.11
CUST_01156,Powell-Guerrero,welchanna@miller-adkins.net,NC,Consulting,2026-02-13,10,3798170.05
CUST_01157,Torres-Potter,bcraig@weber.org,CO,Consulting,2024-09-13,2,936768.66
CUST_01158,Cunningham-Perry,potterjustin@henry.com,NY,E-commerce,2025-08-10,27,4698917.53
CUST_01159,Lawson-Atkinson,fosterjason@duncan.com,FL,E-commerce,2024-06-28,9,1197162.04
CUST_01160,"Werner, Pierce and Bell",robertgreene@townsend-mccoy.com,IL,Freelance,2024-12-19,3,261901.78
CUST_01161,"Nichols, Myers and Trevino",ssherman@moore-marks.biz,AZ,Healthcare,2024-11-04,1,1971060.89
CUST_01162,Smith-Gallegos,rdouglas@reyes.biz,CA,Retail,2025-05-15,28,4903919.42
CUST_01163,Jenkins-Fields,dillonharvey@greene.biz,TX,Construction,2025-02-03,1,4182617.72
CUST_01164,Nguyen and Sons,ashleykennedy@crane.org,NC,Consulting,2024-12-18,1,1914464.87
CUST_01165,"Price, Dixon and Lee",stephensharp@thompson.com,IL,Restaurant,2025-03-17,10,2607481.34
CUST_01166,Anderson-Brown,clarksteven@sutton.com,FL,Legal,2025-03-16,31,1796845.14
CUST_01167,Kaufman PLC,laramary@sanchez.com,IL,E-commerce,2026-04-01,13,3973654.39
CUST_01168,Goodman Ltd,ecamacho@jones-butler.com,NC,Retail,2026-04-16,7,2534093.07
CUST_01169,"Medina, Baldwin and Lawson",gonzalesmaria@carter.com,CO,Consulting,2024-09-12,7,1188454.29
CUST_01170,Ross-Ho,hpatterson@thomas.org,WA,Freelance,2025-07-01,8,793690.02
CUST_01171,Bowen LLC,jdouglas@pope.com,IL,Restaurant,2024-09-26,8,3322492.73
CUST_01172,Rivera Ltd,ellisjenna@sherman.com,IL,Restaurant,2025-04-14,5,2433507.41
CUST_01173,"Wallace, Cobb and Lyons",brooke22@roberts.com,CO,Freelance,2025-06-03,4,2974414.95
CUST_01174,"Carter, Duffy and Moore",thomas74@manning.com,GA,Retail,2025-10-12,4,1256168.02
CUST_01175,Lawson Group,dana03@turner.net,NC,Consulting,2024-09-04,2,716884.04
CUST_01176,"Berg, Black and Woods",teresaschneider@farrell.info,CA,Consulting,2025-06-29,3,326764.42
CUST_01177,"Jackson, Fox and Thompson",esmith@walker-clark.com,NY,Legal,2024-12-14,1,3016819.74
CUST_01178,Franklin-Daniel,santosmichael@hudson-fowler.com,CA,Construction,2025-08-08,4,4738906.65
CUST_01179,"Singleton, Logan and Warren",judithcox@ross.com,CO,E-commerce,2024-11-11,2,4343146.88
CUST_01180,"Jones, Tran and Nichols",wallerbrian@mills.com,FL,Legal,2024-10-07,1,3024151.64
CUST_01181,"Mayer, Mathews and Perez",mthompson@arnold-davis.com,NC,Consulting,2026-02-03,5,3134898.11
CUST_01182,"Rivas, Brown and Leach",bruce33@gill.com,WA,Consulting,2025-06-28,13,3634724.65
CUST_01183,Tyler-Jones,fwilson@gonzalez-daniels.com,CO,Restaurant,2025-02-17,9,1187578.25
CUST_01184,"Freeman, Hudson and Perkins",cortezscott@lee.info,NY,Restaurant,2025-03-23,1,131985.01
CUST_01185,King Group,travis25@webb.com,AZ,Legal,2025-07-07,2,4141245.22
CUST_01186,"Wright, Hill and Hoffman",connie12@smith-barry.net,TX,Consulting,2025-09-10,9,2405552.47
CUST_01187,Simpson-White,gchambers@peterson-mcdaniel.com,NC,Retail,2025-09-17,2,4394875.56
CUST_01188,Maxwell and Sons,kyletorres@kennedy.com,AZ,Restaurant,2025-07-14,3,511290.33
CUST_01189,"Powers, Morris and Lee",kfloyd@bates.info,NY,Retail,2025-10-21,6,4489996.32
CUST_01190,"Larson, Butler and Barber",sarahkennedy@wood-torres.com,GA,Legal,2026-01-19,2,1883368.38
CUST_01191,"Stewart, Parker and Elliott",zsmith@schmitt.com,AZ,Legal,2024-06-30,4,1185956.97
CUST_01192,Wang-Smith,jasonmoran@wall-johnson.biz,CO,Legal,2026-02-09,1,1785063.18
CUST_01193,Nguyen-Castro,laurenwilliamson@gates-rodriguez.com,NC,Restaurant,2026-02-11,2,2156172.51
CUST_01194,Nguyen Group,ccrane@price.com,CO,Freelance,2024-12-11,5,4554922.52
CUST_01195,Benitez-Willis,garciadanielle@medina-kim.com,WA,Legal,2024-07-31,1,1326134.63
CUST_01196,Ruiz Ltd,nguyenkimberly@holloway-sawyer.org,CA,Restaurant,2024-05-31,6,2622821.14
CUST_01197,Andrews-Hoffman,ksanchez@farmer.com,FL,Healthcare,2025-03-15,4,2073783.13
CUST_01198,"Johnson, Barton and Jones",susan57@wilkerson.info,NY,Legal,2024-08-18,6,3275300.88
CUST_01199,Cook-Byrd,jonathan02@may.biz,WA,Legal,2024-12-10,5,2845117.68
CUST_01200,Yates-Decker,durhamwilliam@knight.net,WA,Legal,2025-09-14,13,3787110.91
CUST_01201,Tyler-Vasquez,cynthia19@mccann.net,AZ,E-commerce,2025-04-13,4,934662.01
CUST_01202,Lindsey Inc,mbishop@wang.com,AZ,E-commerce,2025-08-04,3,1306199.34
CUST_01203,Hayes-Gilmore,debrajones@johnston.biz,NC,Healthcare,2025-01-20,4,3882262.7
CUST_01204,Morales LLC,hansonpeter@perez.com,NY,Restaurant,2025-04-01,6,3751680.27
CUST_01205,Foley-Silva,amanda39@barry-espinoza.org,NY,Restaurant,2025-05-09,4,1111567.8
CUST_01206,Lopez and Sons,kylegarcia@guzman.net,IL,Retail,2025-04-03,4,845653.15
CUST_01207,Blevins-Murphy,sarah33@martin-ritter.com,CA,Restaurant,2025-10-03,2,4125114.55
CUST_01208,Barton Inc,natalieblackburn@flowers.com,NC,Legal,2025-05-29,2,486296.41
CUST_01209,Dillon-Dickerson,omargriffin@gonzalez-wise.org,FL,Healthcare,2024-12-18,1,446196.7
CUST_01210,Davis and Sons,martinjason@yang-howard.com,GA,Legal,2024-06-26,18,3089129.67
CUST_01211,Lee-Galloway,timothy81@smith-james.biz,WA,Retail,2025-07-06,1,4731293.5
CUST_01212,Nixon-Garcia,sonya16@turner.biz,NY,E-commerce,2026-02-23,2,2222911.64
CUST_01213,Smith-Brandt,brandon32@smith.info,AZ,Construction,2024-10-31,2,1013995.15
CUST_01214,Brown and Sons,nathan62@thompson-mayer.com,NC,Freelance,2026-01-26,9,3095190.43
CUST_01215,"Pacheco, Barnett and Diaz",buchanananthony@torres.com,CA,Healthcare,2025-11-02,3,1234320.3
CUST_01216,Howell-Johnson,riverapamela@moss.biz,NY,Restaurant,2024-05-27,12,4984244.86
CUST_01217,Ryan PLC,ericsmith@davis.com,GA,Healthcare,2026-01-23,2,3364827.13
CUST_01218,Marshall-Perry,mtaylor@smith.com,NC,Freelance,2025-04-07,5,2612826.37
CUST_01219,Morris PLC,summer17@goodman-christian.com,TX,Restaurant,2025-12-21,2,2770483.64
CUST_01220,Robinson and Sons,jeremiahmiller@love.org,AZ,Healthcare,2025-12-12,24,1770001.69
CUST_01221,Wright LLC,jessicaturner@dickson.org,WA,Freelance,2026-02-20,1,3051498.87
CUST_01222,Wolf-Anderson,jbrooks@doyle.biz,CO,Legal,2024-10-25,5,2895788.27
CUST_01223,"Williams, Gonzalez and White",cynthiaconley@martin.com,NY,Legal,2024-12-16,7,2555878.58
CUST_01224,"Castillo, Mathews and Lopez",nhayes@howell-gardner.com,TX,Construction,2025-08-04,6,1732831.18
CUST_01225,"Ramirez, Mack and Bradshaw",wendy24@roman-freeman.net,AZ,Construction,2024-08-26,3,4386759.58
CUST_01226,Alvarado-Barnett,kathryn41@simmons-johnson.net,NC,Construction,2026-02-18,4,3486249.71
CUST_01227,Davis Group,martinezjennifer@marks.info,NC,E-commerce,2025-03-16,4,3861337.6
CUST_01228,Tran-Ayers,raymondpugh@lee.com,IL,E-commerce,2026-01-06,3,3423893.63
CUST_01229,Quinn LLC,annaschmidt@mcbride.net,NC,Retail,2026-04-24,9,2435752.3
CUST_01230,Steele PLC,nicholasgarcia@reid.com,TX,Legal,2024-12-13,26,3186625.9
CUST_01231,"Hernandez, Dunlap and Lynch",joshuahaley@phillips-santana.biz,FL,Healthcare,2024-11-14,2,2091508.56
CUST_01232,Mcdonald-Taylor,aaron48@collins.com,AZ,Retail,2025-02-25,1,3519051.83
CUST_01233,Fischer and Sons,timothymartin@myers.biz,FL,Construction,2024-12-18,4,510396.68
CUST_01234,Vargas-Wright,chad42@martinez-singh.com,IL,Restaurant,2025-11-01,35,2795029.95
CUST_01235,Ramos Ltd,kathleen01@collins.info,CO,Healthcare,2024-10-13,2,1800012.73
CUST_01236,Guerrero LLC,weaverchelsea@jones.com,NC,Construction,2026-04-22,16,954783.04
CUST_01237,Herring-Williams,daniel76@jackson.info,FL,E-commerce,2025-12-28,17,3698705.63
CUST_01238,Walker-Garcia,john76@brown-garcia.com,FL,Construction,2024-11-26,2,1073554.23
CUST_01239,"Oconnor, Conway and Bowman",robert45@smith.info,FL,Healthcare,2024-11-01,7,822178.06
CUST_01240,Willis and Sons,gwade@freeman.org,TX,Restaurant,2024-08-18,16,3395270.02
CUST_01241,"Harrell, Contreras and Williams",garzalaura@johnston.com,CO,Retail,2025-10-25,3,3833008.85
CUST_01242,Carpenter-Fletcher,tochoa@williams.info,CA,E-commerce,2025-07-22,3,1887422.85
CUST_01243,"Boyer, Johnson and Ross",bcaldwell@bradley.com,CO,Construction,2025-01-27,2,2479486.49
CUST_01244,Carter Group,danielmelissa@howard-vega.com,AZ,Construction,2026-01-11,1,2019503.51
CUST_01245,Hill Inc,stephen42@hansen.com,NC,Consulting,2025-12-31,2,318033.45
CUST_01246,"Morales, Bailey and Ochoa",vgates@jensen-singh.com,GA,E-commerce,2026-02-07,1,4701289.39
CUST_01247,Poole-Garcia,fowlerlawrence@fowler-sherman.com,AZ,Healthcare,2024-06-21,4,1998898.77
CUST_01248,Chase-Washington,linda52@morris.com,NY,E-commerce,2025-11-11,2,4883710.62
CUST_01249,"Collins, Hunter and May",katherine82@montgomery-jones.com,AZ,E-commerce,2025-11-21,5,1612473.76
CUST_01250,Dawson Ltd,jphelps@peterson.biz,CA,Freelance,2024-06-03,1,1928168.62
CUST_01251,Kirk Ltd,christina15@ramos.com,IL,Healthcare,2024-08-13,5,3083251.58
CUST_01252,"Moore, Haney and Johnson",marthalucero@golden.com,NY,Construction,2024-12-15,8,1223838.8
CUST_01253,Smith and Sons,mathewstimothy@perry-arnold.org,NC,Healthcare,2025-05-28,1,1861324.55
CUST_01254,Gutierrez PLC,yburton@green.com,GA,Freelance,2025-06-19,6,2124510.07
CUST_01255,Wood-Mccullough,lukekelly@taylor.com,IL,Healthcare,2026-01-01,11,4278914.13
CUST_01256,"Riley, Davis and Lowery",gnichols@perez.net,CO,Consulting,2024-12-30,1,2878478.1
CUST_01257,Marshall PLC,stevenssamuel@graham.net,FL,Restaurant,2025-08-18,17,3618036.52
CUST_01258,Hansen-Brown,thomas21@gomez.com,FL,Legal,2026-02-11,6,4288728.26
CUST_01259,"Johnson, Harper and Jordan",valerielewis@collins-terry.com,NY,Consulting,2024-10-26,2,2391285.77
CUST_01260,Hall-Lindsey,ithomas@matthews.com,NY,Legal,2024-06-04,4,2523009.24
CUST_01261,"Webster, Matthews and Hampton",austinalyssa@martin.com,AZ,Healthcare,2026-04-21,7,3937398.04
CUST_01262,Johnson Group,riveraclinton@berry-rush.biz,WA,Retail,2025-01-15,4,2022089.41
CUST_01263,James-Wells,isaac45@mann.info,NY,Retail,2025-11-15,6,1116563.26
CUST_01264,Lopez Group,jeremyduke@miller.com,CO,Restaurant,2024-12-11,2,2276781.35
CUST_01265,Suarez Inc,flemingcody@stuart.com,WA,Healthcare,2025-02-11,5,1833517.57
CUST_01266,Murphy LLC,marshashley@villarreal-sosa.com,WA,Healthcare,2025-08-03,1,148184.9
CUST_01267,"Oliver, White and Robinson",collin29@berry-vance.com,IL,Freelance,2024-08-29,4,2905426.09
CUST_01268,"Hernandez, Fuentes and Johnson",mcconnellpamela@aguirre.com,AZ,Consulting,2025-10-14,2,4897897.01
CUST_01269,Bailey and Sons,racheljimenez@moore.info,IL,Healthcare,2025-01-03,2,3382304.56
CUST_01270,"Kelley, Price and West",barnettcameron@diaz.info,CO,Restaurant,2025-06-10,12,1936301.44
CUST_01271,Bauer Inc,brian79@abbott.com,CO,Consulting,2025-01-05,10,4347875.37
CUST_01272,"Hart, Park and Boyd",justintaylor@carter.biz,IL,Legal,2025-10-07,7,3174803.37
CUST_01273,Graham-Miller,henrymarc@lynch-torres.com,GA,Restaurant,2025-08-14,1,441604.04
CUST_01274,"Hale, Rose and Williams",parkerbriana@daniels.net,FL,Healthcare,2025-02-18,3,1618547.3
CUST_01275,Williams LLC,ilopez@colon.biz,WA,Legal,2025-01-09,11,1392678.1
CUST_01276,"Romero, Sweeney and Hicks",lozanocorey@stafford.com,IL,E-commerce,2025-05-08,5,2099245.85
CUST_01277,Klein Group,ashleyaustin@weeks.com,CA,Consulting,2024-10-17,28,3652473.46
CUST_01278,Smith-Allen,tracey63@lowery-morales.com,WA,Restaurant,2025-10-23,6,1092328.88
CUST_01279,George PLC,nicole69@shields.com,TX,Restaurant,2025-04-01,5,365772.38
CUST_01280,Vaughn-Perry,mbennett@king-smith.biz,CO,Retail,2026-04-10,3,180506.32
CUST_01281,Dominguez Group,elizabethwalker@wilson.com,AZ,Restaurant,2025-04-01,4,564445.6
CUST_01282,Herrera and Sons,stephanie64@mitchell.com,NY,Restaurant,2025-09-19,3,3291421.74
CUST_01283,Carson-Henson,peterstyler@holmes.info,GA,Construction,2026-04-15,7,1185311.98
CUST_01284,Rodriguez-Perez,wlopez@drake.info,WA,E-commerce,2025-12-21,9,3151079.39
CUST_01285,"Thomas, Harper and Williams",kaylahardy@carroll.com,AZ,Consulting,2024-09-06,2,191427.9
CUST_01286,Weeks-Bell,rachelbrown@hernandez-carter.com,IL,Healthcare,2025-10-25,1,4327993.65
CUST_01287,White and Sons,diane70@jones-sanchez.net,AZ,Construction,2025-05-25,1,2765299.11
CUST_01288,Hawkins-Thomas,brian16@ferguson.com,AZ,Consulting,2024-09-09,6,2974613.09
CUST_01289,Johnson-Valenzuela,adamsmith@cervantes.com,NC,Legal,2025-05-17,1,2641126.03
CUST_01290,Gill Inc,smithmadison@pineda-newman.com,AZ,Construction,2025-10-06,1,4549169.6
CUST_01291,"Jensen, Cole and Adkins",wsalazar@gibson.net,AZ,Freelance,2025-06-05,6,4033303.44
CUST_01292,Walker-Mitchell,sylviaprice@macias-richardson.com,WA,Healthcare,2025-05-05,32,2090408.84
CUST_01293,Trujillo-Thomas,ijenkins@archer.com,WA,Retail,2024-09-25,4,50457.11
CUST_01294,Mcmahon Group,cmurray@farley-ford.com,NY,Healthcare,2026-02-20,8,1469473.13
CUST_01295,Ortega-Anderson,johnmarquez@lee.org,CA,E-commerce,2025-07-17,4,4737439.68
CUST_01296,Mccullough-Kelley,tbrooks@long.com,WA,Retail,2025-06-02,4,3841052.56
CUST_01297,"Pearson, Evans and Wall",nwilliams@arnold-moore.biz,WA,Freelance,2026-02-06,9,3993998.55
CUST_01298,"Reynolds, Hahn and Johnson",paulestrada@terrell-becker.com,IL,Freelance,2025-07-27,3,2088092.55
CUST_01299,"Morales, Casey and Gonzalez",pstewart@anderson.org,GA,Legal,2025-08-06,5,1286985.78
CUST_01300,"Moss, Liu and Lowe",milleralan@rivera.com,GA,Legal,2025-12-04,5,1141932.51
CUST_01301,Harris-Hernandez,kylejones@blankenship.info,GA,Freelance,2024-07-28,2,2607219.81
CUST_01302,Padilla-Roberts,langernest@martin.net,NC,Construction,2026-02-08,9,1459150.43
CUST_01303,"Ortiz, Hoffman and Fuller",hannah31@dougherty.com,AZ,Construction,2025-12-25,3,2093874.19
CUST_01304,Beard Group,xwoods@willis.info,TX,Consulting,2026-03-21,2,726288.96
CUST_01305,"Armstrong, West and Smith",kpotts@blackwell-huerta.com,CO,E-commerce,2024-08-21,6,1397063.95
CUST_01306,Thompson PLC,erica21@gonzalez.com,CO,Freelance,2025-09-23,2,1637186.43
CUST_01307,Morrison-Lloyd,howellbrittany@diaz.com,CA,Retail,2024-09-22,4,970391.11
CUST_01308,"Ramirez, Meyer and Moon",kflores@banks.com,WA,Construction,2024-08-15,4,668944.05
CUST_01309,Cole-Hamilton,nelsonwanda@ellis.com,CA,Freelance,2025-05-03,10,496475.07
CUST_01310,"Smith, Berry and Turner",rebeccajames@dominguez.biz,CO,Freelance,2024-06-08,6,1742468.63
CUST_01311,Richardson-Hunt,vrussell@hahn.com,CO,Healthcare,2025-01-24,4,2345238.11
CUST_01312,"Lee, Campbell and Miller",fsellers@gentry.com,CA,Healthcare,2026-02-01,8,447104.33
CUST_01313,Drake Inc,charlesbrooks@armstrong.com,NY,Retail,2025-12-31,13,1369192.71
CUST_01314,Smith Inc,molly91@aguilar.com,TX,E-commerce,2025-03-28,7,948938.51
CUST_01315,"Rodriguez, Martinez and Padilla",samanthahouse@davis.com,WA,Legal,2026-04-23,4,4149847.63
CUST_01316,Moody-Hall,lovepaul@moreno.info,FL,Legal,2024-08-30,1,3867565.4
CUST_01317,"Mccarthy, Harrison and Dennis",ramoswilliam@thompson.com,FL,Retail,2025-05-06,1,1035940.39
CUST_01318,Humphrey PLC,hollywarner@lopez.com,TX,Freelance,2025-12-19,3,2390486.45
CUST_01319,Foster PLC,carolyn84@simmons.com,WA,Healthcare,2025-11-07,2,835126.61
CUST_01320,"Smith, Zamora and Sutton",karen10@snyder.com,CA,Restaurant,2025-12-14,3,1303898.06
CUST_01321,"Campos, Jordan and Craig",vsmith@davis.com,WA,Freelance,2025-10-05,4,1834111.95
CUST_01322,"Becker, Gregory and Jones",jessica57@harmon-castillo.info,FL,Restaurant,2024-07-07,6,1218030.9
CUST_01323,Hines-Edwards,jeremyjackson@gomez.biz,IL,Retail,2025-04-29,4,878433.76
CUST_01324,Melton-Marshall,douglaschristensen@herring-marks.com,NC,Restaurant,2024-12-28,6,2009251.09
CUST_01325,Fritz-Chen,bdiaz@whitehead.com,CA,Retail,2024-12-02,4,2926331.26
CUST_01326,Smith Group,josephgonzalez@myers-torres.net,CO,Consulting,2025-11-15,1,1888423.38
CUST_01327,Perez-Tucker,kreynolds@costa-brown.com,FL,Consulting,2024-08-05,2,2524600.07
CUST_01328,Benton Ltd,jfranklin@stone.com,NC,Healthcare,2025-11-11,3,4657701.48
CUST_01329,Henry-Frye,matthewcollins@patterson.com,CA,Retail,2026-01-07,1,1809812.49
CUST_01330,Hardy-Roman,mikewaller@smith.biz,AZ,Restaurant,2024-09-24,7,672845.92
CUST_01331,Clark LLC,reneeorr@moon.net,IL,Healthcare,2024-11-24,15,4037350.61
CUST_01332,Ray-Rivera,rachelsheppard@armstrong.org,FL,Retail,2025-05-03,11,3461787.4
CUST_01333,Li and Sons,belliott@dixon-davis.com,NY,Construction,2025-03-01,3,4498382.07
CUST_01334,"Morris, Moreno and Ford",carl63@joseph-cox.com,CO,Construction,2025-06-08,14,2736533.68
CUST_01335,Wright-Schultz,michael97@thomas.com,FL,Consulting,2025-06-12,5,2740921.69
CUST_01336,"Ware, Gonzalez and Cochran",susanharper@phillips.com,CO,Construction,2025-02-03,3,4344926.11
CUST_01337,"Lindsey, Campbell and Gibbs",ahaynes@green-thomas.com,AZ,Consulting,2025-09-04,2,390939.09
CUST_01338,Pearson Group,richardsonkimberly@griffin.net,CO,Construction,2024-09-25,3,4106121.83
CUST_01339,Wheeler LLC,gilesstephen@mccarthy.com,IL,E-commerce,2025-07-22,3,53563.15
CUST_01340,Willis LLC,martinezmindy@woods.biz,AZ,Legal,2025-10-05,5,3681605.82
CUST_01341,"Johnson, Hamilton and Nguyen",markhuff@schneider.org,CA,Healthcare,2026-04-13,5,3891282.01
CUST_01342,"Williams, Hunt and Sharp",tylermcintosh@hernandez.com,IL,Restaurant,2024-11-29,4,3308532.62
CUST_01343,"Young, Fischer and Compton",christopher51@morales-brown.biz,GA,Freelance,2025-07-20,6,2644145.36
CUST_01344,"Clarke, Neal and Kelley",olsenshane@farmer.com,AZ,Consulting,2025-06-18,11,3084544.25
CUST_01345,Brown Ltd,williamsmegan@mendoza.com,GA,Healthcare,2025-02-02,9,596797.46
CUST_01346,Dodson and Sons,marcus60@cannon.biz,TX,Retail,2025-07-08,1,4184207.12
CUST_01347,"Jones, Gonzalez and Johnson",brandismith@miller.com,NY,Retail,2024-09-05,1,1050291.19
CUST_01348,Lewis-Herrera,joseph58@moore-harris.org,FL,Restaurant,2025-06-08,9,207494.89
CUST_01349,Cook-Murphy,philip47@griffin.net,GA,E-commerce,2025-10-08,1,2652815.74
CUST_01350,Harris-Rodriguez,vballard@gonzalez.com,NC,Construction,2025-11-23,3,292973.85
CUST_01351,"Craig, Tanner and Meyers",steven39@robinson-johnson.com,NC,Restaurant,2024-11-15,1,114776.24
CUST_01352,Gallegos LLC,victorcortez@murphy.com,CO,Restaurant,2024-11-05,1,2366892.76
CUST_01353,Castillo-Carlson,chrisrodriguez@farrell.com,CA,Healthcare,2025-10-05,6,2812198.45
CUST_01354,Arroyo Inc,sean92@brown.com,GA,Healthcare,2026-04-19,8,3981535.41
CUST_01355,Harmon-Watson,robert04@roach.com,NC,Construction,2024-07-11,2,2668653.11
CUST_01356,Bryant-Randolph,davidfields@mcguire.com,TX,Construction,2025-12-19,1,435780.11
CUST_01357,Rodriguez Ltd,spencertanner@grant.info,AZ,Restaurant,2024-11-11,2,551064.35
CUST_01358,Simon and Sons,camerongregory@johnson.info,AZ,Legal,2024-11-23,6,987829.04
CUST_01359,Thompson-Smith,douglassusan@mckinney-higgins.com,FL,Consulting,2025-07-10,1,2814196.23
CUST_01360,Johnson-Nelson,jimmywest@forbes.org,GA,Restaurant,2025-08-04,5,3843102.93
CUST_01361,Hansen-Warner,jennifernewton@cox-george.info,IL,E-commerce,2025-08-18,4,3527624.56
CUST_01362,Stephens-Brooks,jessica82@moss-reed.com,TX,Consulting,2025-04-24,7,3972684.91
CUST_01363,"Morales, Mcdonald and Reed",dylan78@ward-reynolds.org,GA,Healthcare,2025-07-28,4,3304782.81
CUST_01364,Dyer-Cook,debbie78@martin.com,NC,E-commerce,2025-07-16,2,4670923.85
CUST_01365,"Peterson, Chen and Garner",tiffanysparks@sanders.net,AZ,Healthcare,2025-01-27,11,4232027.37
CUST_01366,"Williams, Garcia and Smith",jodisutton@burns-nguyen.com,GA,Healthcare,2025-04-12,3,3061646.18
CUST_01367,"Giles, Mills and Weiss",barbarabrady@walton.info,AZ,Freelance,2025-08-08,4,1906562.22
CUST_01368,Flowers and Sons,barrytanya@simpson.com,WA,Healthcare,2025-07-29,2,4810176.29
CUST_01369,Campos LLC,amberdavis@johnson.com,GA,Retail,2025-05-10,3,3645250.73
CUST_01370,Clark Ltd,jonesshaun@henderson.biz,NC,Retail,2025-01-03,2,2612166.33
CUST_01371,Wolfe LLC,paul34@harvey-gillespie.org,WA,Retail,2026-04-19,3,1536653.11
CUST_01372,"Williams, Henry and Johnson",michael47@mullins-carrillo.biz,FL,Healthcare,2024-11-16,17,157421.79
CUST_01373,"Matthews, Gilmore and Avery",yvang@estes.info,WA,Consulting,2026-02-25,1,516721.28
CUST_01374,Stephens-Miller,gibsonkaitlyn@munoz.com,IL,Consulting,2025-05-20,1,735120.56
CUST_01375,Collins-Waters,arobinson@smith.org,NC,Freelance,2025-03-08,14,1203321.04
CUST_01376,"Norman, Walls and Wallace",steventerry@solis-nichols.com,WA,Restaurant,2026-02-16,3,2873911.44
CUST_01377,Richards-Wolfe,cthompson@nash-williams.org,FL,Restaurant,2025-08-12,2,3631723.61
CUST_01378,Simmons-Mcdaniel,gonzaleztodd@hughes.com,CO,Consulting,2026-02-02,10,2466968.17
CUST_01379,Williams-White,michelle97@reeves.com,NC,Restaurant,2026-04-25,2,2996394.45
CUST_01380,Martin and Sons,kimmichael@jordan.com,CA,Legal,2025-01-16,19,438463.11
CUST_01381,"Stephens, Barnes and Johnson",bgrant@brown.com,IL,Healthcare,2024-07-10,7,4404972.89
CUST_01382,Morales-Calhoun,davidmartin@lopez.net,GA,Restaurant,2025-04-30,3,4355443.24
CUST_01383,Grant-Woods,brandiwilson@hall.com,NC,Retail,2024-11-19,25,3187741.16
CUST_01384,Francis Group,watsonwilliam@rodriguez.com,GA,Retail,2025-09-30,2,1558677.79
CUST_01385,"Moreno, Turner and Cain",samantha73@beck.info,IL,Consulting,2024-06-28,8,1667816.56
CUST_01386,Garcia Group,thomasdavid@thomas.com,FL,Consulting,2025-11-20,5,300073.08
CUST_01387,"Martin, Sims and Gutierrez",sharon46@goodwin.com,GA,E-commerce,2025-12-16,12,3776559.0
CUST_01388,Johnson-Powers,peter93@solomon.net,AZ,Restaurant,2025-08-17,15,1149323.86
CUST_01389,Lucas-Campos,johnboyd@mejia-reynolds.com,GA,Consulting,2025-01-07,4,704335.77
CUST_01390,Jones-Miller,kendrawilliams@long-marshall.com,CO,Retail,2024-07-30,2,2763354.4
CUST_01391,Huff-Jacobs,melissa78@hughes-pitts.org,TX,Legal,2024-12-17,6,2534024.42
CUST_01392,"Castro, Fleming and Greene",taylordavis@hester-patel.org,NY,Consulting,2026-01-18,2,2430566.38
CUST_01393,"Brown, Soto and Villa",brooke35@solomon-knight.com,CO,Legal,2024-10-28,22,3278629.77
CUST_01394,Lee-Rogers,mramirez@santiago-lopez.org,AZ,Freelance,2024-10-27,4,1249459.7
CUST_01395,Pham Ltd,james58@morris.com,GA,Healthcare,2024-12-20,3,3439452.96
CUST_01396,Hardy LLC,jamietyler@white-holland.info,TX,Restaurant,2025-08-18,5,3375150.39
CUST_01397,Sanchez-Washington,sarah78@thomas-obrien.com,IL,Healthcare,2025-04-21,1,992924.22
CUST_01398,Levy PLC,msmith@reilly-gibson.net,NC,Retail,2025-02-19,2,3859922.4
CUST_01399,"Nicholson, Dixon and Fisher",brent67@rodriguez.com,IL,E-commerce,2024-10-06,11,3134751.67
CUST_01400,Martinez Inc,boonejoshua@nichols.biz,CA,Freelance,2025-05-04,2,1038441.81
CUST_01401,Williams Ltd,smithmatthew@ball.com,NY,Restaurant,2025-03-14,1,606240.12
CUST_01402,"Munoz, Walton and Reilly",mary20@silva.biz,FL,Consulting,2024-07-09,6,4350324.14
CUST_01403,Weaver Inc,christopheryang@pacheco-martinez.com,WA,Retail,2026-02-23,11,1749193.29
CUST_01404,Walker-Stevens,patricialowery@rodriguez-allen.com,TX,Construction,2026-02-11,7,2277804.77
CUST_01405,Riley-Greene,ogriffin@boone.info,IL,Freelance,2024-06-14,9,3713064.28
CUST_01406,Hernandez-Beasley,wjohnson@harris-nunez.biz,FL,Construction,2024-11-08,2,2766560.27
CUST_01407,"Peterson, Smith and Romero",mmassey@watson.com,NY,Retail,2025-09-23,1,1914203.02
CUST_01408,"Hood, Vega and Jackson",uclark@sullivan-wright.com,AZ,Retail,2025-10-25,14,1314508.91
CUST_01409,Gray Group,parksanna@wolfe.biz,WA,Freelance,2024-07-13,3,3956483.05
CUST_01410,"Reed, James and Henry",fblankenship@scott-perez.com,WA,Retail,2025-09-19,3,2351556.05
CUST_01411,Mendoza-Jackson,meghanwerner@williams-perez.com,TX,Legal,2024-06-03,12,3318845.49
CUST_01412,Gilbert PLC,wrightalicia@chavez-carter.biz,IL,Restaurant,2025-10-24,6,144437.7
CUST_01413,Pitts-Lopez,hcollins@hall.org,GA,Freelance,2026-04-01,6,4899974.61
CUST_01414,Armstrong Ltd,keithharrison@jacobson-young.com,TX,Healthcare,2025-06-26,25,2449077.65
CUST_01415,"Marquez, Jones and Garcia",amandamaxwell@hodges.com,AZ,Restaurant,2025-09-03,2,972766.07
CUST_01416,Buchanan LLC,katiepalmer@mason.biz,CO,Retail,2025-06-20,9,246774.4
CUST_01417,Jackson Group,meghanallen@flowers.com,WA,Healthcare,2025-07-12,4,2475167.59
CUST_01418,Thompson-Rodriguez,fernandoobrien@jones.com,NY,Retail,2025-12-26,5,1766560.52
CUST_01419,Mitchell PLC,zbyrd@weaver.net,IL,Construction,2025-02-25,15,1219213.59
CUST_01420,Hartman-Ray,hwalton@jackson-hodge.com,WA,Retail,2025-06-21,6,3147672.2
CUST_01421,Clark PLC,meagan19@reyes-evans.com,GA,Retail,2026-04-10,6,4723476.66
CUST_01422,Freeman-Christensen,ryanlittle@cole.com,FL,Consulting,2024-12-31,10,1741841.46
CUST_01423,"Leon, Sanders and Thomas",rebeccaking@owens-marshall.com,NY,Restaurant,2025-03-28,3,3662953.84
CUST_01424,Anderson-Moyer,stacieprince@phillips.com,NC,Freelance,2025-07-06,2,2115800.02
CUST_01425,Blankenship-Eaton,smiller@nicholson-arnold.com,NY,Legal,2025-08-15,1,4854159.01
CUST_01426,Jones-Rivera,sandra20@thomas.net,IL,E-commerce,2025-09-09,1,2734057.07
CUST_01427,Brown-Hicks,andrew65@stevens.com,NY,Freelance,2024-11-04,23,4319808.92
CUST_01428,"Richards, Stephenson and Blake",cgallagher@maxwell.com,AZ,Consulting,2025-01-22,1,2178818.28
CUST_01429,Fitzpatrick Group,donna74@thomas.com,NY,Consulting,2026-01-15,3,1621606.24
CUST_01430,"Reyes, Foster and Williams",alexander23@hudson-butler.com,AZ,Restaurant,2025-08-03,3,961469.32
CUST_01431,Payne-Scott,aaronjones@baker.com,NY,Retail,2026-03-10,5,3838903.31
CUST_01432,Mcdonald and Sons,qwilson@cain-cooper.com,GA,Legal,2026-04-11,8,1551573.12
CUST_01433,Sosa-Scott,crystal58@contreras.org,WA,Consulting,2025-12-27,8,3906584.03
CUST_01434,"Fleming, Drake and Osborne",jeremyjohnson@nelson-case.com,NY,Consulting,2024-08-18,2,179681.2
CUST_01435,Kaufman-Esparza,cranekevin@rodriguez-hernandez.com,NC,Construction,2025-09-15,3,3047742.33
CUST_01436,Gilmore and Sons,gstein@daniels.biz,FL,Freelance,2025-09-15,5,1193016.27
CUST_01437,"Rivera, Miller and Martin",qfry@hampton.biz,IL,Restaurant,2024-06-16,3,3456299.36
CUST_01438,Briggs-Moore,vgood@wilson-young.info,NY,E-commerce,2025-06-01,16,3574494.68
CUST_01439,Chapman-Sullivan,justinbishop@rogers.com,NY,Legal,2025-03-14,6,2482655.71
CUST_01440,"Bennett, Miller and Miller",hernandezroy@michael.com,NY,Freelance,2024-09-11,8,1170051.65
CUST_01441,Smith and Sons,andersontonya@shelton-hull.com,CA,Construction,2025-04-10,7,4753480.31
CUST_01442,"Armstrong, Williams and Orozco",craig91@mendez.com,FL,Freelance,2024-11-16,11,377374.8
CUST_01443,Holloway-Henry,brittney98@decker.com,NC,E-commerce,2025-05-03,5,3454920.39
CUST_01444,Ford LLC,dawngraves@crawford.com,CO,Freelance,2026-03-31,1,2166400.63
CUST_01445,Long LLC,heatherpatrick@lynn-torres.biz,CA,Legal,2026-01-20,6,3614994.52
CUST_01446,Roman-Young,elizabeth33@hernandez-moore.com,NC,Retail,2025-03-29,2,2627213.0
CUST_01447,Matthews Inc,danielcole@sharp.com,CO,Retail,2025-05-13,2,4395010.69
CUST_01448,"Flores, Allen and Olson",pmartinez@bender.com,AZ,Legal,2024-12-04,7,4919961.69
CUST_01449,Douglas-Diaz,elee@johnson.biz,AZ,Legal,2024-06-27,12,2604827.08
CUST_01450,Hess Group,ubowers@anderson-murphy.biz,CA,Freelance,2025-09-29,4,1491337.84
CUST_01451,"Edwards, Sexton and Knight",adrianlogan@perry-tucker.com,WA,Construction,2025-04-01,5,2333668.46
CUST_01452,Williams and Sons,williamsimpson@solomon-le.biz,WA,Retail,2025-04-20,17,3465267.14
CUST_01453,Townsend Ltd,jennifer95@smith-webb.net,CO,E-commerce,2024-09-15,5,497682.0
CUST_01454,Clark LLC,alyssa89@house.com,TX,Consulting,2025-06-20,35,3904719.15
CUST_01455,Maynard-Garza,amber70@cook-russell.com,AZ,Consulting,2026-04-22,7,1995680.24
CUST_01456,Gallegos-Butler,msloan@hall.info,CO,Retail,2025-02-02,1,935448.97
CUST_01457,Evans-Pearson,montoyaelizabeth@king.com,FL,E-commerce,2025-08-29,8,496389.32
CUST_01458,Crane Group,randyjordan@lang.net,NY,Restaurant,2025-02-03,6,501396.64
CUST_01459,"Case, Smith and Oneill",kayla07@lewis.com,CO,Healthcare,2025-11-27,12,472267.39
CUST_01460,Frost Group,gregory30@jordan.info,GA,Consulting,2025-11-28,7,1924459.23
CUST_01461,Garcia Ltd,gary44@martin-simmons.com,CA,Consulting,2025-03-19,4,4565651.26
CUST_01462,Davis-Huynh,whitney81@mcgrath.com,NY,Consulting,2025-08-09,1,4350651.76
CUST_01463,Jones LLC,danielhayes@mason.info,CA,Legal,2024-10-13,3,1574907.92
CUST_01464,"Martinez, Contreras and Ramirez",kellychristopher@hughes.net,CO,Construction,2025-12-15,2,3150941.61
CUST_01465,Swanson-Bartlett,gayfrancis@martin-ochoa.net,NY,Freelance,2024-08-27,2,67487.85
CUST_01466,Mendoza Ltd,anthony66@aguirre.com,WA,Retail,2026-01-12,7,2320281.16
CUST_01467,Lee Ltd,vayala@jones.info,CO,Retail,2026-03-23,17,3059520.46
CUST_01468,"Townsend, Hughes and Day",racheljohnson@smith.com,FL,Freelance,2025-06-14,6,2964868.52
CUST_01469,"Peck, Wong and Perry",montesmichelle@anderson.org,CO,Legal,2025-06-01,1,2237283.04
CUST_01470,"Hoffman, Wilson and Taylor",jspencer@juarez.com,NC,Retail,2025-09-06,6,1261330.2
CUST_01471,Collins Group,benjamin10@ortega-murillo.com,WA,Freelance,2025-07-26,11,292148.06
CUST_01472,Kidd-Ramirez,hzavala@jones-parker.com,CA,Healthcare,2024-09-19,2,231769.21
CUST_01473,Johnson-Zavala,jack12@morrison.com,CA,Construction,2026-03-21,4,1688999.88
CUST_01474,Tate-Flores,whitejason@hall.com,CA,Restaurant,2024-08-03,4,2113936.77
CUST_01475,"Fischer, Durham and Miller",rebecca41@goodwin-williams.biz,NY,Construction,2024-10-13,2,3074894.29
CUST_01476,Barrett LLC,taylorclinton@smith.com,NC,Consulting,2025-11-15,7,4833151.66
CUST_01477,Weaver-Baker,christopherjackson@hull.com,NC,Healthcare,2025-12-30,4,4660825.11
CUST_01478,Robinson-Erickson,joannshort@hicks.net,WA,Healthcare,2024-08-08,6,1874418.66
CUST_01479,Ray-Blair,travisyoung@clark-estrada.com,TX,Legal,2025-03-18,2,4224382.67
CUST_01480,"Carter, Taylor and Beltran",sbartlett@wright-chase.com,WA,E-commerce,2024-07-17,3,716001.66
CUST_01481,"Fisher, Wong and Jimenez",sullivanjames@vazquez-ray.org,WA,Healthcare,2025-11-18,7,2658911.03
CUST_01482,Coffey and Sons,jenniferhall@mcgee.com,FL,Freelance,2025-07-09,3,3079666.04
CUST_01483,"Foster, Sanford and Hill",andrewsdenise@rodriguez.com,NC,Restaurant,2024-08-20,17,2444131.77
CUST_01484,West and Sons,meltonmark@gray-stone.com,NC,Construction,2025-11-13,3,2163915.35
CUST_01485,Alvarado-Hodge,jamiegomez@hodge.com,IL,Construction,2026-03-17,5,2650686.57
CUST_01486,Williams-Smith,ymoore@goodman.com,IL,Consulting,2025-09-23,9,3090735.41
CUST_01487,Gutierrez LLC,justinthompson@kennedy.com,AZ,E-commerce,2025-06-17,1,2487897.05
CUST_01488,"Gibson, Turner and Walker",haleyhill@stuart-nelson.info,NC,Freelance,2024-10-14,1,3557505.98
CUST_01489,Kim and Sons,normandeanna@robinson-fry.net,CA,Restaurant,2024-10-25,1,168734.65
CUST_01490,"Villa, Rodriguez and Griffith",hannah48@francis-smith.org,TX,Freelance,2025-09-25,12,4007843.54
CUST_01491,Allen LLC,lisa89@lloyd.info,GA,Retail,2025-04-14,2,1702271.67
CUST_01492,"Smith, Benjamin and Murphy",abradley@lee-rodriguez.com,FL,Retail,2025-08-05,34,3221060.64
CUST_01493,"Duran, King and Ballard",courtneysantiago@cunningham.org,WA,Construction,2025-11-14,2,3961467.74
CUST_01494,Zamora LLC,hodgemichael@patel.com,WA,Healthcare,2025-01-21,5,3846811.37
CUST_01495,Bernard-Smith,garciapaula@jenkins.com,IL,Healthcare,2024-08-24,15,2010444.16
CUST_01496,Gutierrez-Ferrell,garciaveronica@alexander.com,NC,Retail,2025-08-12,22,4168611.71
CUST_01497,Davis-Scott,rmartinez@chapman.com,IL,Healthcare,2024-10-25,23,4615284.84
CUST_01498,Carr Inc,kylie83@alvarez.net,CO,Retail,2025-06-03,11,3245978.49
CUST_01499,Sandoval Ltd,howetracy@flynn.com,NY,E-commerce,2025-06-05,10,4465688.72
CUST_01500,Gordon and Sons,aaron55@hawkins-martin.com,IL,E-commerce,2025-07-18,7,3930745.71
CUST_01501,"Armstrong, Contreras and Lee",jimwilliams@gonzalez.com,CA,Construction,2025-04-14,8,2846466.07
CUST_01502,Phillips Inc,iperez@wilson.com,IL,Retail,2025-11-05,2,1080899.23
CUST_01503,Burton-Beard,mary62@brown.com,IL,Healthcare,2025-11-11,2,377754.55
CUST_01504,Brooks PLC,gabrielleorozco@miller.com,WA,Retail,2024-09-20,4,1728804.47
CUST_01505,Hernandez Inc,kperez@reeves-reeves.net,AZ,Consulting,2025-03-15,3,2876359.12
CUST_01506,"Nolan, Stark and Joyce",mmoore@guerrero.com,NY,Restaurant,2025-03-26,3,4329738.77
CUST_01507,"Copeland, Wallace and Stewart",sarayates@gonzalez.biz,WA,Healthcare,2026-01-01,7,3563708.07
CUST_01508,"Marshall, Davis and Perkins",rachelhall@ferguson.biz,GA,Restaurant,2024-12-24,9,2510419.45
CUST_01509,"Carpenter, Rojas and Taylor",amberhall@allen.net,IL,E-commerce,2024-11-28,4,4155814.47
CUST_01510,"Stephens, Jones and Ryan",morganamanda@green-dunn.com,FL,Construction,2025-01-17,14,916313.09
CUST_01511,Patterson and Sons,leahwalker@davis.biz,CA,Freelance,2025-03-14,1,4571101.54
CUST_01512,"Schultz, Miller and Wolf",rmartin@johnson-cannon.com,AZ,Retail,2025-05-07,3,4005175.13
CUST_01513,"Vazquez, Roy and Sharp",morriskatherine@willis.com,NY,Freelance,2025-06-20,2,1733573.73
CUST_01514,Bowers-Ryan,brian90@hernandez.com,AZ,Construction,2025-06-07,1,3888889.39
CUST_01515,"Brewer, Goodwin and Green",gardnerdylan@ray.com,TX,Consulting,2024-09-16,4,1065676.19
CUST_01516,Thompson LLC,edwardstaylor@hamilton.com,CO,Legal,2024-06-25,4,3582703.08
CUST_01517,"Green, Sanchez and Reed",christopher84@hernandez.biz,TX,Retail,2025-07-07,15,1589357.52
CUST_01518,Salinas PLC,vickiwood@diaz.org,NC,Restaurant,2024-06-30,7,1699784.28
CUST_01519,Blair-Tran,weberbrian@allen.org,CA,Restaurant,2026-04-18,1,2626859.67
CUST_01520,"Stevens, Kelly and Lutz",davidbrown@hebert.com,WA,Retail,2025-10-21,19,2908921.18
CUST_01521,"Martinez, Peters and Moreno",greenjessica@thompson.com,FL,Healthcare,2025-01-25,11,1042749.79
CUST_01522,"Lee, Robbins and Lopez",rossjohn@jones.com,WA,Healthcare,2025-01-05,7,3875296.13
CUST_01523,"Jackson, Duncan and Caldwell",rickey20@suarez.com,TX,Construction,2025-10-30,3,789137.58
CUST_01524,Bowen-Kirk,tlewis@miller-marks.biz,TX,Retail,2024-12-26,2,4793575.37
CUST_01525,Dougherty-Welch,michaelchristensen@cline-williams.biz,AZ,Restaurant,2025-08-05,3,1072558.03
CUST_01526,Griffith LLC,amy24@chung.com,AZ,Healthcare,2025-02-23,10,1391707.9
CUST_01527,"Miller, Bennett and Jenkins",michelle89@wagner.com,WA,Freelance,2025-11-25,20,897811.13
CUST_01528,Allen-Terry,mariahill@compton.com,NC,Healthcare,2025-01-24,15,2725856.66
CUST_01529,"Watts, Johnson and Mcdaniel",kaiserkelly@hendricks.com,NY,Retail,2024-07-06,3,2380141.12
CUST_01530,Poole LLC,nicole16@walker.com,CA,Restaurant,2025-11-03,1,1948818.21
CUST_01531,"Greene, Fox and Griffith",stephenscatherine@allen.com,GA,Legal,2024-08-02,5,935965.82
CUST_01532,Robinson-Sullivan,yvonne06@cummings.org,NC,E-commerce,2025-09-02,1,3100760.92
CUST_01533,"Crawford, Nixon and Esparza",murrayvincent@maxwell-cortez.net,IL,Freelance,2025-01-25,5,3578848.49
CUST_01534,Smith and Sons,loriosborn@willis.biz,AZ,Restaurant,2025-10-30,3,4869725.35
CUST_01535,Dunn PLC,sancheznicholas@walsh-jimenez.com,CO,Consulting,2026-01-04,3,509935.06
CUST_01536,"Wilson, Hardy and Perry",khanerin@richardson-conner.com,CO,Restaurant,2026-02-09,1,2305141.65
CUST_01537,Jones PLC,stokesmonica@ingram.com,CO,E-commerce,2025-11-10,6,1196886.36
CUST_01538,Sanders Group,mary92@lee-briggs.com,NY,Construction,2024-11-17,2,4568664.97
CUST_01539,Obrien PLC,charleshayes@morgan-jones.com,NY,Healthcare,2025-03-28,1,3954454.6
CUST_01540,Dominguez Ltd,david86@williams.com,IL,E-commerce,2026-04-13,1,2463158.33
CUST_01541,Vasquez Group,ygraham@williams.com,CO,Restaurant,2024-07-17,4,1789632.06
CUST_01542,Deleon-Smith,acevedonancy@meyer.com,NY,Construction,2025-05-20,18,3851310.5
CUST_01543,Sanders-Lawson,hughesgail@flores.com,NC,Consulting,2025-09-09,16,2564350.85
CUST_01544,Cisneros and Sons,priscilla50@hicks-white.org,TX,Healthcare,2025-04-07,3,2802941.81
CUST_01545,Washington Group,phines@howell.com,WA,E-commerce,2024-07-21,2,2034041.55
CUST_01546,Brady-Williams,kevinspencer@galloway.com,FL,Freelance,2025-04-13,6,2762347.64
CUST_01547,Roy-Durham,ricklewis@brooks.com,GA,Restaurant,2025-06-06,2,1736535.08
CUST_01548,Vazquez-Smith,romerovictoria@zimmerman.com,NC,Legal,2026-02-18,5,3932354.18
CUST_01549,Espinoza Group,brandi26@mccarthy.org,NC,Healthcare,2025-04-30,8,2745408.06
CUST_01550,"Morton, Kane and Douglas",hdavis@thomas-bowers.org,NY,Restaurant,2024-11-27,11,3709866.87
CUST_01551,Walsh-Carroll,markgarcia@barton.org,NC,E-commerce,2025-12-01,4,615898.16
CUST_01552,"Sparks, Vincent and Ashley",danielcombs@phillips.biz,CO,Healthcare,2025-09-02,3,2797684.12
CUST_01553,Elliott-Yu,russellholly@kennedy.biz,CO,Consulting,2026-02-25,2,1574776.83
CUST_01554,May and Sons,kylehahn@perez.org,TX,Restaurant,2025-04-07,2,3443267.98
CUST_01555,Santos-Roach,dianehoffman@huff.com,GA,Healthcare,2025-09-02,3,2496760.98
CUST_01556,Choi-Clay,jarvisrachel@bishop.com,CA,Restaurant,2025-10-22,6,1127178.28
CUST_01557,Garza-Howard,ryanadams@reyes.com,NC,Retail,2024-09-12,9,3797534.7
CUST_01558,Smith Group,rgarcia@miranda.com,NY,E-commerce,2025-10-23,2,2679716.31
CUST_01559,"Rogers, Bradshaw and Wilson",kimberlyross@allen.net,NC,E-commerce,2025-03-26,14,1018549.77
CUST_01560,Garrett-Williams,wallfrank@smith.net,IL,Construction,2025-11-08,3,2872868.22
CUST_01561,Burke-Solomon,dbrown@bass.net,WA,Legal,2025-11-06,4,3603066.55
CUST_01562,Jones Ltd,lisarogers@williams.biz,TX,Retail,2025-02-19,2,3076879.24
CUST_01563,"Brown, Wong and Miller",hodgemanuel@russell-thompson.net,GA,Consulting,2025-06-28,1,4269900.64
CUST_01564,Wiggins Group,dsims@richardson.info,IL,Retail,2024-07-15,9,54174.4
CUST_01565,Ramos-Campbell,brianhahn@barber.com,IL,Restaurant,2025-08-05,8,4313176.81
CUST_01566,"Taylor, Smith and Lindsey",ehardy@leblanc-hendrix.org,CA,Freelance,2026-03-31,3,2186991.73
CUST_01567,"Randolph, Jones and Strickland",sandersalexandria@baker.info,GA,Healthcare,2025-08-29,4,3573279.58
CUST_01568,Davis and Sons,michael23@moon-morales.info,GA,Legal,2025-04-08,6,2748338.0
CUST_01569,"Ho, Marshall and Harris",erikamiller@smith.com,NY,E-commerce,2025-10-24,1,738390.89
CUST_01570,Young-Palmer,david78@bray.info,GA,Healthcare,2025-08-02,2,4207815.3
CUST_01571,Vance PLC,kurt90@ali.com,WA,Consulting,2024-09-24,8,714673.37
CUST_01572,Carter-Williams,reynoldsjustin@young.com,CA,Consulting,2024-07-22,1,3620629.2
CUST_01573,Ross PLC,penningtonrebecca@gibbs.com,GA,Consulting,2025-06-09,5,469084.05
CUST_01574,Smith and Sons,humphreypatricia@herrera.com,GA,E-commerce,2025-10-08,1,4473233.22
CUST_01575,"Arias, Barnes and Armstrong",jessica79@hall-simmons.com,NC,Legal,2025-11-18,6,3135079.98
CUST_01576,"Sanchez, Wilson and Robertson",ricky53@christensen.org,AZ,Legal,2025-05-15,4,2782647.65
CUST_01577,"Ball, Patterson and Becker",chavezisabel@valencia-crawford.biz,GA,Healthcare,2025-05-12,1,1167417.55
CUST_01578,"Chan, Thomas and Sparks",kathy68@miller.com,NC,Retail,2025-04-22,11,2910795.58
CUST_01579,Soto LLC,christopherlong@diaz.info,FL,Construction,2026-03-16,2,2083647.18
CUST_01580,Mcdaniel Group,jessicamills@jones.com,NC,Healthcare,2025-07-25,2,215636.29
CUST_01581,Bradley-Novak,grantamanda@adams.com,NC,E-commerce,2024-06-26,5,3539168.59
CUST_01582,"Parrish, Benton and Martinez",rosaleslauren@holt.biz,NC,E-commerce,2024-08-23,11,4810601.86
CUST_01583,"George, Holt and Romero",deborah49@mathis-lynch.net,NY,Construction,2024-07-28,1,2351434.82
CUST_01584,"Jones, Miller and Reed",wrivers@dominguez.com,AZ,Restaurant,2024-07-27,4,1263894.96
CUST_01585,Mclean-Young,ewest@ryan.com,TX,Construction,2025-09-29,6,3084543.61
CUST_01586,Peck Group,omar19@ball.info,AZ,Retail,2025-02-18,7,2370900.61
CUST_01587,Bishop-Vasquez,melodyandrews@wagner-higgins.com,CO,Healthcare,2025-06-29,5,2134029.73
CUST_01588,Flores PLC,troybrady@patel.com,WA,Construction,2026-02-06,3,879165.41
CUST_01589,"Garrett, Young and Williams",nicole56@luna-rivera.info,NC,Construction,2025-11-18,2,3648509.98
CUST_01590,"Johnson, Nunez and Jackson",kimberlycooper@adams-white.net,WA,Retail,2025-08-08,4,3165035.27
CUST_01591,Murray-Long,michaelochoa@lopez-wright.com,NY,Retail,2025-08-19,1,3298783.44
CUST_01592,"Patel, Johnston and Adams",ogreer@payne.com,NC,Retail,2025-01-09,1,1469737.49
CUST_01593,Sullivan-Green,jacob57@sloan.biz,NY,Restaurant,2024-07-30,6,4264654.02
CUST_01594,Schmitt and Sons,oshah@walker.com,WA,Consulting,2024-12-29,9,3098198.91
CUST_01595,Walker PLC,castropeter@johnson-brewer.net,WA,Retail,2024-12-27,1,3720074.37
CUST_01596,Huber-Herring,alexis57@mitchell.com,NY,Consulting,2025-09-08,1,3312820.42
CUST_01597,"Hanson, Rich and English",housedaniel@george-martin.com,NY,Construction,2025-03-10,7,3923512.14
CUST_01598,"Whitaker, Cook and Young",millermichael@parker-nguyen.info,CO,Consulting,2024-11-27,23,4006891.43
CUST_01599,Murphy LLC,danieldaniel@harvey-lewis.biz,CA,Healthcare,2026-03-28,4,4921154.71
CUST_01600,Luna-Sampson,allenronald@williams-moyer.com,NC,Consulting,2024-09-17,2,4196190.39
CUST_01601,Terry Ltd,campbellkayla@johnson.com,GA,Legal,2026-01-02,3,1227839.82
CUST_01602,Reyes-Moreno,hortonalexandra@brown.info,NY,Freelance,2025-05-04,13,2909899.1
CUST_01603,Nelson and Sons,meganrose@morales-wu.com,IL,Retail,2026-03-12,2,3229192.43
CUST_01604,"Lamb, Pacheco and Patterson",sosamichelle@hunter.info,TX,Retail,2026-01-04,2,879621.96
CUST_01605,Evans-Jackson,gmccarthy@bird-barry.com,CO,Construction,2025-04-02,3,2407517.89
CUST_01606,"Chen, Quinn and Henderson",laura59@thompson-anderson.org,AZ,Freelance,2026-01-02,2,1930013.93
CUST_01607,Ponce Ltd,bduke@cantu.com,GA,E-commerce,2025-11-26,4,1349994.5
CUST_01608,Moore LLC,danielle93@mullen.com,GA,Retail,2025-07-13,16,1479521.5
CUST_01609,Oneill-Jones,nguyentimothy@harris.com,CO,Legal,2026-02-05,5,3408542.36
CUST_01610,"Garcia, Turner and Rosales",ncruz@henry.com,CA,Restaurant,2025-07-13,3,4592675.1
CUST_01611,Cole-Walsh,sball@gutierrez.net,IL,Legal,2025-10-04,3,3071903.56
CUST_01612,"Padilla, Calhoun and Roberts",foxlinda@zimmerman.com,WA,Healthcare,2025-10-16,1,1388114.28
CUST_01613,Huff and Sons,catherinejohns@smith.biz,TX,Construction,2026-02-09,9,3288999.24
CUST_01614,"Smith, Davis and Sanchez",tracy38@cooper-patel.info,CO,Freelance,2025-03-27,4,3684851.61
CUST_01615,Stone-Miller,lthompson@castillo-flores.com,FL,Healthcare,2025-08-27,3,3404704.89
CUST_01616,"Burton, Webb and Gray",nguyenchristine@velasquez.biz,IL,Retail,2024-10-14,57,3380369.21
CUST_01617,"Spencer, Blair and Long",jenniferhorne@harrison.com,TX,Retail,2026-03-04,5,2085681.39
CUST_01618,Cobb-Chandler,suehowe@white-moore.org,TX,E-commerce,2025-07-09,2,1790006.28
CUST_01619,"Lewis, Jenkins and Jackson",oconnorlauren@nash.net,WA,Construction,2025-12-12,3,1005743.68
CUST_01620,"Thomas, Mosley and Nguyen",jacqueline39@harris.biz,NC,Restaurant,2024-06-15,11,331565.46
CUST_01621,Burns Ltd,fmclaughlin@martin.com,FL,Restaurant,2025-09-01,4,3554971.77
CUST_01622,Mcmahon PLC,jose49@carr-hardy.com,TX,Consulting,2024-08-28,1,1910994.28
CUST_01623,Munoz-Charles,ksmith@alexander.com,NC,Consulting,2026-01-11,9,4485208.07
CUST_01624,Wright-Santana,fwolf@rodriguez.com,NY,Construction,2025-11-19,2,1508114.65
CUST_01625,Riley PLC,davidjohnson@mullins.biz,TX,E-commerce,2025-10-22,20,4617342.18
CUST_01626,"Gibbs, Roy and Kelley",benjaminwilliams@burns.info,GA,Healthcare,2024-12-28,10,1323816.15
CUST_01627,"Gordon, Boyer and Gonzales",heatherbowen@contreras-howard.com,TX,Construction,2026-01-24,3,3896674.45
CUST_01628,"Nichols, Glass and Lindsey",harrisjoshua@young-hughes.com,GA,Healthcare,2025-03-21,12,4979994.91
CUST_01629,"Wyatt, Berry and Rodriguez",reedmonica@wiggins.com,WA,Consulting,2024-12-14,4,2230845.42
CUST_01630,Maxwell Ltd,kimberlyblair@curry.com,FL,Legal,2025-06-13,8,933288.74
CUST_01631,Ramirez-Parrish,brianmorrow@ray.com,TX,Consulting,2025-06-13,6,2726129.18
CUST_01632,Mcdaniel Group,franklindarius@williams-hernandez.com,FL,Restaurant,2025-04-27,2,4567415.65
CUST_01633,Clark Inc,wortiz@taylor.com,WA,Restaurant,2025-12-04,2,222561.43
CUST_01634,Rodriguez Group,andersonhenry@williamson.info,NC,Construction,2024-07-21,10,3897323.97
CUST_01635,Sharp Ltd,mrandolph@francis.com,CO,Consulting,2024-06-11,3,3281683.4
CUST_01636,James-Clark,guerrerostanley@shepherd.com,CA,Legal,2024-05-28,3,1368860.58
CUST_01637,Garcia LLC,clarkefelicia@warren.org,IL,Legal,2025-11-22,2,2894469.25
CUST_01638,"Nguyen, Taylor and Carlson",landerson@haynes.com,CO,E-commerce,2025-07-02,6,2208485.45
CUST_01639,"James, Gibbs and Cochran",trujillojason@carroll.org,TX,Freelance,2026-03-14,23,66371.43
CUST_01640,Colon-Frank,tanyawilson@lee-mcconnell.net,CO,Restaurant,2025-11-14,1,2857857.23
CUST_01641,Fernandez-Hughes,jasonjohnson@beasley.com,IL,Construction,2025-03-02,4,2033043.25
CUST_01642,Branch Inc,nmartinez@mendoza.info,TX,Healthcare,2025-09-30,13,2696400.17
CUST_01643,Brown-George,ramosjennifer@reynolds.com,TX,E-commerce,2025-02-15,4,3814242.75
CUST_01644,Perez-Martinez,amanda15@green-shields.com,FL,Consulting,2025-01-07,6,2794653.58
CUST_01645,Haynes LLC,wrightdavid@cox.org,FL,Construction,2025-03-22,1,3494617.28
CUST_01646,"Hayes, Henderson and Buchanan",woodbrittany@watson-coleman.com,TX,Healthcare,2026-04-24,6,2458192.53
CUST_01647,King Inc,maryking@smith-williams.com,CO,Freelance,2026-04-15,3,742717.61
CUST_01648,Robles PLC,williamsanthony@sparks.biz,CA,Freelance,2024-10-24,9,2471701.12
CUST_01649,Hines-Davis,rodneywilliams@black.com,AZ,Construction,2024-07-15,11,2523436.55
CUST_01650,Rodriguez-Watkins,mccannjanet@miller-romero.biz,CO,Retail,2026-03-06,35,233361.27
CUST_01651,Garcia-Brown,martinnovak@ward-schmidt.com,IL,Retail,2024-07-10,7,2057263.89
CUST_01652,Evans-Owen,dannygonzalez@cunningham.com,AZ,E-commerce,2024-11-08,5,4703444.46
CUST_01653,"Villarreal, Rhodes and Griffin",fcarlson@harris.com,AZ,Consulting,2026-04-03,5,3718204.92
CUST_01654,Gonzalez-Lambert,catherinemoore@weeks-massey.biz,TX,Retail,2024-11-24,3,3690525.63
CUST_01655,Morrow-Miller,warrenmariah@nash.com,CA,E-commerce,2025-06-11,5,4540535.45
CUST_01656,Perry-Garcia,courtney01@williams.info,CA,Freelance,2025-09-20,3,3521419.22
CUST_01657,"Mcdonald, Sloan and Johnson",brenda88@hoover.com,CA,Consulting,2024-09-06,5,3181674.2
CUST_01658,"Smith, Wright and Bright",stewartgeorge@bishop-shaw.org,TX,E-commerce,2025-01-21,12,3075568.15
CUST_01659,Lucas-Harper,znoble@rice.com,NC,Restaurant,2026-03-07,2,4098110.88
CUST_01660,Ford Group,cervantespatrick@brady.com,TX,E-commerce,2024-08-18,11,2995138.17
CUST_01661,Robinson LLC,washingtonashley@hall.com,FL,Restaurant,2025-09-17,12,4032044.98
CUST_01662,White-Mclaughlin,brandi19@roman-jones.com,IL,Legal,2025-04-23,4,1654962.96
CUST_01663,Stephenson Ltd,anthonymcdonald@murray.com,NC,Consulting,2025-11-10,1,1641869.94
CUST_01664,Jenkins and Sons,mccoydonna@davis-galvan.net,FL,Retail,2026-02-02,2,2985772.0
CUST_01665,Young Ltd,hlester@daugherty.net,TX,Restaurant,2025-02-12,12,1405772.12
CUST_01666,"Garrett, Oconnell and Reilly",ochoamelissa@reilly.com,GA,Consulting,2026-01-06,4,3496664.14
CUST_01667,Chang Group,alejandra39@compton-brooks.com,NY,E-commerce,2025-07-31,2,1256040.82
CUST_01668,"Thompson, Cain and Green",barnesluke@davis.biz,CA,Consulting,2025-08-22,2,544840.86
CUST_01669,"Miller, Larson and Davis",villawilliam@craig-garza.com,NC,Legal,2026-03-16,8,3899425.11
CUST_01670,"Santiago, Castro and Wagner",zbarber@harding.com,CO,Restaurant,2024-06-08,6,81430.41
CUST_01671,Williams-Gomez,greenkrystal@henderson.net,TX,Construction,2024-10-14,3,2110300.1
CUST_01672,"Wright, Freeman and Craig",mathewbennett@maxwell.org,CO,Consulting,2026-02-13,3,1070493.08
CUST_01673,"Santiago, Sanders and Carter",dyersara@bowman.net,WA,E-commerce,2025-10-06,3,2089555.06
CUST_01674,Le PLC,cjohnson@edwards.net,NC,Retail,2024-10-10,2,3001546.26
CUST_01675,Garcia-Thomas,bethany36@daniels-martinez.net,CO,Restaurant,2025-12-05,16,3154598.69
CUST_01676,"Choi, Osborne and Adams",gpatel@mendez.com,WA,Healthcare,2026-01-25,3,2122990.06
CUST_01677,Foster-Hernandez,eguzman@johnson-whitaker.com,FL,Freelance,2025-08-03,11,631663.72
CUST_01678,Jones-Lutz,williskatherine@wright.com,TX,Healthcare,2025-07-13,15,4320518.75
CUST_01679,Espinoza Inc,jasoncortez@peterson.com,AZ,Freelance,2025-07-20,9,2347869.24
CUST_01680,Morris-Dixon,scook@kent.com,FL,Construction,2025-09-26,3,312691.65
CUST_01681,Simpson-Baker,pattersondebra@terry.com,NY,E-commerce,2024-08-23,6,2512698.45
CUST_01682,"Butler, Bruce and Harrison",vmosley@barton.com,CA,Retail,2024-09-28,4,3242061.14
CUST_01683,"Medina, Mullins and Mccoy",clinesteven@thomas.biz,FL,Legal,2025-01-04,2,1294339.81
CUST_01684,"Abbott, Garcia and Perez",cindy66@gardner-jensen.net,CO,Retail,2025-09-18,5,566884.44
CUST_01685,"Ballard, Wright and Hester",jhorton@collins-hunter.org,AZ,Consulting,2024-07-07,1,832325.77
CUST_01686,Barker-Delacruz,matthew45@williams.org,CO,Restaurant,2024-06-19,11,400754.52
CUST_01687,"White, Kirk and Norman",john60@wilson-wells.biz,CO,Healthcare,2024-11-26,3,2124378.06
CUST_01688,"Chandler, Perez and Carlson",uclark@jenkins.com,IL,Freelance,2025-12-28,5,3905927.63
CUST_01689,Robertson LLC,nathan06@smith-johnson.org,FL,Restaurant,2025-02-05,5,1223735.89
CUST_01690,Roman-Evans,harold46@fleming-hill.net,FL,Legal,2025-04-13,3,4462257.49
CUST_01691,"Graham, Jimenez and Williams",abaker@edwards-grimes.info,CO,E-commerce,2024-07-23,7,318979.81
CUST_01692,Morgan-Stafford,tpatton@oconnell-lee.net,NY,Freelance,2025-05-01,3,4643041.23
CUST_01693,"Johnson, Anderson and Vincent",jonathan66@dickerson.biz,NY,Legal,2025-05-16,8,1898751.16
CUST_01694,Haynes-Brown,mchen@reed.biz,FL,Healthcare,2025-05-18,1,4879001.66
CUST_01695,Foley Inc,edwinwhite@patterson-keith.info,IL,Consulting,2024-10-31,4,208868.25
CUST_01696,Morales-Gallagher,pricedale@campbell.com,CA,Construction,2025-08-12,21,725682.42
CUST_01697,Bartlett-Christian,amanda86@smith.com,CO,E-commerce,2026-03-20,2,2120207.96
CUST_01698,Wells PLC,folson@anderson.org,IL,Freelance,2026-01-08,2,4437724.41
CUST_01699,Wallace-Floyd,galvanjoshua@gamble.com,NY,Consulting,2025-09-08,6,2911701.16
CUST_01700,Little Group,thomasdaniel@brown.com,FL,Restaurant,2025-07-31,5,2087895.9
CUST_01701,Moss Group,jeremy59@cruz.net,CO,Freelance,2025-07-06,5,2978325.31
CUST_01702,Beltran-Reid,tonya82@anderson-powers.com,CO,Construction,2026-03-08,6,121794.09
CUST_01703,"Nguyen, King and Robles",brandon64@delgado-mitchell.info,FL,Freelance,2025-04-25,7,1670114.94
CUST_01704,Singh-Kane,rodriguezsheryl@michael.com,FL,Consulting,2025-08-20,10,4573085.87
CUST_01705,"Mendez, Doyle and Rowland",hayesrachel@duran-sanchez.com,CA,Legal,2026-04-25,6,4901911.0
CUST_01706,"May, Newton and Burns",leemarissa@gray.info,CO,Retail,2024-06-27,3,2157203.34
CUST_01707,Klein-Pena,soliscarlos@rivers-serrano.com,CO,Restaurant,2025-03-29,7,2289584.77
CUST_01708,Espinoza-Lee,ylynch@nguyen.net,TX,Retail,2024-11-30,20,3481141.2
CUST_01709,Adams and Sons,melanie40@hodge.com,FL,Consulting,2025-04-08,4,1824108.12
CUST_01710,"Jones, Brennan and Alexander",willie16@zhang-ramirez.com,TX,Retail,2024-11-29,2,2424925.61
CUST_01711,"Moses, Green and Simmons",lorikoch@jones.net,NY,E-commerce,2025-01-19,10,4296714.45
CUST_01712,Smith Ltd,john91@herrera.net,NC,Retail,2025-12-29,4,4883282.85
CUST_01713,"Scott, Ryan and Cruz",hmcneil@frank.org,NY,Legal,2025-05-22,1,965481.4
CUST_01714,Torres LLC,iriley@garcia-franco.com,IL,E-commerce,2026-04-04,8,3534315.21
CUST_01715,Bennett-Johnson,hensleyvalerie@adkins.com,TX,Legal,2024-05-28,2,4472500.48
CUST_01716,Conway PLC,brittanymartin@allen.com,AZ,Retail,2025-02-10,4,1518120.41
CUST_01717,Galloway Ltd,kjohnson@clark.com,WA,Freelance,2026-01-02,5,3949074.63
CUST_01718,"Lane, Glass and Jackson",williamsdaryl@hall.com,NC,Healthcare,2024-07-29,5,3692015.89
CUST_01719,Holt Group,hhamilton@kent.org,AZ,Healthcare,2024-07-09,7,4445490.63
CUST_01720,"Parrish, Gillespie and Rhodes",jmartinez@meyers.com,GA,Healthcare,2024-08-21,3,2353496.73
CUST_01721,Robles-Roberts,rachaelroberts@santos-davidson.com,IL,Healthcare,2024-06-28,6,917573.65
CUST_01722,"Dixon, Williams and Olson",xlogan@may.org,TX,Freelance,2025-08-04,3,735108.75
CUST_01723,Collier-Tyler,smithjessica@bryant.com,FL,Restaurant,2025-02-11,8,3262740.08
CUST_01724,Wood LLC,stephanie96@flowers-rivera.com,NC,Freelance,2025-12-21,7,3778208.82
CUST_01725,Reynolds-Prince,fhenderson@smith.biz,FL,Healthcare,2026-01-08,2,1795922.76
CUST_01726,Evans-Miller,padillapatricia@hatfield.info,AZ,Legal,2024-12-21,10,1421869.4
CUST_01727,"Nguyen, Ross and Meyers",kelsey70@gilbert.com,IL,Healthcare,2024-07-15,2,2289432.71
CUST_01728,Barnes-Harris,nicholasswanson@howell.com,AZ,Restaurant,2025-06-21,8,2377311.06
CUST_01729,"Young, Hamilton and Peters",kennedywanda@davidson.com,AZ,Construction,2025-07-14,6,2287292.99
CUST_01730,Pratt-Patterson,shawn19@mosley-johnson.org,TX,Freelance,2025-03-09,19,4464920.91
CUST_01731,Martinez Inc,ryanmiles@gibson-richmond.net,TX,Restaurant,2025-05-18,3,1983878.39
CUST_01732,"Hansen, Salas and James",tiffany80@richardson.info,WA,Restaurant,2024-10-13,3,591356.36
CUST_01733,Rogers-Edwards,murraystephen@davis.biz,TX,Consulting,2024-12-28,4,2506827.24
CUST_01734,"Lopez, Jones and Weaver",juanfranklin@powell.com,FL,Retail,2026-04-07,3,1501188.74
CUST_01735,Morrison Group,william17@shepherd.com,AZ,Consulting,2025-11-08,8,2395829.34
CUST_01736,Hendricks-Garcia,erin57@flores.com,CO,Retail,2025-04-19,1,1493008.15
CUST_01737,Kirk and Sons,meganrichardson@page.com,CA,Freelance,2024-07-15,1,4182990.22
CUST_01738,Chen and Sons,robert07@lewis.com,IL,Legal,2025-07-05,1,2914587.8
CUST_01739,Braun-Gordon,paige40@davis.net,IL,E-commerce,2025-10-19,9,2987118.41
CUST_01740,Martin LLC,iallen@jones-david.net,AZ,E-commerce,2025-11-19,17,2317135.11
CUST_01741,Smith-Jones,sherry01@andrews.org,NY,Construction,2025-08-11,4,900098.77
CUST_01742,Anthony Inc,edwardsronald@beard.info,FL,E-commerce,2024-12-15,3,1890916.47
CUST_01743,Hoover and Sons,bradleyford@wheeler-becker.com,CA,Consulting,2025-01-06,4,1797948.43
CUST_01744,Scott-Haynes,wileyaudrey@hoffman-murphy.com,NY,Consulting,2025-05-16,11,3573470.25
CUST_01745,Cochran and Sons,jgutierrez@lewis.org,NY,Consulting,2025-01-04,2,4204691.8
CUST_01746,Ramirez-Kennedy,gutierrezjessica@mcguire.info,NY,Consulting,2025-11-16,5,1227631.36
CUST_01747,Ballard PLC,lewiskaylee@johnson.com,IL,Consulting,2024-06-28,9,2232398.76
CUST_01748,Bell PLC,lwalker@mcdonald.com,NY,Freelance,2025-03-10,6,2834311.85
CUST_01749,"Ward, Scott and Gallagher",matthewhull@moreno-sullivan.com,IL,Healthcare,2024-06-23,5,782323.86
CUST_01750,"Graham, Mcgee and West",veronicadavies@galvan-gordon.net,AZ,Consulting,2025-05-11,9,2691532.64
CUST_01751,Ponce-Stewart,patrickjarvis@costa.net,CA,Legal,2024-08-30,1,4658791.13
CUST_01752,Rivera Inc,rvelasquez@williams.com,NY,E-commerce,2026-01-14,7,4642665.88
CUST_01753,Diaz Group,jamiewhite@wheeler.com,CA,Healthcare,2024-09-25,2,3253857.56
CUST_01754,Rodriguez-Snyder,jessica91@garcia.com,CO,Construction,2025-01-12,1,4849547.51
CUST_01755,Maxwell-Pugh,burkegloria@murphy.info,NC,Consulting,2026-01-03,6,4007902.07
CUST_01756,"Price, Mcdaniel and Thompson",sullivanchristine@edwards.com,CO,Healthcare,2025-12-14,13,3461277.56
CUST_01757,"Thompson, Smith and Miller",iansantana@howard.biz,CO,Retail,2025-12-16,4,740145.3
CUST_01758,"Ellison, Miller and Rodriguez",michellearias@levy-pena.org,TX,Construction,2025-07-29,9,172738.19
CUST_01759,Alexander-Zamora,antonio40@garcia-ramos.com,FL,E-commerce,2025-09-19,16,1819098.07
CUST_01760,Ford PLC,galvanjeanette@craig.com,CA,Freelance,2025-02-05,12,2937985.64
CUST_01761,Smith Group,susan93@mejia-smith.org,WA,Freelance,2024-11-16,16,161615.8
CUST_01762,Smith LLC,sharonjohns@williams-carr.com,CO,Restaurant,2025-07-19,8,4880405.56
CUST_01763,Jones LLC,mosesveronica@gilmore-jensen.com,FL,E-commerce,2025-03-30,4,1622901.17
CUST_01764,"Howard, Wolf and Sanchez",gina52@ward.com,AZ,Retail,2025-09-09,1,4546812.4
CUST_01765,Russell Group,schneiderraymond@hahn-stout.net,GA,Consulting,2025-03-04,3,3594020.67
CUST_01766,Jones Group,cwoods@woodard.com,IL,Legal,2025-04-24,2,1895514.2
CUST_01767,"Preston, Robinson and Lee",kristopher53@smith.info,IL,Healthcare,2025-01-03,25,1575022.46
CUST_01768,Blake-Bradford,mark32@bailey.biz,AZ,Restaurant,2025-05-08,3,1117691.02
CUST_01769,Scott-Nolan,justinstevens@white-brown.com,CO,Legal,2026-04-17,4,4028243.25
CUST_01770,"Valentine, Park and Hernandez",kylechase@smith.org,NY,Legal,2025-01-06,6,3656597.3
CUST_01771,Day Group,kellyadam@peters.com,NY,Restaurant,2025-04-14,4,761014.45
CUST_01772,Tanner Inc,cruzscott@jensen.com,CO,Healthcare,2025-01-18,17,377273.12
CUST_01773,"Cook, Hester and Barr",karen98@hayes.com,GA,Restaurant,2025-08-29,2,82763.4
CUST_01774,Watkins PLC,zcollins@hall.biz,WA,Legal,2025-10-05,5,915720.4
CUST_01775,"Brock, White and Smith",stephengomez@jones.info,NC,Consulting,2025-05-21,2,1036324.93
CUST_01776,Neal and Sons,solomondanny@wilkinson-perez.net,GA,Construction,2026-03-05,1,2791641.29
CUST_01777,White Group,coreypope@keller.net,WA,Construction,2024-06-29,2,2495797.4
CUST_01778,Boyd Group,parksariana@rodriguez-rodriguez.biz,CO,Freelance,2025-12-23,4,182858.07
CUST_01779,Nichols LLC,crossnicole@brady.com,NY,Construction,2024-05-29,3,1535838.57
CUST_01780,Hawkins-Williams,christensenkendra@mendoza.org,CO,Restaurant,2025-10-07,2,3286374.21
CUST_01781,Jones Group,williamperkins@lara.com,WA,Legal,2026-04-21,1,937892.92
CUST_01782,Cline-Sandoval,garywebster@smith.net,FL,Retail,2025-11-12,4,640805.58
CUST_01783,Gilbert PLC,colleenroberson@taylor.com,CO,Restaurant,2024-12-29,1,3014512.05
CUST_01784,Davis-Ramirez,diana28@rodriguez.com,NC,E-commerce,2025-03-04,8,2849594.22
CUST_01785,"Morrison, Gonzalez and Smith",jillnavarro@johnson.com,WA,E-commerce,2026-04-02,4,4872580.8
CUST_01786,Giles-Dominguez,melissaanderson@jimenez-jefferson.com,TX,Healthcare,2026-02-22,1,2587003.05
CUST_01787,"Liu, Sanchez and Robbins",roachkatherine@davis.com,CA,Construction,2025-08-17,3,856093.8
CUST_01788,Gonzalez-Fleming,cooperlaura@donovan.info,NY,Healthcare,2024-07-12,2,2332167.64
CUST_01789,Kelly-Leach,carrjeffrey@sutton.com,NY,Healthcare,2025-11-17,5,858378.82
CUST_01790,"Davis, Fleming and Hess",harrisonnicholas@williams.net,IL,Legal,2024-12-25,13,3199423.32
CUST_01791,Wilson Inc,john84@harvey.com,CA,Construction,2025-02-28,1,1493737.28
CUST_01792,Bradley and Sons,barnesalexis@richardson.com,TX,Freelance,2025-10-05,4,3843890.07
CUST_01793,Skinner-Solomon,cfinley@hall-long.com,TX,Consulting,2024-10-17,3,2741376.06
CUST_01794,Hudson Group,michael49@maxwell-logan.com,IL,Construction,2026-04-05,7,1393721.92
CUST_01795,"Johnson, Sanford and Myers",gailjacobs@love.biz,IL,Restaurant,2025-11-20,5,2695380.6
CUST_01796,Smith-Holland,mjackson@bradford.com,NY,Retail,2025-02-24,2,727899.76
CUST_01797,Macias-Wilson,tanya43@wade-gillespie.com,IL,E-commerce,2025-01-01,3,2089372.8
CUST_01798,"Peters, Flores and Nunez",sheltonmelissa@mercado.org,TX,Freelance,2024-10-01,2,815046.83
CUST_01799,"Williamson, Singh and Conrad",danielleramsey@miller.com,FL,Restaurant,2024-11-15,10,2115863.97
CUST_01800,Harris LLC,paigecortez@valentine-dickson.com,TX,Consulting,2024-07-26,4,4620878.28
CUST_01801,Estrada-Diaz,jeffreygreen@avery.com,IL,Construction,2025-06-04,20,3470700.98
CUST_01802,Miller LLC,xsullivan@adams.biz,CO,Healthcare,2024-09-12,4,902425.44
CUST_01803,"Elliott, Adams and Rivera",tmorales@salinas.com,CA,Restaurant,2025-01-19,2,1150671.35
CUST_01804,Ward and Sons,ewood@long-velazquez.org,NY,Freelance,2026-03-24,1,1571770.2
CUST_01805,"Reyes, Roman and Jordan",david25@wood-nichols.com,NY,Restaurant,2024-11-06,1,2152785.11
CUST_01806,"Rivera, Roberson and Montgomery",william52@carlson-morris.com,TX,Restaurant,2026-01-10,1,143091.74
CUST_01807,"James, Turner and Griffin",castanedajohn@berg-hill.com,GA,Retail,2025-06-07,5,1021937.41
CUST_01808,Frank-Chapman,bakerpaul@williams-contreras.com,AZ,Retail,2024-06-22,6,2371957.59
CUST_01809,"Stephens, Gonzalez and Sparks",shelleyvelasquez@frank-mercado.com,CA,Restaurant,2024-12-10,1,1543146.74
CUST_01810,"Pacheco, Chavez and Gutierrez",rperez@johnson.com,TX,Restaurant,2024-06-04,9,4604485.45
CUST_01811,Bentley-Short,douglasmartinez@blair-griffin.net,NC,Freelance,2024-11-03,3,964670.03
CUST_01812,Flores-Clark,jocelyn26@salinas.info,CA,Restaurant,2025-02-24,5,770507.04
CUST_01813,Rodriguez and Sons,mollypeck@johnson.com,WA,Healthcare,2025-12-28,16,1793406.2
CUST_01814,Stein Group,banderson@fleming-russell.com,AZ,Freelance,2026-03-22,9,2549300.68
CUST_01815,Smith-Ramirez,brewerbrandon@graves.net,TX,Retail,2024-07-19,3,2667751.77
CUST_01816,Johnson LLC,debra00@mccall.com,FL,Construction,2025-12-04,2,900278.64
CUST_01817,"Anderson, Parker and Flores",davidjohnson@perez-berry.com,AZ,Retail,2026-01-03,1,4869220.52
CUST_01818,Hines PLC,snyderfrank@gonzalez.biz,FL,E-commerce,2024-08-12,2,1863991.98
CUST_01819,"Reed, Fletcher and Holmes",uthompson@burke.org,NY,E-commerce,2025-08-28,3,3383952.21
CUST_01820,"Welch, Washington and Sanchez",jenniferburch@wilcox-heath.com,NY,Healthcare,2024-08-19,2,4907440.56
CUST_01821,Hernandez and Sons,nperez@english.org,FL,Freelance,2025-04-22,4,2067510.95
CUST_01822,Smith LLC,yvazquez@casey.com,IL,Restaurant,2026-01-09,4,2356213.4
CUST_01823,Henderson Inc,teresa76@solomon.info,NY,E-commerce,2025-07-05,3,3823254.71
CUST_01824,Dixon Group,hfrench@roman.com,WA,Retail,2025-11-26,2,457127.33
CUST_01825,Smith Inc,randygomez@walker.com,TX,Legal,2025-06-15,5,1453876.64
CUST_01826,"Davis, Trevino and Wade",wleblanc@ferguson-scott.biz,WA,E-commerce,2025-09-06,6,1168073.48
CUST_01827,Gonzalez-Ramos,david33@haas.net,WA,Legal,2025-04-09,1,984485.68
CUST_01828,Walters PLC,jon25@mooney.com,CO,Healthcare,2024-07-20,13,937521.55
CUST_01829,Navarro LLC,lbrown@haney.com,CO,Restaurant,2025-11-02,4,2012030.3
CUST_01830,Allen-Prince,plin@wyatt.net,TX,Restaurant,2025-07-07,4,759669.43
CUST_01831,Nelson Ltd,phill@washington.com,NC,Restaurant,2025-04-03,7,3720089.19
CUST_01832,"Dodson, Barton and Delgado",eddie13@thompson-guerrero.net,NY,Restaurant,2026-04-20,5,1850364.47
CUST_01833,Beck-Perez,ysandoval@edwards.info,IL,Freelance,2024-10-29,9,2995056.11
CUST_01834,Ward LLC,lloydsharon@jones.com,TX,Freelance,2025-04-06,5,4198640.2
CUST_01835,Jones Ltd,mark40@mahoney.org,CO,Construction,2025-12-11,2,3835844.21
CUST_01836,Garza Group,lhoward@woods.com,NC,Construction,2026-01-12,5,3793699.57
CUST_01837,King Group,elizabethjones@crawford.com,GA,Healthcare,2026-02-08,1,2405340.1
CUST_01838,Jones-Harris,karenjordan@powell.biz,GA,E-commerce,2025-09-08,4,2581501.85
CUST_01839,Knight PLC,klewis@henry-webb.com,CO,Restaurant,2024-09-19,4,654840.8
CUST_01840,"Galloway, Lopez and Kim",bleonard@haley-dominguez.net,CO,Freelance,2025-06-11,3,3160436.6
CUST_01841,"Howell, Wong and Fisher",maryboyle@cohen.com,CA,Restaurant,2024-09-09,4,3702101.86
CUST_01842,Wilson Inc,mmurphy@mckay.org,TX,E-commerce,2026-03-03,1,3406631.83
CUST_01843,"Rogers, Hall and Thomas",davidjones@hampton.biz,GA,Healthcare,2024-10-13,2,806046.42
CUST_01844,Kaiser-Hart,smarsh@smith-williams.com,NC,Restaurant,2025-09-22,4,3812848.65
CUST_01845,Donaldson-Marshall,kyle67@evans-west.info,AZ,E-commerce,2025-10-23,5,3974020.51
CUST_01846,Dyer-Davis,paulbailey@ewing.com,WA,E-commerce,2024-10-31,1,2476739.28
CUST_01847,Sanchez-Edwards,thomasjohnson@hughes.com,AZ,Healthcare,2024-12-16,12,4056933.91
CUST_01848,Alexander-Rodriguez,derrick63@harris-neal.org,AZ,Retail,2025-07-21,2,4765273.45
CUST_01849,Ball-White,daniel82@gutierrez-clark.com,GA,Restaurant,2024-06-21,9,1948967.89
CUST_01850,Archer LLC,sabrina98@hines.com,GA,E-commerce,2025-01-27,6,2325298.38
CUST_01851,Sandoval-Wright,karen43@fletcher-floyd.com,NY,Construction,2024-06-22,2,4429266.13
CUST_01852,"Martinez, Hudson and Munoz",karensanchez@duffy.com,CO,Legal,2024-10-02,18,715716.8
CUST_01853,Andrews LLC,hbaker@copeland.com,GA,E-commerce,2025-12-04,1,3831855.13
CUST_01854,Watkins PLC,uanderson@cummings-robinson.org,CO,E-commerce,2025-08-12,9,2405759.72
CUST_01855,"Roth, Day and Khan",cory21@cuevas.info,NY,Retail,2026-03-22,9,1987354.86
CUST_01856,Brown and Sons,daltonkathleen@murphy-lam.net,NC,Legal,2025-06-15,2,3103851.4
CUST_01857,Lee-Mccoy,ewood@anderson.com,WA,Healthcare,2025-02-25,13,354048.66
CUST_01858,Turner PLC,ycharles@hernandez.com,CA,Consulting,2025-08-29,3,4192824.05
CUST_01859,"Brown, Johnson and Merritt",daniel13@shields.com,NC,Retail,2025-02-22,5,3837710.4
CUST_01860,"Mann, Myers and Rivera",courtney70@case.org,IL,Legal,2025-09-25,5,531882.74
CUST_01861,"Robinson, Jones and Mccarthy",jaime56@walker-jones.net,IL,Legal,2025-02-19,4,1788782.84
CUST_01862,"Watson, Dyer and Phillips",jamesrussell@yang.com,FL,Freelance,2025-10-23,8,1211379.34
CUST_01863,Carter-Baker,dianasmith@alvarado.org,NC,Restaurant,2025-01-25,8,4556425.64
CUST_01864,Gordon-Steele,iharrington@johnson.com,WA,Restaurant,2024-07-17,1,1721091.57
CUST_01865,"Zimmerman, Thomas and Dalton",dmullins@mercado.com,AZ,Healthcare,2024-06-12,12,235019.23
CUST_01866,"Bates, Freeman and Small",owensjacob@turner.com,GA,Legal,2025-10-20,1,1369763.48
CUST_01867,Perez LLC,martinlisa@blackburn.info,CO,Retail,2025-11-19,10,4929535.67
CUST_01868,Blair-Molina,jamesanderson@hanson.com,NC,Legal,2025-03-17,11,1645985.78
CUST_01869,Smith LLC,gberry@harris.com,CO,Restaurant,2024-08-11,1,3469776.62
CUST_01870,Robinson LLC,emcdonald@schwartz.info,IL,E-commerce,2024-11-03,3,2538704.19
CUST_01871,Cantu-Smith,ethomas@bishop.com,IL,Consulting,2026-01-11,1,3093397.97
CUST_01872,Ramirez LLC,briandavid@kent.org,GA,Freelance,2025-03-05,3,2509910.97
CUST_01873,"Hammond, Cabrera and Jackson",robinsonjennifer@williams.com,TX,Freelance,2026-03-16,3,1472410.02
CUST_01874,Jones-Stanton,davisjennifer@stanley.com,WA,Legal,2024-07-03,8,4032784.95
CUST_01875,Ibarra Inc,uolsen@hendricks-green.net,TX,Restaurant,2025-09-24,12,2979730.04
CUST_01876,Blair-Mullen,smay@morris-green.com,TX,E-commerce,2024-12-26,13,2164174.16
CUST_01877,"Buchanan, Burke and Atkins",brendan58@herrera.com,TX,Construction,2025-02-21,2,2547965.7
CUST_01878,"Harrison, Hernandez and Wagner",whitelevi@lang.com,GA,Healthcare,2025-01-15,3,1040381.08
CUST_01879,Long-Ferguson,robin23@wright-lopez.org,WA,E-commerce,2025-04-05,1,3374223.23
CUST_01880,Bauer Inc,christopherkrause@schmidt.com,NY,Retail,2025-07-27,2,3157827.49
CUST_01881,Terry Ltd,vaguirre@williams.com,NY,E-commerce,2025-07-02,9,1104116.38
CUST_01882,Wyatt-Roy,ccarter@cantu.org,CO,Construction,2026-02-26,16,4688956.48
CUST_01883,"Williamson, Benson and Thompson",jill17@thompson.info,NC,Legal,2025-07-15,1,4676447.87
CUST_01884,Goodman-Wright,bwhite@vincent-hernandez.com,CA,Freelance,2025-12-13,2,1853159.61
CUST_01885,Thompson-Shelton,brittany63@singh.net,FL,Consulting,2024-09-19,4,3744845.91
CUST_01886,Harris LLC,kevin04@pittman.com,WA,Legal,2026-01-12,5,2080788.3
CUST_01887,Nelson Inc,alexbrooks@gray.org,TX,Freelance,2026-03-26,2,4237536.57
CUST_01888,Lopez-Maldonado,sscott@sanders.com,WA,Consulting,2024-12-21,6,1319410.84
CUST_01889,Meza PLC,robert42@morse-wells.com,FL,Legal,2025-09-06,3,1230492.94
CUST_01890,Barr PLC,andresmiller@bailey-miller.org,FL,Retail,2024-09-21,4,1265653.72
CUST_01891,Johnson LLC,edwardmitchell@morris.com,WA,E-commerce,2026-03-01,6,2452642.64
CUST_01892,Hernandez LLC,katherine96@graham.com,GA,Retail,2025-05-01,4,1049853.02
CUST_01893,"Ortiz, Serrano and Sharp",bradbennett@alvarado-hanson.com,NY,Retail,2024-12-25,3,1329064.39
CUST_01894,"Barnett, Morgan and Lee",walkeramanda@williams.net,WA,Consulting,2026-02-10,4,3239254.42
CUST_01895,Bush and Sons,fuenteschristopher@davis.com,CO,Retail,2024-06-29,4,323870.0
CUST_01896,Curry-Dixon,dawsonamanda@stephens-nichols.biz,TX,Healthcare,2026-04-24,3,3027918.71
CUST_01897,English-Garcia,schmidtjose@brown.com,TX,Legal,2026-04-01,3,4489027.56
CUST_01898,"Smith, Norton and Thompson",hramos@sanchez-edwards.com,TX,Legal,2025-10-31,16,4718652.6
CUST_01899,"Moyer, Little and Campbell",xcurry@wilson.com,NY,Freelance,2025-12-11,7,604065.2
CUST_01900,"White, Bishop and Espinoza",lstokes@lee.com,AZ,Restaurant,2025-12-19,3,2633689.92
CUST_01901,"Brown, Mitchell and Carr",laurarodriguez@washington.com,NC,Construction,2026-03-02,7,2507432.95
CUST_01902,Ruiz PLC,whernandez@chapman-wheeler.org,FL,Restaurant,2024-08-05,3,3877294.88
CUST_01903,Johnston-Rose,williegonzalez@dunn.biz,IL,Legal,2025-01-26,11,4038915.96
CUST_01904,Smith-Watts,jasminbrown@mayer-adkins.net,FL,Legal,2025-12-26,6,1129141.51
CUST_01905,Lee-Foster,smithcrystal@pacheco-nelson.net,NY,Freelance,2024-08-18,4,4851121.21
CUST_01906,Pierce Inc,angela26@jackson.com,GA,Construction,2025-05-04,6,4321354.67
CUST_01907,Hayes PLC,dmartin@mahoney-hodge.com,CO,Healthcare,2024-07-10,1,3513107.75
CUST_01908,"Haney, Clark and Wiggins",nnunez@olsen.com,IL,Legal,2024-08-23,1,2400527.91
CUST_01909,"Rogers, Wilson and Welch",dthompson@wright.com,WA,Consulting,2024-12-05,1,1846840.16
CUST_01910,Smith Inc,ericwagner@harris.org,IL,Construction,2025-12-04,5,154317.34
CUST_01911,Garcia PLC,michaellopez@greene.com,CA,Retail,2025-09-10,17,3468878.15
CUST_01912,"Pace, Doyle and Graves",ecisneros@cruz-curtis.biz,FL,Construction,2026-01-30,26,2786003.12
CUST_01913,"Cummings, Petersen and Jackson",chaselisa@townsend.com,IL,Restaurant,2025-01-22,7,2697807.93
CUST_01914,Lawson-Huber,murraywesley@gomez.biz,CO,Legal,2024-11-27,6,88937.23
CUST_01915,"Castaneda, Day and Weaver",michael72@lowe.com,WA,Construction,2025-03-28,1,496739.12
CUST_01916,"Myers, Richardson and Ashley",wferguson@carr.org,FL,Construction,2026-02-25,2,1091413.13
CUST_01917,Taylor Group,kylehunter@vance.org,NY,E-commerce,2026-04-19,2,3175195.88
CUST_01918,Lambert-Fuller,gallagherjoanna@riley.com,GA,Retail,2026-04-10,2,1406480.8
CUST_01919,Adams-Alvarez,thenderson@duran.org,CO,E-commerce,2024-07-28,3,3697862.73
CUST_01920,Washington-Hart,rparker@scott-bell.org,IL,Legal,2026-03-12,3,4389968.07
CUST_01921,"Mitchell, Hill and Mckay",leahpham@rodriguez-murray.com,TX,Consulting,2026-02-23,1,3507486.83
CUST_01922,Stone-Soto,raymondperkins@rodriguez.net,TX,Healthcare,2025-06-24,8,2133309.13
CUST_01923,Baker LLC,sparksgarrett@robertson.com,AZ,Healthcare,2025-12-15,1,2293645.68
CUST_01924,Houston Inc,raymondwoodward@sanders.net,CA,Consulting,2024-06-17,5,3169273.89
CUST_01925,"Winters, Smith and Stephens",amanda45@garcia.net,NY,Retail,2026-02-01,23,2033276.16
CUST_01926,"Peters, Golden and Ballard",timothy88@montgomery.info,WA,Healthcare,2025-09-27,2,2900256.26
CUST_01927,Whitaker-Paul,tranrobert@smith.com,NY,Freelance,2024-08-21,1,2606011.16
CUST_01928,Williams and Sons,frazierjennifer@powell.org,NY,Legal,2026-01-13,3,3973579.36
CUST_01929,Newman-Smith,paul18@saunders-lee.info,CO,E-commerce,2025-01-30,10,4373853.93
CUST_01930,"Ortega, Merritt and Phillips",ghudson@sloan-gaines.com,WA,Consulting,2024-09-08,21,3452961.01
CUST_01931,"Kennedy, Perry and Day",johnsoncrystal@patterson.com,IL,Construction,2026-02-28,1,1033385.41
CUST_01932,Hall LLC,stephanie42@larson.com,IL,Consulting,2025-04-14,6,1997796.19
CUST_01933,Hansen-Hickman,fred06@cobb.com,NC,Freelance,2025-03-16,3,152636.46
CUST_01934,Kent-Carr,ibrennan@randolph-tate.com,AZ,Freelance,2024-06-14,4,4538881.66
CUST_01935,Martinez Inc,joe47@green.info,FL,Construction,2025-05-21,37,3521242.71
CUST_01936,Torres-Roberts,nathan39@nguyen-davis.com,CA,Legal,2024-10-05,1,3109120.05
CUST_01937,"Perez, Smith and Rivas",karlchandler@garcia.org,WA,Consulting,2025-09-06,5,490853.27
CUST_01938,Smith and Sons,landerson@arias.info,NY,Restaurant,2025-03-09,6,119868.79
CUST_01939,Leblanc Ltd,cynthiaford@coleman.net,GA,E-commerce,2025-07-10,10,4144924.39
CUST_01940,"Gardner, Sanchez and Reed",jennifer58@jackson-silva.com,TX,Freelance,2025-06-15,4,3582140.37
CUST_01941,Maldonado LLC,jenniferedwards@wilson-shaw.info,WA,Construction,2024-10-22,5,3744893.0
CUST_01942,Mendez-West,rogersbrett@williams.info,NY,Legal,2025-03-20,3,4288871.75
CUST_01943,Parker-Ruiz,danielle52@gonzales-rice.com,FL,Construction,2025-09-05,5,3647204.93
CUST_01944,Whitaker Group,kellykevin@stevens.org,GA,Consulting,2024-10-21,3,2072194.3
CUST_01945,Johnson and Sons,bdixon@lee.com,CA,Construction,2024-09-18,7,4881834.41
CUST_01946,Miller-Cobb,johnnewman@baird.info,NC,E-commerce,2024-11-26,3,4541274.76
CUST_01947,"Nichols, Thompson and Mcintyre",gomezgrant@alvarez.biz,NC,E-commerce,2025-03-10,6,474406.44
CUST_01948,Stewart Inc,hunter74@murphy-guerrero.com,NY,Healthcare,2025-05-26,4,4873275.93
CUST_01949,"Perez, Burnett and Mueller",garciaanne@kelly.info,FL,Legal,2025-04-01,11,3556843.17
CUST_01950,Carter Group,emiller@newton-mahoney.org,NC,Construction,2025-12-20,4,411625.31
CUST_01951,Chapman-Brown,jeffrey62@jacobs.biz,CA,Retail,2025-08-03,1,1697669.58
CUST_01952,Bonilla-Peterson,norrisdaniel@larson.com,CO,Healthcare,2024-11-26,12,4983860.21
CUST_01953,"Bullock, Wall and Sutton",frank18@ortiz.com,NC,Retail,2025-10-30,2,76536.88
CUST_01954,"Phillips, Hill and Pace",christine97@wood.com,NC,Legal,2025-06-23,2,1547411.41
CUST_01955,Murphy-Mckinney,karen28@rodriguez.com,IL,Consulting,2025-03-30,2,4841886.16
CUST_01956,Mcgee-Ford,wilkinskevin@lopez.com,CA,Consulting,2025-08-05,13,1338443.68
CUST_01957,Smith-Murphy,ruth45@tyler.biz,CO,Healthcare,2025-06-22,1,4395588.92
CUST_01958,Hodges-Moore,ghendrix@white.com,TX,Healthcare,2024-09-07,55,3565765.09
CUST_01959,Rice LLC,hsweeney@lane.info,NY,Construction,2025-04-28,10,628368.18
CUST_01960,"Miller, Landry and Rogers",clayandrew@douglas.org,NY,E-commerce,2024-07-01,5,4364813.82
CUST_01961,"Singleton, Whitaker and Griffin",wooddylan@middleton-richards.com,WA,Healthcare,2026-03-07,4,4634873.36
CUST_01962,Davis-Calderon,julie80@marshall.com,WA,Construction,2025-01-02,5,2609014.79
CUST_01963,Martinez Group,reesedavid@allen.net,NY,Healthcare,2025-05-01,6,3697502.73
CUST_01964,Farrell Group,dennis55@sanchez.com,NY,E-commerce,2025-06-13,7,313449.83
CUST_01965,"Brown, Schmidt and Mckenzie",foleyjennifer@campbell.com,CA,Freelance,2024-09-20,6,956549.54
CUST_01966,Lewis-Murray,vjones@pope.biz,WA,Consulting,2025-05-27,4,3544516.17
CUST_01967,Herman Inc,hannahhicks@morales.org,TX,E-commerce,2025-05-01,3,251918.96
CUST_01968,Bush Ltd,amy61@chen-carter.com,AZ,E-commerce,2025-02-28,3,2315910.54
CUST_01969,Curtis Group,fallen@lopez.com,NY,Restaurant,2024-08-23,3,1780541.29
CUST_01970,Roberts-Long,kellermary@ruiz.info,WA,Consulting,2024-11-01,11,4183020.61
CUST_01971,Wyatt PLC,pbarajas@ortiz-cooper.com,AZ,Construction,2025-12-31,7,2838074.58
CUST_01972,Thompson-Miller,jonathan61@barry.info,NC,Freelance,2025-10-24,1,2938559.59
CUST_01973,Walters-Harris,robert40@richmond-johnson.net,AZ,Consulting,2024-05-30,7,2111274.01
CUST_01974,"Smith, Henry and Lewis",douglas63@taylor-vincent.com,FL,E-commerce,2024-07-26,5,3400697.15
CUST_01975,Schultz-Rhodes,wwilson@hall.com,IL,Retail,2026-04-16,4,1457192.19
CUST_01976,"Jenkins, Salinas and Barnes",wgreen@dalton.com,TX,Legal,2025-11-07,3,1899113.63
CUST_01977,"Thompson, Wagner and Gallagher",sheena87@pitts-webster.com,IL,Consulting,2024-08-18,11,192928.79
CUST_01978,Foley and Sons,amanda72@martinez-adams.com,CO,E-commerce,2025-05-20,9,3160365.86
CUST_01979,May Group,mccormickkatherine@rowe-cannon.com,NC,Retail,2024-12-22,2,1680663.26
CUST_01980,Torres and Sons,hunterjamie@ramos-burgess.net,NC,E-commerce,2024-06-30,6,1658331.57
CUST_01981,Oconnor and Sons,ecampbell@smith-king.com,NC,Consulting,2025-12-16,2,1096265.96
CUST_01982,"Smith, Smith and Gentry",james60@gardner.com,WA,Healthcare,2024-07-04,1,4000827.51
CUST_01983,Baker-Jackson,bradshawcarlos@huffman.com,TX,Legal,2025-12-26,2,508127.5
CUST_01984,"Johnson, Pearson and Cole",adrianchang@smith.info,NY,Freelance,2024-12-11,8,4826994.08
CUST_01985,"Vargas, Padilla and Garcia",erikwatson@larsen.com,GA,Restaurant,2026-03-30,9,151534.58
CUST_01986,Howell Ltd,corey22@stephens-owens.org,NY,Legal,2024-11-05,6,3908488.1
CUST_01987,"Moss, Wells and Garner",michelle96@white.com,NY,Restaurant,2025-01-04,8,1527805.97
CUST_01988,Wilkinson-Leon,keithbaker@brewer.com,GA,Construction,2026-02-08,6,4523484.65
CUST_01989,"Poole, Williams and Lee",gfox@james.net,NY,Healthcare,2025-09-08,2,3344325.47
CUST_01990,West-Delgado,villaedward@johnson.com,IL,Freelance,2026-03-04,6,2473634.03
CUST_01991,Barry-Gutierrez,chadward@mullen-silva.com,GA,E-commerce,2026-04-15,8,1378973.05
CUST_01992,Marshall-Jacobs,browntroy@cook.com,GA,Restaurant,2025-09-06,8,3794628.69
CUST_01993,Lindsey and Sons,wdavis@pena.com,IL,Consulting,2026-02-16,11,2198824.32
CUST_01994,Rodriguez PLC,vknight@kennedy.com,TX,Retail,2025-04-23,7,2591040.22
CUST_01995,Wilson LLC,molly46@lutz.org,FL,Consulting,2025-05-22,5,4656804.68
CUST_01996,Payne Inc,dflowers@torres-russell.com,AZ,Restaurant,2025-07-11,10,1488979.97
CUST_01997,Malone LLC,isaiahthomas@sanders.org,TX,E-commerce,2025-05-02,4,1536946.61
CUST_01998,Campos-Thomas,aguilarkevin@salinas-wells.com,WA,Freelance,2024-09-03,2,2639305.68
CUST_01999,Jensen-Clark,robertgarrett@davis-leblanc.info,NC,Retail,2025-01-12,3,2777421.93
CUST_02000,Miller-Owens,jennifer02@gould-wilcox.com,AZ,Restaurant,2024-07-01,2,2577725.34
