ticket_id,customer_id,date,topic,text,status,priority,resolved_in_days
ec24a681-59bf-466f-a04a-ba6d231ab12f,CUST_00001,2026-03-15,technical,"I cannot log in to my account, password reset is not working.",open,medium,2.0
88cb4803-5850-429c-9c5a-f207d54caed6,CUST_00001,2026-01-07,feature,Can you add support for multiple currencies?,pending,low,2.0
d9705073-98b4-4336-8108-a9b43ae689a3,CUST_00001,2026-01-01,feature,I need the ability to set recurring transactions.,resolved,low,13.0
f3366cf6-0f81-4320-8324-fa5190e87fbb,CUST_00001,2025-12-24,billing,I cancelled but was still billed. Please reverse this charge.,pending,low,5.0
9beb1ce7-1835-4ac2-adcc-ae4150559917,CUST_00002,2026-03-22,billing,Why did my subscription price increase without notice?,resolved,high,10.0
41a3af36-334a-4812-a4d5-e148fb527fa0,CUST_00002,2025-11-13,account,How do I export all my data before cancelling?,pending,low,
8b3907e5-29bb-4f38-b113-f3fbcb745144,CUST_00004,2025-01-28,technical,The app crashes every time I try to run payroll.,open,medium,12.0
ba429d4a-a3e5-41a8-88f9-5eb13f86b483,CUST_00004,2024-12-14,feature,Please add a dark mode to the dashboard.,pending,medium,1.0
5bb3a71c-060a-4f26-9499-dd0bd1c982e8,CUST_00004,2025-09-30,billing,I was charged twice this month and need a refund immediately.,resolved,medium,4.0
4604321c-2a0f-4c80-bed0-d186f7230ab1,CUST_00004,2024-06-13,technical,Reports are not loading and just show a blank screen.,resolved,medium,13.0
1ae07801-5b7e-4f63-a461-e39066f59663,CUST_00005,2025-12-22,billing,I cancelled but was still billed. Please reverse this charge.,open,medium,11.0
33df33ce-37b7-479d-8cda-885e814e7280,CUST_00005,2025-12-24,billing,Why did my subscription price increase without notice?,resolved,medium,8.0
a883a400-bf56-4ccb-90ce-8c9ea7025808,CUST_00005,2025-11-21,account,How do I export all my data before cancelling?,open,low,3.0
583f9e30-97a9-44c1-ab55-55e9556d986e,CUST_00005,2026-01-26,account,How do I add a second user to my account?,open,high,3.0
b3fe76c2-6122-4e2b-a2dd-75c6fc28865b,CUST_00006,2026-04-28,technical,Reports are not loading and just show a blank screen.,resolved,high,14.0
ae2b55ba-db6c-4e36-ab52-284773325e1c,CUST_00006,2026-04-23,feature,I need the ability to set recurring transactions.,pending,high,1.0
8ef78fe6-399d-4c27-a4ed-4fc43b47bf6d,CUST_00006,2026-05-09,billing,I cancelled but was still billed. Please reverse this charge.,resolved,high,14.0
fb312189-dcb9-4846-a2f4-6fed4f12efb7,CUST_00006,2026-01-08,account,Can I downgrade my plan and keep my data?,pending,high,
a676862f-3938-4d25-a041-b1164306dcf4,CUST_00006,2026-01-30,billing,Why did my subscription price increase without notice?,resolved,high,1.0
0784c37d-1096-4dae-ad49-c25ea034bd0b,CUST_00008,2025-04-23,account,Can I downgrade my plan and keep my data?,open,medium,11.0
d0781aa4-7f36-4533-bd14-3b14d875c64c,CUST_00009,2025-07-10,billing,"My invoice shows the wrong amount, please help.",pending,high,12.0
2e1d56b5-7afd-45d6-ac00-4f4d2f20af04,CUST_00009,2025-01-28,feature,I need the ability to set recurring transactions.,pending,low,
c2ca693d-bd8b-4476-829f-f3b05d1a95e1,CUST_00010,2025-12-30,technical,"I cannot log in to my account, password reset is not working.",resolved,high,12.0
446d8d7e-c939-483f-b180-9cfad01f2128,CUST_00010,2024-11-22,billing,I was charged twice this month and need a refund immediately.,resolved,high,1.0
8d16106d-948a-42eb-ab44-f1c2439ff1f9,CUST_00010,2024-09-04,billing,"My invoice shows the wrong amount, please help.",resolved,medium,11.0
fba50064-7c06-466d-adcc-d12dcdaeda6f,CUST_00010,2024-09-15,feature,Can you add support for multiple currencies?,open,high,
f992bef4-c8a7-4dbd-88a5-b1f4ba469afe,CUST_00012,2025-07-14,account,I need to update my business address and tax ID.,open,high,8.0
c97fe988-f5b0-402a-8488-93c2f7f8658c,CUST_00012,2026-03-03,billing,I was charged twice this month and need a refund immediately.,open,medium,8.0
525dbbf0-129e-400f-906c-48874ae5e83e,CUST_00012,2025-12-25,feature,Can you add support for multiple currencies?,pending,medium,
042b9064-4034-4744-b25b-1ceadc5fbd40,CUST_00012,2025-11-08,feature,I need the ability to set recurring transactions.,pending,medium,3.0
57d2857d-759a-419f-ac29-fbc4d6b6159f,CUST_00013,2025-12-22,technical,"I cannot log in to my account, password reset is not working.",pending,low,10.0
879bc46a-28f6-463e-a500-36f4be8f4484,CUST_00013,2025-09-29,feature,I need the ability to set recurring transactions.,pending,medium,5.0
e6ff353e-2b6c-493f-a196-ad408531b50a,CUST_00013,2025-11-03,feature,Is there a way to export data to Excel automatically?,open,medium,
9cd84eef-2fd3-4978-9e6c-5c8dd7e5c71c,CUST_00013,2025-12-28,account,Can I downgrade my plan and keep my data?,pending,high,14.0
241b9e0b-2b7b-4b2f-a2c8-5319fcfd9474,CUST_00014,2025-02-24,billing,"My invoice shows the wrong amount, please help.",open,high,7.0
6e2563b3-5dde-4625-a800-5470568b14c7,CUST_00014,2025-08-26,technical,Reports are not loading and just show a blank screen.,resolved,high,
76c0086f-e55b-4776-9487-7f4ad22c8cdd,CUST_00014,2024-10-08,feature,I need the ability to set recurring transactions.,resolved,medium,6.0
f718a11b-4aa0-4aea-973a-ad4b35477465,CUST_00015,2026-04-19,feature,Is there a way to export data to Excel automatically?,resolved,medium,8.0
6ca13d8c-2c53-43bb-ad15-552a1336bfc2,CUST_00016,2025-11-18,billing,"My invoice shows the wrong amount, please help.",pending,high,2.0
c91831f5-fafe-4905-a679-556a95fe46e7,CUST_00016,2025-11-17,technical,My bank connection keeps disconnecting every few days.,resolved,medium,7.0
4816266f-55e5-4626-aff1-b7d1dd557a2b,CUST_00016,2025-06-17,billing,Why did my subscription price increase without notice?,pending,low,14.0
5af1a61f-7abb-4e24-bf41-550b4c233f46,CUST_00018,2026-02-10,feature,Can you add support for multiple currencies?,pending,high,1.0
33d410fb-bd3f-427e-bcba-c4153a6747ca,CUST_00018,2025-08-16,technical,The app crashes every time I try to run payroll.,open,medium,6.0
ede34616-45c0-4beb-9a13-4d389eec3115,CUST_00018,2025-12-13,billing,Why did my subscription price increase without notice?,open,medium,9.0
0154158a-cf7e-4767-9647-721d29a6bfed,CUST_00018,2025-02-21,feature,Can you add support for multiple currencies?,resolved,high,3.0
6e774864-a7c5-41a7-8632-c86b6f4818c9,CUST_00018,2025-05-05,account,How do I export all my data before cancelling?,resolved,high,4.0
102e0110-2e03-4892-a796-fa968f51ee4a,CUST_00018,2025-06-20,technical,The app crashes every time I try to run payroll.,pending,high,7.0
8ee2c636-7d97-4361-94e4-bd393c3bfa19,CUST_00018,2025-08-02,feature,I need the ability to set recurring transactions.,pending,high,
59faa3b3-469e-4509-b51a-bcc73e6dcf82,CUST_00019,2025-12-18,technical,"I cannot log in to my account, password reset is not working.",resolved,medium,8.0
735b0c00-9e3d-42fd-a933-6eb0ce32fea6,CUST_00019,2025-07-16,billing,I cancelled but was still billed. Please reverse this charge.,pending,high,3.0
e0159c2f-dfcf-46bb-8647-82b47efe4023,CUST_00020,2026-04-26,technical,My bank connection keeps disconnecting every few days.,pending,high,5.0
82d564be-f22b-4fbe-9b06-541e115d06e0,CUST_00020,2026-05-12,billing,Why did my subscription price increase without notice?,pending,medium,8.0
5b945294-5ead-46dc-b655-08fdc0aa2d7b,CUST_00020,2026-04-04,feature,Can you add support for multiple currencies?,resolved,high,
4cdd5d28-52da-4175-90c8-34ec5a9f60e7,CUST_00020,2026-04-15,billing,I cancelled but was still billed. Please reverse this charge.,pending,high,3.0
484a4f17-4465-4139-afb8-b1b9b85a8df8,CUST_00020,2026-03-11,account,How do I export all my data before cancelling?,resolved,low,14.0
4ba9fe94-d5f7-4e7c-a4a8-234de6de1701,CUST_00020,2026-03-07,billing,I cancelled but was still billed. Please reverse this charge.,pending,high,12.0
8d361907-ea2a-4df9-b9bd-fd0a055e7ed5,CUST_00020,2026-04-06,technical,Reports are not loading and just show a blank screen.,pending,low,8.0
31eb6ca8-b947-4987-9f09-b1d03a320cf7,CUST_00020,2026-04-27,account,I need to update my business address and tax ID.,open,high,
cc255112-6ff6-495b-8e44-df9f98758a46,CUST_00022,2025-07-25,technical,"I cannot log in to my account, password reset is not working.",open,medium,1.0
ba5d5613-92a3-4e76-b08a-5bd64d843143,CUST_00022,2025-01-14,technical,The app crashes every time I try to run payroll.,pending,high,4.0
d106eeda-0603-4f98-9332-a0bb70db50f1,CUST_00023,2026-05-02,account,I need to update my business address and tax ID.,open,medium,
d388b55c-7959-49b4-9835-39bb9a655766,CUST_00023,2025-09-24,feature,Please add a dark mode to the dashboard.,open,high,6.0
1c851388-838b-4d90-89c1-4930748127a8,CUST_00023,2025-09-16,feature,Can you add support for multiple currencies?,resolved,medium,
08a2d223-2132-444b-977f-c0fb58c4f664,CUST_00024,2025-05-21,feature,Can you add support for multiple currencies?,resolved,high,14.0
5142fb41-0e85-448c-aaf4-3b5a5324565d,CUST_00024,2025-10-11,billing,Why did my subscription price increase without notice?,pending,low,9.0
36f9096b-4c08-49b1-ae54-0b1242493fc9,CUST_00025,2026-01-21,account,How do I add a second user to my account?,resolved,high,
1e8d1b09-8d3c-4ac6-83bc-8d0ccf96c31e,CUST_00026,2025-12-14,account,How do I add a second user to my account?,open,medium,14.0
4d0bf919-39bb-4823-b025-cc9541e0b295,CUST_00026,2026-02-26,feature,Is there a way to export data to Excel automatically?,pending,medium,1.0
6c907c96-2df5-47a2-8bfd-bffe18d28cb0,CUST_00026,2025-10-20,account,Can I downgrade my plan and keep my data?,open,medium,6.0
e9590f9a-d34a-4240-99fa-19236d55abc7,CUST_00026,2026-03-03,billing,"My invoice shows the wrong amount, please help.",resolved,medium,8.0
b08419cb-ac4c-4cc5-99e8-d32b4d7a1e00,CUST_00027,2025-02-15,feature,Is there a way to export data to Excel automatically?,open,high,7.0
535b3911-09ef-4877-91bd-fe6c95db0eae,CUST_00027,2024-06-29,feature,Please add a dark mode to the dashboard.,pending,high,8.0
24b16464-3124-47a8-aac6-991759164149,CUST_00028,2026-03-30,feature,Please add a dark mode to the dashboard.,open,high,
46a07a61-5133-4a3c-b3b9-a771e006cc87,CUST_00028,2026-02-23,technical,My bank connection keeps disconnecting every few days.,open,high,6.0
20634d78-5d40-45a3-a1f9-7fe37af1f859,CUST_00028,2026-05-16,feature,Is there a way to export data to Excel automatically?,resolved,medium,6.0
99155ec7-ae8a-45a6-b0d4-0c3b2ba1a05f,CUST_00028,2026-04-12,account,Can I downgrade my plan and keep my data?,resolved,high,11.0
51537557-81c6-4fe1-a82f-a6803b465272,CUST_00028,2026-04-29,account,Can I downgrade my plan and keep my data?,open,high,14.0
1fd5de0d-bde4-4920-967e-984f93674934,CUST_00028,2026-05-06,billing,"My invoice shows the wrong amount, please help.",resolved,high,9.0
e15c4548-7378-460a-8e84-7d8107db6ecf,CUST_00028,2026-02-17,feature,Can you add support for multiple currencies?,resolved,high,2.0
e42ff823-af76-4738-ad2a-e97240bd3ff6,CUST_00029,2026-01-03,account,How do I export all my data before cancelling?,pending,medium,10.0
8175c627-2601-4f19-969e-1879212fc959,CUST_00029,2025-12-10,billing,Why did my subscription price increase without notice?,open,medium,8.0
e347ffcb-4482-4fbc-93b4-f6eede082ba0,CUST_00029,2025-12-17,feature,Can you add support for multiple currencies?,open,medium,12.0
a9bec00e-4f21-4b41-97b5-0795ee676a95,CUST_00029,2026-04-17,billing,Why did my subscription price increase without notice?,resolved,low,1.0
a2fc19e0-31b6-44ad-b9e2-05417118b578,CUST_00030,2026-03-30,feature,Is there a way to export data to Excel automatically?,resolved,high,14.0
c68aa980-aacc-4289-8933-cbf07f39ca6f,CUST_00030,2026-03-30,technical,"I cannot log in to my account, password reset is not working.",resolved,high,8.0
8724f5f8-cfc7-405b-a49d-920ddf65ae99,CUST_00030,2026-03-20,billing,I was charged twice this month and need a refund immediately.,pending,medium,12.0
b29561ec-a748-411c-af38-6a35e6899fb8,CUST_00030,2026-04-20,technical,"I cannot log in to my account, password reset is not working.",open,high,1.0
0f36bf17-469a-4b18-b2d8-31a254bbaf7e,CUST_00030,2026-05-11,technical,The app crashes every time I try to run payroll.,resolved,high,4.0
e6bddadf-9ef2-40a9-86d6-4d5f9d49d703,CUST_00030,2026-04-01,technical,Reports are not loading and just show a blank screen.,resolved,high,7.0
940a1d7e-8979-4bdb-98ef-c12266019766,CUST_00030,2026-05-15,billing,I was charged twice this month and need a refund immediately.,open,high,
e93ce197-6519-4b45-be71-a90c7e58481d,CUST_00030,2026-05-02,technical,My bank connection keeps disconnecting every few days.,open,high,14.0
e00c408f-f127-448f-a94f-ce38b4fa46c0,CUST_00031,2025-11-03,technical,Reports are not loading and just show a blank screen.,pending,low,
6b467860-289a-48c7-b18c-1aa070793fbb,CUST_00031,2025-08-03,feature,Can you add support for multiple currencies?,pending,high,10.0
a0f80245-7584-42e6-b216-08a334866914,CUST_00031,2025-11-13,account,I need to update my business address and tax ID.,open,high,8.0
8cc25261-11be-4bfb-9f50-2020f7f57d97,CUST_00031,2025-12-06,account,I need to update my business address and tax ID.,pending,high,1.0
4885e391-d5de-42c6-9e11-c0231c9f5c0b,CUST_00032,2025-12-02,technical,The app crashes every time I try to run payroll.,resolved,high,
bb65b954-0f2e-4c2c-a9d8-1d3580d3848d,CUST_00032,2026-03-15,billing,"My invoice shows the wrong amount, please help.",resolved,high,6.0
2a518ad2-3f1f-490c-af14-6c427f103982,CUST_00032,2025-12-07,feature,Please add a dark mode to the dashboard.,open,low,5.0
8237c371-f159-4e73-bacc-6476c9f93f3d,CUST_00032,2025-04-26,feature,Please add a dark mode to the dashboard.,pending,medium,11.0
3101e784-f763-42ab-818a-e985ae0f1f18,CUST_00033,2026-02-14,feature,Please add a dark mode to the dashboard.,open,low,
ad65b1d8-5be7-4cb4-b3fa-c469400c68f4,CUST_00033,2026-04-14,technical,My bank connection keeps disconnecting every few days.,resolved,high,9.0
db43eefd-21a5-4e35-b182-246d5292de10,CUST_00033,2026-05-02,account,Can I downgrade my plan and keep my data?,open,high,5.0
7935e44d-8066-43c9-a2fa-6d012dddfc5c,CUST_00033,2025-12-08,technical,"I cannot log in to my account, password reset is not working.",open,high,1.0
182bae63-3c8f-4c17-84df-3510d769bee8,CUST_00035,2026-04-07,account,I need to update my business address and tax ID.,pending,high,7.0
a8eecb92-e370-46ad-9d2e-ba92e0f1a822,CUST_00035,2026-04-12,feature,Can you add support for multiple currencies?,pending,high,14.0
90e3ab5c-574a-4ed1-8942-ce540d4ca940,CUST_00036,2026-01-17,account,How do I export all my data before cancelling?,resolved,high,
2eb3f4cc-b607-454f-b315-cbc882f77618,CUST_00036,2025-06-21,account,How do I export all my data before cancelling?,resolved,high,
986bb21f-9e7d-4862-b2c2-9d11b9869471,CUST_00036,2025-09-07,account,Can I downgrade my plan and keep my data?,open,medium,13.0
f7fa439b-0459-4f11-99ef-78ca9d07a40b,CUST_00036,2025-09-06,billing,I cancelled but was still billed. Please reverse this charge.,resolved,low,
6a2ec02f-43f3-46c8-9e60-2c0500506c70,CUST_00036,2025-08-20,billing,I was charged twice this month and need a refund immediately.,pending,high,1.0
0b8139cb-1021-4feb-88ea-ae6ccf9029af,CUST_00038,2026-04-15,technical,My bank connection keeps disconnecting every few days.,open,low,9.0
53e208a9-d986-4dd0-b990-a6f34603b610,CUST_00038,2026-05-02,billing,I cancelled but was still billed. Please reverse this charge.,resolved,low,9.0
f63632b9-904b-4dca-b079-30c0c9c2948f,CUST_00039,2025-06-21,billing,I was charged twice this month and need a refund immediately.,pending,medium,
3c888c83-584e-4936-b64b-4f2b10d37e1f,CUST_00040,2026-02-10,technical,My bank connection keeps disconnecting every few days.,open,medium,11.0
0eaa745f-31e8-4829-a280-e85821eeaa14,CUST_00040,2025-07-17,account,I need to update my business address and tax ID.,resolved,medium,9.0
fc013bc2-1020-4962-a2f9-ef2b819db134,CUST_00040,2025-07-30,billing,"My invoice shows the wrong amount, please help.",pending,high,6.0
5b09c64d-310e-49b8-a927-9b927fd4e262,CUST_00041,2026-04-16,technical,"I cannot log in to my account, password reset is not working.",resolved,low,2.0
0b7ec9e7-2d82-4693-89ae-acc173a9d00a,CUST_00041,2026-05-18,billing,Why did my subscription price increase without notice?,open,medium,10.0
22ed2075-7eb2-433d-a011-21d6c2c72457,CUST_00043,2025-11-17,billing,"My invoice shows the wrong amount, please help.",resolved,low,3.0
478483d1-00fe-49e5-b9c1-cb081cf8a212,CUST_00043,2026-03-29,feature,Please add a dark mode to the dashboard.,pending,high,5.0
9fdbfff0-47ef-49e3-b677-5374afb7decf,CUST_00044,2025-08-18,feature,Please add a dark mode to the dashboard.,pending,medium,5.0
177c9235-e0d9-4c3d-be13-6f323f2caec3,CUST_00044,2025-11-12,account,Can I downgrade my plan and keep my data?,resolved,low,3.0
c59857a2-aa0f-4b32-8737-7bfd4cc303db,CUST_00045,2025-07-11,billing,I was charged twice this month and need a refund immediately.,open,high,13.0
66f707c8-d2b6-412a-aeee-b9d831b795fc,CUST_00045,2026-01-18,technical,"I cannot log in to my account, password reset is not working.",resolved,high,5.0
1d6d5dfc-4208-473b-97b6-1be9b3cb91d2,CUST_00045,2025-05-08,account,How do I add a second user to my account?,pending,medium,8.0
35e4ae97-0f5d-4e7f-8acb-fa59bd90b4a7,CUST_00045,2025-12-17,technical,"I cannot log in to my account, password reset is not working.",open,high,9.0
0762e0fb-03bf-4c01-b7e5-59cc621dec08,CUST_00045,2025-12-30,billing,Why did my subscription price increase without notice?,resolved,medium,11.0
adaf2e68-5302-4323-bff9-baf9b52e175d,CUST_00045,2025-09-11,account,I need to update my business address and tax ID.,pending,high,4.0
a2a8a060-4bcf-4ada-9b3d-9402ad195d2d,CUST_00045,2026-04-06,technical,The app crashes every time I try to run payroll.,open,high,12.0
5dd3f8d0-fe15-426c-be54-c2f72a05e8ab,CUST_00045,2026-02-17,account,How do I add a second user to my account?,pending,high,8.0
face742b-2774-4252-a5e3-0a28db114cbe,CUST_00046,2024-10-09,billing,"My invoice shows the wrong amount, please help.",open,low,
69266d92-db95-4d9e-b0d8-e541fb7446ec,CUST_00046,2025-11-23,account,I need to update my business address and tax ID.,pending,medium,8.0
77a08d4a-da4b-4098-94ee-29b4c953a26e,CUST_00046,2024-06-17,feature,I need the ability to set recurring transactions.,resolved,high,2.0
00ee8ebe-0ef2-4355-b066-fa4f4df94e53,CUST_00046,2024-12-14,feature,Can you add support for multiple currencies?,open,medium,
66371370-1c71-4d7a-9cb4-4068eaf8bd39,CUST_00047,2025-03-17,feature,I need the ability to set recurring transactions.,resolved,high,6.0
a3357f98-a7e9-411f-9727-d72e1af2fb19,CUST_00047,2025-08-15,account,How do I export all my data before cancelling?,pending,high,
95ae0745-2ddd-471c-b17c-c1da36460d56,CUST_00048,2025-11-24,account,How do I export all my data before cancelling?,pending,high,
233f63d7-af3f-411c-8a70-ffe65035074b,CUST_00048,2025-06-30,technical,The app crashes every time I try to run payroll.,resolved,low,12.0
b28e52b7-144d-413a-ae67-ec85cdef2f75,CUST_00048,2025-12-05,feature,Please add a dark mode to the dashboard.,open,medium,2.0
1096e90d-e0dd-461a-8fc1-acbe13782e87,CUST_00049,2026-04-24,billing,I was charged twice this month and need a refund immediately.,open,medium,
8cb8bdef-aae0-484a-87a3-7717363301ee,CUST_00049,2026-01-10,feature,I need the ability to set recurring transactions.,open,low,12.0
0b30db31-b648-46ff-a593-c13829c5e257,CUST_00049,2026-03-02,billing,I was charged twice this month and need a refund immediately.,resolved,high,
51c5d229-e79b-4c9b-9bf0-5d9d46b5ec2d,CUST_00049,2026-01-16,account,How do I add a second user to my account?,resolved,high,7.0
c3b927aa-97f7-4d0d-b583-cf3bd718ad45,CUST_00050,2026-03-20,account,How do I add a second user to my account?,pending,medium,10.0
a5c31627-1ae2-4677-afd4-35871861158a,CUST_00052,2025-09-04,feature,I need the ability to set recurring transactions.,pending,medium,1.0
8b9a39e9-f58d-4375-87cb-ead16cf60be3,CUST_00052,2026-05-17,account,I need to update my business address and tax ID.,pending,high,11.0
afb93c9e-c720-47bb-9aaf-32addabb96ed,CUST_00052,2025-07-08,technical,My bank connection keeps disconnecting every few days.,resolved,low,6.0
6e1849c6-631d-4222-8820-ddc2375041ba,CUST_00053,2026-05-02,technical,"I cannot log in to my account, password reset is not working.",resolved,high,5.0
9c818b50-69a6-45a4-b9ea-9b5eed0b4011,CUST_00053,2025-12-09,technical,My bank connection keeps disconnecting every few days.,resolved,low,2.0
c990adbe-adc0-4b9f-a09d-3467ac658a67,CUST_00055,2025-02-21,account,I need to update my business address and tax ID.,open,low,7.0
d39e0208-5f8a-4d84-a176-7eb54106793e,CUST_00056,2025-10-31,feature,Is there a way to export data to Excel automatically?,resolved,high,
e5d37725-8f7f-4fb2-95ef-81a8daea4587,CUST_00056,2026-02-14,billing,I cancelled but was still billed. Please reverse this charge.,resolved,medium,10.0
9ad8cce4-15da-4631-81d6-a080a84b40dc,CUST_00057,2025-10-31,technical,"I cannot log in to my account, password reset is not working.",resolved,high,14.0
9af34265-6e26-4e39-896b-08b476396c33,CUST_00058,2026-05-11,billing,I cancelled but was still billed. Please reverse this charge.,open,low,6.0
7aaa91b4-3395-43ad-a0a2-8e5dbe99e7d1,CUST_00059,2025-09-02,account,I need to update my business address and tax ID.,open,high,3.0
f751cdfa-a2ba-4fa7-a24e-396c4d2c7e89,CUST_00059,2025-12-02,account,How do I add a second user to my account?,pending,medium,5.0
16e61749-fe34-4d58-85f4-0d71a2c27170,CUST_00060,2024-12-23,technical,Reports are not loading and just show a blank screen.,resolved,low,14.0
8a096d9d-aec1-470d-bce6-f1d854a82a69,CUST_00061,2026-04-08,billing,"My invoice shows the wrong amount, please help.",pending,medium,14.0
d15cae06-b272-4124-8b77-ed545ba6f917,CUST_00061,2026-01-23,account,How do I add a second user to my account?,open,high,9.0
6c6abdd6-d2a6-45c0-85e6-8b0999a61394,CUST_00062,2026-01-22,feature,Can you add support for multiple currencies?,open,low,
41b147ac-5942-4aad-aa94-ab7dc691fc55,CUST_00062,2026-04-30,billing,"My invoice shows the wrong amount, please help.",open,high,
d211c133-5c2d-4dad-b383-248f1ff8ddb4,CUST_00062,2026-05-03,account,Can I downgrade my plan and keep my data?,open,medium,14.0
6ca6cac4-17e7-4edb-8dab-ae62061b1fc0,CUST_00062,2026-01-16,feature,Please add a dark mode to the dashboard.,resolved,medium,4.0
fea6a0e3-74c7-4249-abda-0cb106acaca9,CUST_00063,2025-03-11,account,Can I downgrade my plan and keep my data?,pending,high,14.0
f227a5b7-4e0d-4f11-81e4-e869143b6bb7,CUST_00063,2025-03-21,account,I need to update my business address and tax ID.,pending,low,
907e3f15-b969-428d-9c8c-d65439a69827,CUST_00063,2026-03-18,account,Can I downgrade my plan and keep my data?,open,low,5.0
56b89abb-3cc3-4448-8d5f-fc7794a18030,CUST_00063,2025-02-10,account,How do I add a second user to my account?,pending,high,
967aba5b-72b0-4c1d-abb9-7e5d8d4fb242,CUST_00064,2025-10-26,technical,"I cannot log in to my account, password reset is not working.",pending,high,
3fbfcdb2-37fe-4dd8-9722-dbbca55c100c,CUST_00064,2026-05-09,feature,Please add a dark mode to the dashboard.,open,high,1.0
15d61484-a70e-4ace-af32-f48a284e0715,CUST_00065,2026-04-15,account,How do I add a second user to my account?,pending,high,
6269b4ec-52bb-4a6d-8ebb-794e51b81f58,CUST_00065,2025-12-04,billing,I was charged twice this month and need a refund immediately.,resolved,high,
f6ada562-954e-4a9d-bd4b-5578851245df,CUST_00065,2026-03-31,billing,"My invoice shows the wrong amount, please help.",pending,high,
d49c731c-a948-457a-8b0e-760c0dc91f9f,CUST_00065,2026-05-16,account,How do I add a second user to my account?,pending,high,9.0
ff3fc9fa-1813-47c4-892d-ed19578c12da,CUST_00065,2026-03-25,technical,My bank connection keeps disconnecting every few days.,open,low,5.0
253b53a3-65d5-401b-8461-5b6e6a5cd699,CUST_00066,2025-11-07,feature,Please add a dark mode to the dashboard.,pending,high,10.0
9872c40e-ece1-4f86-9a05-0b0cdfcb3ad1,CUST_00067,2024-10-12,billing,"My invoice shows the wrong amount, please help.",open,medium,2.0
711b18c6-a22e-4ab4-a68d-bb0de6c26596,CUST_00069,2026-04-17,account,Can I downgrade my plan and keep my data?,pending,high,4.0
14be553e-0529-47ff-88cb-400e46fb7b21,CUST_00069,2026-02-08,account,How do I export all my data before cancelling?,open,high,
039d4891-206d-4c9e-9bb7-757d49977154,CUST_00069,2025-05-09,account,I need to update my business address and tax ID.,open,medium,
406ca026-6cd0-4ba5-9b8b-ea414d3ffb5a,CUST_00069,2025-08-09,feature,Please add a dark mode to the dashboard.,open,high,7.0
590a2e5a-ebde-4086-a97c-598ea578fbf4,CUST_00069,2024-07-20,feature,Is there a way to export data to Excel automatically?,pending,high,10.0
6cf85d7f-56fe-4318-a557-c0ddea1b7c08,CUST_00070,2025-12-01,technical,My bank connection keeps disconnecting every few days.,pending,high,3.0
4d5122e6-dfba-4a9b-a366-7151ed6ec8d7,CUST_00070,2025-10-09,technical,Reports are not loading and just show a blank screen.,pending,medium,13.0
5596ed13-2721-49f0-b4d6-a486b4a0604c,CUST_00071,2026-04-23,technical,"I cannot log in to my account, password reset is not working.",pending,low,
fb122174-63a7-4c73-ba93-a5cf0174129d,CUST_00071,2024-12-27,technical,"I cannot log in to my account, password reset is not working.",open,low,9.0
7f5d03c1-c6fa-4914-9da1-1b3f83762159,CUST_00071,2026-02-04,account,Can I downgrade my plan and keep my data?,resolved,high,6.0
232d8940-f892-4843-a800-4e0c1573d31f,CUST_00072,2026-03-29,technical,The app crashes every time I try to run payroll.,resolved,low,8.0
72bc1d53-4e9e-4a95-bea6-d3503dda709a,CUST_00072,2025-10-31,billing,Why did my subscription price increase without notice?,open,medium,8.0
03644470-60e3-4585-b57a-a9af28d980d8,CUST_00072,2026-01-19,technical,"I cannot log in to my account, password reset is not working.",pending,medium,13.0
f96d401c-bd4c-4db0-b319-09fd3a27e693,CUST_00072,2025-08-16,account,Can I downgrade my plan and keep my data?,resolved,high,8.0
ff8d4ffc-0477-43d6-aeed-1bbbf42bfb9e,CUST_00073,2026-04-01,technical,My bank connection keeps disconnecting every few days.,pending,high,4.0
606176c2-1926-4ccd-a65b-6407c1a16f77,CUST_00073,2026-01-07,feature,I need the ability to set recurring transactions.,open,low,
165fec53-974e-4105-aa34-d6bcaa91eb2c,CUST_00074,2026-01-20,technical,The app crashes every time I try to run payroll.,open,low,9.0
0e522c92-8cb1-485d-bab4-7832f0696aca,CUST_00075,2025-10-10,account,I need to update my business address and tax ID.,resolved,high,
af096514-309a-4c6a-aaff-923797b41274,CUST_00076,2026-05-16,billing,"My invoice shows the wrong amount, please help.",pending,medium,
295f8dfa-739d-4977-8a10-4f99c711a2c5,CUST_00077,2026-01-14,billing,"My invoice shows the wrong amount, please help.",open,high,5.0
c9f1a5df-f5b1-44ef-ab17-b9ce70c2f537,CUST_00077,2025-03-04,billing,I cancelled but was still billed. Please reverse this charge.,open,high,4.0
982b9aa4-cd33-4b77-ae1c-15f3b3dfdad8,CUST_00077,2026-02-01,billing,I was charged twice this month and need a refund immediately.,open,high,10.0
bf305c0b-1274-4445-bd63-d9291f0e4ab4,CUST_00077,2024-12-07,billing,I cancelled but was still billed. Please reverse this charge.,resolved,high,
b94ce50d-79fb-477f-803e-8dd3aaf387c5,CUST_00078,2026-04-05,technical,The app crashes every time I try to run payroll.,pending,medium,2.0
8858b979-f235-49e1-a4f5-b82ad9cc0b9e,CUST_00079,2026-02-09,feature,Can you add support for multiple currencies?,resolved,high,7.0
e34ddbca-e96b-4007-941c-0e2b974bf319,CUST_00079,2025-07-29,feature,I need the ability to set recurring transactions.,pending,high,7.0
e9bd69b3-b6b3-4822-8e6f-c55ef98c1b6d,CUST_00079,2025-07-31,feature,Please add a dark mode to the dashboard.,resolved,high,11.0
adf351ed-744a-402d-adac-f1e42f523e34,CUST_00079,2026-03-03,billing,I was charged twice this month and need a refund immediately.,open,high,13.0
e2fcbfee-2f8b-48cb-ad82-b4803119b68d,CUST_00080,2025-09-17,feature,Please add a dark mode to the dashboard.,resolved,low,13.0
54d225ac-08f6-4536-a59e-54f9a6635dc4,CUST_00081,2026-04-10,billing,"My invoice shows the wrong amount, please help.",pending,low,
3f13aca4-a8d2-412a-b794-c64312bc82d3,CUST_00081,2026-04-06,technical,The app crashes every time I try to run payroll.,open,low,10.0
84dd0ff6-16e6-4eb4-8321-f65f751c6d41,CUST_00081,2026-04-20,account,I need to update my business address and tax ID.,resolved,high,
bb881dfd-410b-448e-acac-fde1669dc88c,CUST_00083,2026-04-21,billing,"My invoice shows the wrong amount, please help.",pending,high,5.0
43189885-3f2e-4b9d-8d8f-44898ad9a141,CUST_00083,2026-01-31,technical,My bank connection keeps disconnecting every few days.,resolved,medium,8.0
9a373df2-8ed7-451b-89d8-201c2174db2c,CUST_00083,2026-03-16,billing,I was charged twice this month and need a refund immediately.,open,low,13.0
02e75729-0789-44e0-bf15-dfa0f565d39b,CUST_00083,2026-03-05,feature,Is there a way to export data to Excel automatically?,open,low,7.0
ab06fcbd-52bc-43c6-9683-9cdda994aa4b,CUST_00083,2026-02-06,account,How do I export all my data before cancelling?,resolved,high,10.0
4b086e12-ceba-4430-9cf1-da8cf199b2b4,CUST_00083,2026-01-02,technical,My bank connection keeps disconnecting every few days.,pending,medium,
bec5b52d-0fc8-4ecd-b944-91b27b8b6759,CUST_00084,2026-03-24,account,Can I downgrade my plan and keep my data?,pending,medium,4.0
0d0cb4ef-b691-420e-94fa-32ec04488ebc,CUST_00084,2026-04-01,billing,"My invoice shows the wrong amount, please help.",open,high,4.0
f716a537-52d2-4bc6-a726-d9145cf75d19,CUST_00084,2026-05-04,billing,"My invoice shows the wrong amount, please help.",resolved,low,14.0
4c98fea8-8467-4ea8-8743-c2547013da72,CUST_00084,2026-05-07,account,Can I downgrade my plan and keep my data?,open,low,
db3b6c5a-f4e0-4825-ae25-e04dbf125a82,CUST_00085,2026-02-25,account,I need to update my business address and tax ID.,open,low,12.0
aa193ada-80b9-4ca9-b034-f0d432365b90,CUST_00085,2026-05-11,feature,Can you add support for multiple currencies?,open,high,5.0
31d3d273-c325-4137-94d3-d158e40d6b07,CUST_00086,2026-02-01,account,Can I downgrade my plan and keep my data?,pending,medium,11.0
c8d122f0-45ca-4c60-8084-596a4e6f5181,CUST_00086,2026-02-08,technical,Reports are not loading and just show a blank screen.,resolved,medium,14.0
1e7d6623-69e2-40fa-8a94-dd881f25cbb5,CUST_00086,2026-01-29,billing,Why did my subscription price increase without notice?,pending,high,11.0
25a978fc-8019-4b10-bfca-182d40300f66,CUST_00086,2026-01-21,account,How do I export all my data before cancelling?,pending,medium,
044f31a1-b05a-47ff-8e29-8711ebf621ec,CUST_00087,2025-12-21,technical,"I cannot log in to my account, password reset is not working.",open,low,4.0
5c42aeeb-b03a-4d5f-b51e-ddca7e1f186f,CUST_00088,2025-07-19,feature,Please add a dark mode to the dashboard.,open,low,
1af436ab-1e70-4d02-9782-3f993ec1eb7b,CUST_00088,2024-09-04,technical,"I cannot log in to my account, password reset is not working.",open,high,3.0
dfeafeb4-006a-4072-bf7a-0bf4ace532d5,CUST_00088,2024-12-02,technical,"I cannot log in to my account, password reset is not working.",open,high,14.0
67cc1e8d-71fb-4298-a1e6-f9df478bd772,CUST_00089,2026-04-04,billing,Why did my subscription price increase without notice?,open,high,
13fc2073-b275-4c5a-9c76-3491b96e210f,CUST_00089,2026-04-29,account,How do I export all my data before cancelling?,resolved,low,6.0
8a68ca28-b0c3-4229-bb54-5967de975b08,CUST_00090,2024-10-22,account,How do I add a second user to my account?,open,high,3.0
cfd48f66-92a2-4e57-bded-1e39f2519d50,CUST_00090,2026-03-23,feature,Is there a way to export data to Excel automatically?,open,high,12.0
23c233fb-9b4a-4d30-b399-865ae8f6b07c,CUST_00091,2026-04-17,billing,I was charged twice this month and need a refund immediately.,open,low,3.0
2a41453f-dec6-4164-958f-380d1f26aff4,CUST_00091,2026-03-23,billing,I cancelled but was still billed. Please reverse this charge.,open,medium,9.0
6ce9c055-c8ca-4e47-9151-7d7c433e671f,CUST_00091,2026-05-02,account,I need to update my business address and tax ID.,resolved,medium,9.0
4c50fe0b-81a1-4cbf-b457-40b7d13a4a3c,CUST_00092,2025-03-07,feature,Can you add support for multiple currencies?,open,low,12.0
11cb8629-f44f-4a9b-80ae-ab86bf65aedb,CUST_00092,2024-12-26,feature,Please add a dark mode to the dashboard.,resolved,low,3.0
1332cc49-69cc-4a31-beb4-f59120fcd134,CUST_00093,2026-04-28,billing,I was charged twice this month and need a refund immediately.,pending,medium,14.0
a117042d-fa6b-4d7f-b15e-5d03a9b31b3d,CUST_00094,2025-10-10,technical,The app crashes every time I try to run payroll.,resolved,low,10.0
0820a7ce-a6d4-4f09-925a-0f219b49161f,CUST_00094,2025-05-31,account,How do I export all my data before cancelling?,resolved,medium,11.0
3ad7473d-3683-4334-90b0-867e1bcbc67e,CUST_00095,2024-10-08,technical,"I cannot log in to my account, password reset is not working.",pending,high,6.0
3d22ba52-9d35-4c47-93fb-690e847a7aaf,CUST_00095,2025-08-23,feature,Can you add support for multiple currencies?,resolved,high,11.0
9e93d6af-5916-4086-bea4-7758bc415261,CUST_00096,2025-12-02,feature,Can you add support for multiple currencies?,resolved,high,8.0
a488e48b-0c4c-42bd-84de-13422286b050,CUST_00096,2025-10-29,feature,I need the ability to set recurring transactions.,open,high,6.0
09d5a263-e447-4b5b-9d2e-d64e79aa89ac,CUST_00096,2025-07-19,billing,I cancelled but was still billed. Please reverse this charge.,resolved,high,13.0
8de84609-f70e-48fc-b3a8-fc71b3925116,CUST_00096,2025-04-15,technical,"I cannot log in to my account, password reset is not working.",resolved,high,11.0
ffc04f42-c2ff-4978-98e5-57748b2ffaa7,CUST_00096,2026-04-27,billing,I cancelled but was still billed. Please reverse this charge.,open,high,
9f25c32c-acc1-49db-9c4b-4410e0a97ade,CUST_00096,2025-06-14,technical,The app crashes every time I try to run payroll.,pending,low,14.0
ea02e9b1-e9a0-4dbc-a980-bacf7d398709,CUST_00096,2025-12-07,billing,I cancelled but was still billed. Please reverse this charge.,resolved,medium,7.0
10da307f-7481-4748-a481-cc140137a63d,CUST_00096,2026-03-05,account,How do I export all my data before cancelling?,pending,high,9.0
2cf4af9c-4259-4fa9-b0aa-bb564a43abc9,CUST_00097,2026-04-09,billing,Why did my subscription price increase without notice?,pending,medium,10.0
5ee59c6f-3591-4201-9375-4afbd6c04534,CUST_00098,2026-03-24,feature,Please add a dark mode to the dashboard.,resolved,high,
d98aa452-2277-48d7-abfe-5d067b652377,CUST_00099,2025-09-06,billing,I cancelled but was still billed. Please reverse this charge.,pending,medium,8.0
76cd2ca8-42df-4b23-87fb-77d8ae09e774,CUST_00101,2025-05-26,feature,I need the ability to set recurring transactions.,resolved,high,
56dc4432-41da-4222-809e-ee2dc21dea6a,CUST_00101,2026-02-06,technical,The app crashes every time I try to run payroll.,pending,low,
09041ce6-3069-43f2-b07d-c5293f7f2783,CUST_00101,2024-11-11,feature,Please add a dark mode to the dashboard.,open,high,14.0
5286b234-9d49-4c84-b576-5b50cb08f223,CUST_00101,2025-08-15,billing,I was charged twice this month and need a refund immediately.,pending,low,14.0
b82eac8a-650f-4063-b6f9-92b3ab5ce779,CUST_00101,2025-03-09,technical,The app crashes every time I try to run payroll.,pending,low,11.0
62bc1026-7e8b-460a-8ceb-ab8c18baef1b,CUST_00101,2025-02-16,technical,Reports are not loading and just show a blank screen.,open,high,12.0
92e845a8-bcc2-4620-8c24-7ea31c8a2cca,CUST_00101,2025-03-13,billing,Why did my subscription price increase without notice?,pending,low,3.0
edb7b13c-7892-4b52-acc1-4ca7ef0326cb,CUST_00102,2025-12-10,technical,"I cannot log in to my account, password reset is not working.",resolved,low,7.0
6e83ea08-8ca3-4f8e-b5d3-fb0e36b30984,CUST_00102,2025-02-01,billing,I was charged twice this month and need a refund immediately.,pending,low,12.0
40b0a537-b395-428e-86a9-74581e690fae,CUST_00102,2024-11-14,feature,I need the ability to set recurring transactions.,resolved,medium,3.0
54571279-65a5-4ec7-9a52-314a232d0311,CUST_00103,2026-02-11,billing,I cancelled but was still billed. Please reverse this charge.,resolved,low,1.0
ad71ed46-cf9f-442b-9f57-e16938c53cc7,CUST_00103,2026-02-18,feature,Is there a way to export data to Excel automatically?,pending,low,
943fe0d7-de6a-4260-b716-ddabb3c05a95,CUST_00103,2026-01-17,account,How do I export all my data before cancelling?,resolved,low,8.0
c480c902-db81-4bfa-946e-03d052bb4dfd,CUST_00104,2025-08-10,billing,"My invoice shows the wrong amount, please help.",open,low,10.0
62818fc9-4b32-424e-93b1-b8e4a232a6a5,CUST_00104,2024-11-30,technical,My bank connection keeps disconnecting every few days.,resolved,medium,10.0
457a29ba-0d76-4c2b-b19b-95884150721c,CUST_00105,2025-01-09,billing,"My invoice shows the wrong amount, please help.",open,high,6.0
773ab22d-48bb-47ab-a3bd-3dd829bb8bbb,CUST_00105,2024-12-28,account,I need to update my business address and tax ID.,open,high,5.0
808a5b3b-f467-425b-a3f0-c667a1ac364c,CUST_00105,2025-03-28,feature,I need the ability to set recurring transactions.,resolved,high,11.0
44ff891e-df46-41b5-9dbb-e55ca7fd1aa2,CUST_00105,2025-08-04,technical,Reports are not loading and just show a blank screen.,open,low,
713f4dd4-e7dd-46c3-ba13-2daa736f19c9,CUST_00106,2025-12-21,billing,"My invoice shows the wrong amount, please help.",pending,low,8.0
0d45c8d7-775e-4b18-90fc-b7106fd2b2e3,CUST_00106,2026-02-18,feature,Is there a way to export data to Excel automatically?,pending,low,
ceec5dd2-5f2f-45cc-ad07-2c9db5aefea2,CUST_00106,2025-12-04,billing,I cancelled but was still billed. Please reverse this charge.,resolved,high,
364463f2-e6ee-4235-8110-e2f6f69749f6,CUST_00107,2026-03-16,technical,"I cannot log in to my account, password reset is not working.",pending,high,1.0
5a7c0ef7-fc34-4e66-8833-14f4d2c763a2,CUST_00107,2026-01-20,billing,Why did my subscription price increase without notice?,pending,high,3.0
d7f4917a-9131-4eca-84a2-1f73ca1c8f8d,CUST_00107,2026-03-31,feature,I need the ability to set recurring transactions.,resolved,low,
8f813ce2-a462-4c5f-9213-0d52725e7962,CUST_00107,2025-09-09,billing,I cancelled but was still billed. Please reverse this charge.,open,medium,4.0
9df217c2-040d-46a9-b97e-da1a1bb1cba6,CUST_00108,2026-01-15,technical,"I cannot log in to my account, password reset is not working.",resolved,medium,4.0
6828701f-5d16-41a6-9f7e-9c2ce8bd0cfc,CUST_00108,2025-03-05,feature,I need the ability to set recurring transactions.,pending,low,8.0
84c7254c-831c-45c0-8c2d-f3a5d1197f29,CUST_00108,2025-07-20,billing,"My invoice shows the wrong amount, please help.",open,medium,8.0
4181df24-1587-433c-bf31-271ebbcf6cb6,CUST_00108,2026-01-12,account,How do I export all my data before cancelling?,resolved,low,
7241dbf3-c69c-476f-88bf-eb27fbc4ab87,CUST_00109,2025-11-16,feature,Please add a dark mode to the dashboard.,resolved,medium,10.0
60fba811-7295-455d-bde9-2f3daea0e480,CUST_00109,2025-03-06,account,I need to update my business address and tax ID.,pending,high,6.0
28670cca-defb-4e03-9da1-74d8fb6ce671,CUST_00109,2025-01-01,feature,I need the ability to set recurring transactions.,open,medium,3.0
068dc76a-3883-45de-b9da-9f597bb1dc52,CUST_00109,2025-07-29,billing,Why did my subscription price increase without notice?,pending,low,6.0
fbd4977e-3473-48fc-9a07-026089c96eeb,CUST_00110,2025-07-25,account,How do I add a second user to my account?,pending,high,
d39b89fa-38b1-4034-a57d-be6c8a15ea60,CUST_00110,2024-09-17,technical,Reports are not loading and just show a blank screen.,pending,low,11.0
5dbb5b65-6aba-49be-8b21-a817f7ecf105,CUST_00111,2025-12-04,billing,I was charged twice this month and need a refund immediately.,pending,medium,13.0
041cfc70-8b2e-4dc3-84ef-46907a72d9e2,CUST_00111,2024-12-16,billing,Why did my subscription price increase without notice?,resolved,high,9.0
eb33692e-ef79-4d7f-bd63-a72a30e6f1e0,CUST_00113,2025-09-09,account,Can I downgrade my plan and keep my data?,resolved,low,11.0
2e9d25a8-344d-4c28-9ddc-d4b961894263,CUST_00113,2025-04-26,technical,"I cannot log in to my account, password reset is not working.",open,low,2.0
c459ce55-57b9-46b7-ab44-c7c19b31f5ab,CUST_00113,2025-06-06,billing,I was charged twice this month and need a refund immediately.,open,low,10.0
dc90b4a4-0581-4e8c-84c1-6a12e9517201,CUST_00114,2025-06-23,billing,I cancelled but was still billed. Please reverse this charge.,resolved,medium,12.0
385881d6-0bad-4814-8d8e-c911c151372c,CUST_00114,2024-11-03,feature,Can you add support for multiple currencies?,pending,low,
cccc405e-995e-467e-a9fc-60a8602fe118,CUST_00114,2025-03-01,feature,Please add a dark mode to the dashboard.,resolved,high,7.0
3c35f2b6-c531-4404-be90-852a1ebfff2b,CUST_00114,2025-12-01,billing,I cancelled but was still billed. Please reverse this charge.,pending,high,1.0
1bf42931-eee8-4c79-b802-76802a741fdf,CUST_00114,2024-11-17,billing,I cancelled but was still billed. Please reverse this charge.,open,high,7.0
9e1719f8-97a4-49ab-afab-f45e111af107,CUST_00114,2026-02-20,technical,My bank connection keeps disconnecting every few days.,resolved,medium,7.0
58c7569b-8b71-4eee-be8b-69b972c3a800,CUST_00114,2026-01-15,feature,Please add a dark mode to the dashboard.,open,low,4.0
6c145285-983a-4ff1-a60f-1cb14c30ab20,CUST_00114,2024-11-20,feature,Please add a dark mode to the dashboard.,resolved,medium,14.0
4b6601ce-7dc8-4a4e-85f0-28b386c2ad2b,CUST_00116,2026-03-01,account,I need to update my business address and tax ID.,pending,medium,
da8f9eae-e9fb-496f-af03-c47fbb02dfa9,CUST_00116,2025-06-13,feature,Is there a way to export data to Excel automatically?,pending,high,5.0
af17cad9-243a-4570-9c73-0bd01a56656d,CUST_00117,2025-05-26,technical,Reports are not loading and just show a blank screen.,pending,low,7.0
c1cd3824-0bd0-4c35-bdc3-6b53a421c07e,CUST_00117,2025-08-19,technical,"I cannot log in to my account, password reset is not working.",pending,low,4.0
3c282873-7793-473d-a40c-3997cf860846,CUST_00117,2025-05-24,account,How do I add a second user to my account?,open,low,8.0
e00a69c1-6e53-40cc-a033-61c3d9c0afa7,CUST_00117,2025-10-24,account,How do I export all my data before cancelling?,pending,high,11.0
f29d549f-dfb7-40ba-a73a-9b2340bcfd76,CUST_00117,2026-05-10,billing,Why did my subscription price increase without notice?,pending,medium,14.0
b1483aaf-fbac-4b2c-a88a-ab12170fca15,CUST_00118,2026-03-06,account,How do I add a second user to my account?,pending,low,6.0
524aedc3-f238-43d7-9af0-06a74b4c6bb4,CUST_00119,2025-11-06,billing,I was charged twice this month and need a refund immediately.,open,medium,2.0
639483a4-f994-401b-82a4-8cd45d5330d1,CUST_00119,2025-11-10,technical,My bank connection keeps disconnecting every few days.,open,high,3.0
67285670-b90c-4958-907f-80247000b9ad,CUST_00119,2026-04-08,feature,Please add a dark mode to the dashboard.,resolved,high,10.0
53283564-2d33-4f93-9fe3-6cfb60757196,CUST_00119,2026-01-04,feature,Please add a dark mode to the dashboard.,pending,medium,7.0
7f474d82-7baf-4091-aed6-8ce68107d7ad,CUST_00120,2026-01-13,feature,Can you add support for multiple currencies?,resolved,high,6.0
1ed6ae93-1b1b-4bb3-91d7-8e15000548c6,CUST_00120,2026-03-18,feature,Is there a way to export data to Excel automatically?,open,high,9.0
e8b9de64-c8a2-42e5-9e12-f7fe86bf6fb8,CUST_00120,2026-05-08,technical,The app crashes every time I try to run payroll.,resolved,high,8.0
5d8a8939-4227-4e0f-84b7-3819858d51fd,CUST_00120,2026-02-09,feature,I need the ability to set recurring transactions.,resolved,low,
7c2e4ff0-0ca4-4d76-ab6c-e6d88b863a20,CUST_00120,2026-04-21,technical,The app crashes every time I try to run payroll.,resolved,high,8.0
2ac3c47f-1d91-4336-b3e8-ce33bed50e4c,CUST_00120,2026-01-22,account,Can I downgrade my plan and keep my data?,pending,high,8.0
0518c8a3-e646-4d6c-adb3-dd584adf3012,CUST_00122,2025-06-22,feature,I need the ability to set recurring transactions.,pending,medium,5.0
405bdf34-38cc-4e9e-8cde-4ecbe0a49db5,CUST_00123,2026-04-16,feature,Please add a dark mode to the dashboard.,resolved,high,8.0
7a90b605-f451-4c53-bcbd-d8ecaa42cbfc,CUST_00123,2026-05-04,billing,Why did my subscription price increase without notice?,pending,high,6.0
90fe86d6-7052-4caa-a769-2cd838a90161,CUST_00123,2026-04-16,technical,Reports are not loading and just show a blank screen.,resolved,high,13.0
42f8e12e-7f42-4fa5-bc1c-ed78c6e97bd8,CUST_00123,2026-05-13,feature,Can you add support for multiple currencies?,pending,high,10.0
98584dfa-c6bf-4134-b600-ea2d29edfc8a,CUST_00123,2026-05-13,technical,My bank connection keeps disconnecting every few days.,resolved,high,1.0
c09126d6-deda-498b-81eb-e0033626251e,CUST_00123,2026-04-21,billing,"My invoice shows the wrong amount, please help.",open,low,5.0
d9754045-3ae1-4241-a093-dfdba03aa2b9,CUST_00123,2026-05-07,account,How do I export all my data before cancelling?,resolved,high,
4f196f04-3e0d-41c5-87a8-0647c3d850a0,CUST_00124,2025-03-17,technical,"I cannot log in to my account, password reset is not working.",pending,low,9.0
867a08b4-7128-4adb-9a3c-11cf79d006c3,CUST_00124,2025-12-22,feature,Can you add support for multiple currencies?,open,high,9.0
d0ced1e7-d8f3-4b2d-b59e-56086e9aa2fa,CUST_00124,2026-01-16,feature,Is there a way to export data to Excel automatically?,open,high,14.0
cab0603c-3514-474a-afcd-894cf4be2e33,CUST_00124,2025-09-20,feature,Please add a dark mode to the dashboard.,pending,low,
1d10df0c-089f-41e6-b65f-be5c6939c147,CUST_00125,2025-12-12,technical,Reports are not loading and just show a blank screen.,resolved,high,
7e91e25d-5587-4c4c-a633-a078c6e5c44a,CUST_00125,2025-12-09,feature,I need the ability to set recurring transactions.,pending,high,2.0
70d12090-5e3c-4090-8547-c75e7f56ba15,CUST_00125,2025-12-03,feature,Can you add support for multiple currencies?,pending,medium,13.0
c6ffd799-c44a-41df-a332-01e4df96a56b,CUST_00126,2026-01-17,account,How do I export all my data before cancelling?,resolved,high,11.0
e268e924-d8ed-47b9-96ef-e8599aa2b71e,CUST_00126,2026-01-29,billing,I cancelled but was still billed. Please reverse this charge.,pending,low,7.0
f9999f86-3f4f-47e6-bb66-1f43c7aa6c88,CUST_00126,2025-05-02,technical,My bank connection keeps disconnecting every few days.,pending,low,4.0
42365542-35c7-4271-a90a-3b1d2eb13304,CUST_00127,2026-01-12,account,How do I export all my data before cancelling?,open,medium,7.0
90cbd565-b561-47c3-8583-44f956855324,CUST_00127,2025-03-17,billing,"My invoice shows the wrong amount, please help.",pending,low,11.0
7a17e843-91c1-4aa4-94c5-1c89c47bd3f4,CUST_00128,2026-05-08,account,I need to update my business address and tax ID.,open,medium,14.0
bd173bcf-a88b-4710-9263-938685802f6a,CUST_00129,2026-04-16,account,How do I export all my data before cancelling?,resolved,high,12.0
8242e302-792e-4e51-a2b8-b6e6385547d5,CUST_00129,2026-05-18,technical,"I cannot log in to my account, password reset is not working.",open,medium,
a66fdc87-c573-4c4e-a619-da40bca62a56,CUST_00129,2026-04-26,billing,Why did my subscription price increase without notice?,resolved,high,14.0
fe13920c-c05c-419d-ad7e-b5db2e87f4b4,CUST_00129,2026-04-29,feature,Can you add support for multiple currencies?,open,high,
32c2cfbc-0119-40f2-bbc9-04c9726c2793,CUST_00130,2025-07-28,billing,"My invoice shows the wrong amount, please help.",pending,low,14.0
8c8a7764-7be4-4a4a-adae-b5fcc00bcf99,CUST_00130,2025-10-19,billing,Why did my subscription price increase without notice?,pending,high,1.0
6b6441b9-76b8-4370-8ab8-7418a9254f15,CUST_00130,2025-11-24,account,Can I downgrade my plan and keep my data?,resolved,low,7.0
de93afa8-c93c-4c4f-b57b-4d6a0de7c98a,CUST_00130,2025-11-06,feature,I need the ability to set recurring transactions.,resolved,low,12.0
48f3bab8-8b0b-48f7-8bea-78b3801e5fe0,CUST_00131,2026-01-10,technical,The app crashes every time I try to run payroll.,resolved,medium,11.0
a029bb41-43e9-4113-b0b3-794202f0002d,CUST_00131,2025-11-02,billing,Why did my subscription price increase without notice?,resolved,high,2.0
5695c6a2-6221-4dc7-9865-0f9f2b1bd2de,CUST_00131,2025-09-13,technical,The app crashes every time I try to run payroll.,pending,high,7.0
e3097c99-eb8e-436e-ba86-baf64be6b903,CUST_00131,2026-02-11,account,Can I downgrade my plan and keep my data?,pending,high,6.0
00cf8b07-545c-4b9d-8d30-941e04fd428b,CUST_00131,2026-01-11,account,I need to update my business address and tax ID.,open,high,5.0
0d5a1939-95af-4b17-ab58-8899470b39a0,CUST_00131,2026-01-17,billing,Why did my subscription price increase without notice?,open,low,11.0
0a704305-8627-401f-abc3-1b19e547bf23,CUST_00131,2025-10-27,billing,I was charged twice this month and need a refund immediately.,pending,low,5.0
cde49500-6df7-4a4f-b82b-390c4d63ca08,CUST_00132,2026-04-29,feature,Can you add support for multiple currencies?,resolved,high,13.0
ff0652f2-3697-487d-889b-745725a626a9,CUST_00132,2026-03-26,account,Can I downgrade my plan and keep my data?,resolved,medium,12.0
e98e065c-77b9-44b9-897e-5358a214c68d,CUST_00132,2026-05-15,technical,Reports are not loading and just show a blank screen.,pending,high,1.0
5882081f-c645-4257-a0bf-13ca532ea3a2,CUST_00135,2025-11-13,feature,Is there a way to export data to Excel automatically?,resolved,high,3.0
4d103f6a-55ff-405b-b8a8-0ce4de273ab2,CUST_00135,2026-03-07,technical,"I cannot log in to my account, password reset is not working.",resolved,low,2.0
8b3e20e5-50a3-40e3-bfdd-4ce75c212222,CUST_00135,2026-02-06,account,I need to update my business address and tax ID.,pending,low,
c268a3b8-98ab-4a07-8c9e-310d95479563,CUST_00136,2025-03-15,account,I need to update my business address and tax ID.,resolved,high,4.0
66610234-35ba-4603-9303-24aab4f6b2bb,CUST_00136,2025-08-13,account,How do I export all my data before cancelling?,pending,low,10.0
0b3c64f4-81c0-445f-94e3-a20645f3f972,CUST_00136,2025-07-19,billing,I cancelled but was still billed. Please reverse this charge.,pending,low,14.0
73b23352-ac90-42f0-b327-b0a81dbdc965,CUST_00136,2025-11-24,account,I need to update my business address and tax ID.,resolved,low,
578bdbcf-6826-4ad5-aa0c-362db6d3ef5f,CUST_00137,2026-02-11,feature,Please add a dark mode to the dashboard.,open,medium,2.0
4c2b5b29-cd8c-4c6e-9378-f05dcbc12a6b,CUST_00137,2026-01-15,feature,Can you add support for multiple currencies?,pending,low,12.0
6bbcce9a-0743-4bd0-86f9-1f0449b8d312,CUST_00137,2025-08-25,billing,Why did my subscription price increase without notice?,resolved,high,11.0
a821a30e-98fe-4a11-8631-7e3a749339c8,CUST_00138,2026-01-14,account,How do I export all my data before cancelling?,resolved,high,2.0
62b9a1f4-52f8-4229-ace5-d78a7de335bc,CUST_00138,2025-08-28,feature,I need the ability to set recurring transactions.,resolved,high,
35e53678-26a5-4521-bcd4-4e173ea54ffa,CUST_00138,2024-10-27,feature,I need the ability to set recurring transactions.,resolved,low,12.0
9d193ff9-0683-4917-950f-4a26e82c6c73,CUST_00138,2025-08-23,feature,Please add a dark mode to the dashboard.,open,high,
3dff4959-5202-400b-8830-1b804fe8c790,CUST_00139,2025-10-11,feature,I need the ability to set recurring transactions.,pending,high,4.0
5720ed09-1079-4358-b465-2d47cb96cc8b,CUST_00139,2025-11-07,account,Can I downgrade my plan and keep my data?,open,medium,13.0
40b9ea86-7576-432a-b0f7-0ce6a68cef14,CUST_00139,2026-01-25,billing,I was charged twice this month and need a refund immediately.,resolved,medium,9.0
71b5bf39-2d61-409c-8ee8-0b6947b7dade,CUST_00139,2025-11-22,account,I need to update my business address and tax ID.,resolved,medium,3.0
90ce0374-cb67-448e-b6dc-7f49a0a66b9a,CUST_00140,2026-05-16,feature,Is there a way to export data to Excel automatically?,pending,medium,6.0
93be8e78-e711-48eb-a3ff-547ea13aac0b,CUST_00140,2026-02-20,account,How do I export all my data before cancelling?,resolved,medium,2.0
e5eee2f8-2841-42a5-ac4c-aff4be6555e2,CUST_00140,2026-05-17,account,How do I export all my data before cancelling?,pending,medium,5.0
3ffb91e5-e3dd-473d-977c-59f586df88dd,CUST_00140,2025-06-04,technical,Reports are not loading and just show a blank screen.,open,medium,11.0
07fb28bf-7779-47fd-a78b-87395c073317,CUST_00141,2026-04-10,technical,My bank connection keeps disconnecting every few days.,resolved,medium,9.0
6f6f0d5f-e177-4e91-9bc7-05a7afe2f02b,CUST_00141,2026-05-14,technical,Reports are not loading and just show a blank screen.,pending,high,14.0
0af30fd5-e701-4bc9-a4f7-37626d90a7ba,CUST_00141,2026-05-12,feature,Is there a way to export data to Excel automatically?,resolved,high,1.0
46bdde23-a8a2-4748-b9bb-e6e3a8a351be,CUST_00141,2026-04-29,feature,I need the ability to set recurring transactions.,resolved,medium,13.0
18b7253a-4d10-481d-9298-a9591c476b45,CUST_00142,2025-04-03,technical,My bank connection keeps disconnecting every few days.,resolved,low,
b613690d-c749-40d2-84d8-a302c1eaae31,CUST_00142,2025-08-27,technical,The app crashes every time I try to run payroll.,pending,low,7.0
44108770-2d40-4473-ac86-b259b2640f8d,CUST_00143,2025-06-04,billing,Why did my subscription price increase without notice?,open,high,8.0
6fbb02b1-3d02-468a-930e-eb7b0054bd84,CUST_00143,2026-01-22,billing,"My invoice shows the wrong amount, please help.",resolved,medium,
e963e978-0f66-421b-bfdb-0d4367fdb028,CUST_00144,2026-01-25,technical,My bank connection keeps disconnecting every few days.,open,low,11.0
d7fc36a9-8933-48ac-95ae-e2fbfbcec70d,CUST_00145,2025-11-08,feature,Is there a way to export data to Excel automatically?,open,high,6.0
f66cfe5d-5e96-46ae-9592-43c7ef395c20,CUST_00145,2025-12-20,account,How do I add a second user to my account?,open,medium,14.0
ccdb1c85-cb3d-4193-9cc0-0abc4f70a2da,CUST_00146,2025-09-21,billing,"My invoice shows the wrong amount, please help.",open,medium,
2736585e-04bf-4d36-88bb-20aa633f66e3,CUST_00146,2026-03-11,feature,Please add a dark mode to the dashboard.,open,high,14.0
69d576da-8815-45a8-916b-2e5fc3ec38e8,CUST_00148,2026-02-04,account,How do I add a second user to my account?,pending,low,2.0
91610530-7c07-47e0-a9fd-a89e8d31dc17,CUST_00148,2025-08-12,technical,My bank connection keeps disconnecting every few days.,open,medium,11.0
23f4586c-d054-4b75-8b90-bf244f846c0a,CUST_00148,2026-04-08,technical,My bank connection keeps disconnecting every few days.,resolved,medium,14.0
9a0bea40-356e-4347-86c8-3043a496f508,CUST_00149,2026-04-07,feature,I need the ability to set recurring transactions.,pending,low,1.0
242970cf-1323-452d-a988-dd5a010e4798,CUST_00150,2025-11-09,technical,"I cannot log in to my account, password reset is not working.",resolved,high,10.0
05255cb5-047d-4b5a-a252-33af27434943,CUST_00150,2025-07-07,account,I need to update my business address and tax ID.,open,high,13.0
4632f8fe-15bf-4066-ba79-94e849cce2e7,CUST_00150,2025-07-07,billing,I cancelled but was still billed. Please reverse this charge.,pending,low,3.0
78669684-6079-414b-9691-4ed92968f1e3,CUST_00151,2026-03-01,billing,Why did my subscription price increase without notice?,pending,medium,
34626902-4b1e-4af9-b139-32398ee83bc1,CUST_00151,2025-11-09,account,I need to update my business address and tax ID.,pending,high,13.0
0503f792-1394-4a99-8ec1-9ed1bc14192d,CUST_00152,2026-03-18,billing,I was charged twice this month and need a refund immediately.,open,low,4.0
23ab0f99-6ace-40ab-b202-499d499a4f59,CUST_00152,2025-10-29,feature,Can you add support for multiple currencies?,pending,low,7.0
89fbd0df-58f8-42a8-a1d7-33a76eb9655e,CUST_00153,2025-09-28,feature,Is there a way to export data to Excel automatically?,resolved,high,4.0
55b94f97-4e73-4a0b-9b32-4de4b40b0b8a,CUST_00153,2026-03-12,technical,My bank connection keeps disconnecting every few days.,resolved,high,7.0
7873454a-a068-4d8d-af11-b8ed178757ab,CUST_00153,2025-07-20,technical,"I cannot log in to my account, password reset is not working.",open,low,7.0
a813bf20-0f09-41a1-a413-277c494ad30f,CUST_00155,2025-08-19,billing,I was charged twice this month and need a refund immediately.,open,medium,8.0
d7820387-9351-4380-9bfc-b762b9aa3d92,CUST_00155,2025-03-11,billing,Why did my subscription price increase without notice?,open,medium,7.0
fba6d539-4d09-47a9-b31e-3b725e03c05b,CUST_00155,2025-12-02,account,How do I add a second user to my account?,open,high,13.0
eeccfb34-3f96-4058-ac26-f1fd64e422fd,CUST_00155,2026-05-02,billing,Why did my subscription price increase without notice?,open,high,11.0
e910f50a-6fc5-47c8-8033-bbd2d6e4e220,CUST_00156,2026-03-18,feature,I need the ability to set recurring transactions.,pending,low,5.0
c778295a-9f57-46c7-958e-1212d47d2895,CUST_00156,2026-03-04,technical,The app crashes every time I try to run payroll.,pending,high,5.0
74b793bb-9c03-40e3-8f0c-aa3a3d458771,CUST_00158,2025-11-04,technical,Reports are not loading and just show a blank screen.,resolved,low,7.0
e52de604-85b5-4152-b4a4-a9959c517d08,CUST_00158,2025-08-11,billing,Why did my subscription price increase without notice?,resolved,medium,4.0
96e59269-9b3b-4f16-80d7-1597c52336e5,CUST_00158,2026-01-14,billing,Why did my subscription price increase without notice?,pending,high,13.0
8a8b9035-0ac0-47a3-b2cd-d505ec8e850d,CUST_00158,2025-08-20,billing,I cancelled but was still billed. Please reverse this charge.,open,high,3.0
71da8309-d205-4411-92a7-a98d6a9e6952,CUST_00158,2025-12-30,feature,I need the ability to set recurring transactions.,pending,low,1.0
48b17594-f410-4892-bf34-4c3446e8f70a,CUST_00158,2025-09-02,account,How do I add a second user to my account?,open,medium,8.0
e9fb37a7-bcc0-4273-baac-82b3f98bde71,CUST_00158,2025-09-22,feature,Can you add support for multiple currencies?,resolved,high,14.0
7e18311f-0812-474f-a762-29d492311a23,CUST_00159,2025-04-21,billing,Why did my subscription price increase without notice?,pending,high,7.0
f1748acc-1f35-40a5-b303-20d05fcbb633,CUST_00159,2025-05-07,billing,I cancelled but was still billed. Please reverse this charge.,open,low,5.0
444d1465-464b-4c6c-9402-7f16ec77381b,CUST_00159,2025-11-05,billing,I was charged twice this month and need a refund immediately.,open,medium,11.0
ec6c4880-3327-4214-a0fb-3054245bb8f6,CUST_00159,2026-03-04,feature,Can you add support for multiple currencies?,open,high,7.0
6bf57635-d707-493b-91a2-f941950d1cad,CUST_00160,2026-02-28,technical,"I cannot log in to my account, password reset is not working.",resolved,medium,9.0
366a7841-a72a-4a63-85aa-d6e3cb1b32d4,CUST_00160,2026-04-22,feature,Is there a way to export data to Excel automatically?,pending,high,7.0
5260145d-353f-4743-94b9-83bddef74571,CUST_00160,2026-02-20,account,Can I downgrade my plan and keep my data?,open,low,
407a1194-a9e6-4553-9e3a-62fa97da8af5,CUST_00161,2026-02-06,feature,Is there a way to export data to Excel automatically?,pending,low,
20c78da2-ee72-4f1e-937a-23884c959255,CUST_00161,2025-08-25,feature,Please add a dark mode to the dashboard.,pending,medium,13.0
dfeab19f-577d-44f1-bf9c-b60a0790acd2,CUST_00161,2025-08-29,technical,The app crashes every time I try to run payroll.,resolved,medium,1.0
d5f2a28d-ffb7-4842-b60a-1fd43815281c,CUST_00161,2025-10-27,billing,I was charged twice this month and need a refund immediately.,open,medium,1.0
174218b5-9016-4506-a08e-b43d3de09469,CUST_00161,2025-10-12,technical,"I cannot log in to my account, password reset is not working.",resolved,high,
0ab1d888-ba32-42b3-a77d-d7db13a819f3,CUST_00162,2025-10-22,account,How do I add a second user to my account?,pending,medium,8.0
b99fd29c-55be-411f-b9c5-f85dc200709f,CUST_00162,2025-12-27,feature,Can you add support for multiple currencies?,pending,high,4.0
09244b06-1ca5-4cdd-ad22-c4d42f265bab,CUST_00162,2026-04-27,feature,Can you add support for multiple currencies?,open,high,6.0
94b02f6f-3870-4592-98ec-27873aa8326b,CUST_00162,2025-11-24,feature,Please add a dark mode to the dashboard.,pending,high,3.0
e457ddb6-1463-480a-8bb0-1d4e5a3a853c,CUST_00163,2026-03-31,feature,Please add a dark mode to the dashboard.,resolved,high,7.0
2ac21bd6-b35c-49d8-b960-a71ab009cdb5,CUST_00163,2025-03-25,account,I need to update my business address and tax ID.,open,low,1.0
9b77d292-9f5e-46aa-a9f1-3f73f61d9dbf,CUST_00163,2025-05-20,billing,"My invoice shows the wrong amount, please help.",resolved,high,5.0
ec58d983-c2f1-46cd-a940-658148656961,CUST_00163,2025-09-17,billing,Why did my subscription price increase without notice?,pending,high,5.0
f94005ac-2705-4a3f-841d-e4fd04517ceb,CUST_00164,2024-11-08,account,How do I add a second user to my account?,pending,medium,6.0
acee3053-adc3-418c-aab2-cf0dfbd0fec9,CUST_00164,2025-07-07,feature,Is there a way to export data to Excel automatically?,open,low,3.0
cd120e5e-e7c7-4ef2-bdc2-1a3eb319bc63,CUST_00164,2025-05-13,technical,My bank connection keeps disconnecting every few days.,resolved,low,
c5593f99-ce33-46de-9a4d-7dd965a9d7cc,CUST_00164,2024-10-20,technical,My bank connection keeps disconnecting every few days.,pending,medium,4.0
4c963efd-1728-4862-8c74-28dbaea2842d,CUST_00165,2026-04-23,billing,Why did my subscription price increase without notice?,resolved,high,1.0
89deed2b-f16a-4fc0-92c9-cd9c230179b4,CUST_00165,2026-03-04,account,How do I add a second user to my account?,resolved,high,10.0
d30538ca-c1e7-4042-8c32-2b21a3a018a3,CUST_00165,2026-05-12,account,I need to update my business address and tax ID.,open,high,
841b5718-d8f5-4663-9f13-7e194e76277c,CUST_00165,2026-05-04,account,How do I export all my data before cancelling?,pending,high,
5b2fc4d9-b812-4d57-8260-6e30a177ffe9,CUST_00165,2026-05-01,feature,Please add a dark mode to the dashboard.,pending,medium,11.0
628cbbb9-93dd-46ac-bda9-ac44bc6f8793,CUST_00165,2026-04-10,billing,Why did my subscription price increase without notice?,resolved,high,1.0
0042216a-3978-474d-a439-f53f6a25d038,CUST_00165,2026-03-19,technical,The app crashes every time I try to run payroll.,resolved,low,14.0
b6908609-4187-4e4e-af2f-7efc3c4891da,CUST_00165,2026-03-14,feature,Please add a dark mode to the dashboard.,pending,high,
022a6d94-7b57-46d5-90f5-e353495e593e,CUST_00166,2026-02-22,technical,"I cannot log in to my account, password reset is not working.",pending,low,
85d787b9-e131-4299-a584-11f548196c39,CUST_00166,2026-03-28,technical,"I cannot log in to my account, password reset is not working.",resolved,medium,7.0
f969e9e2-a916-411b-afda-cb901358222f,CUST_00166,2025-12-23,feature,Can you add support for multiple currencies?,open,medium,10.0
6dd46867-e2c9-402e-8bd0-d6b2d3702fc3,CUST_00168,2026-03-18,account,How do I add a second user to my account?,resolved,low,10.0
e49b1b08-f957-4da0-bce4-fc9afb0b9425,CUST_00171,2026-01-20,technical,The app crashes every time I try to run payroll.,open,medium,2.0
8427a372-a68c-454e-a402-dd329c7445fe,CUST_00171,2025-09-26,technical,My bank connection keeps disconnecting every few days.,resolved,low,7.0
925fd764-c88a-4f62-a575-32540a2b00e7,CUST_00171,2026-04-05,technical,Reports are not loading and just show a blank screen.,open,high,
4484c58f-23fe-4196-b125-78856e7748d0,CUST_00172,2025-09-08,technical,The app crashes every time I try to run payroll.,resolved,medium,11.0
aeb072d0-c8c7-4b03-95cd-f4515b01a34c,CUST_00173,2025-10-03,billing,Why did my subscription price increase without notice?,resolved,medium,11.0
0f55f272-67d9-44ff-a915-c9f446e6ca04,CUST_00173,2026-04-05,billing,Why did my subscription price increase without notice?,resolved,high,
230ef3cd-c8b5-4152-b3aa-479a6bf98d28,CUST_00174,2025-12-11,feature,I need the ability to set recurring transactions.,open,medium,14.0
bd48d7cb-3cc3-4998-ac3d-d62af606a787,CUST_00175,2026-04-19,technical,The app crashes every time I try to run payroll.,open,low,11.0
7c01ea1f-719a-4a2d-b219-dc0d3d5e41d1,CUST_00175,2025-06-23,technical,Reports are not loading and just show a blank screen.,resolved,medium,11.0
339ebf19-e5a5-4cc0-9be6-4485476c72c5,CUST_00175,2025-12-25,technical,Reports are not loading and just show a blank screen.,open,medium,
1f2f9056-e75d-4acb-8070-f89f1cdc41d5,CUST_00175,2026-03-04,account,Can I downgrade my plan and keep my data?,open,high,11.0
abd82e74-f935-4541-a3a1-a02bbe5ca208,CUST_00176,2026-03-05,billing,Why did my subscription price increase without notice?,pending,high,4.0
236df5fa-3183-4223-8eaf-cabf2bc573de,CUST_00176,2025-11-14,account,Can I downgrade my plan and keep my data?,open,medium,8.0
9856990d-e597-4bbb-9217-c5f3a4d90a01,CUST_00176,2026-01-06,technical,Reports are not loading and just show a blank screen.,pending,high,
39818dfc-ef25-4d1b-ad32-1c9bb34970bf,CUST_00177,2025-08-17,feature,Is there a way to export data to Excel automatically?,resolved,high,
717c5e72-9670-4e9b-93c9-b4c0dd664522,CUST_00177,2025-01-14,billing,Why did my subscription price increase without notice?,pending,high,1.0
b6621fd5-27ae-4333-9f39-28158d0373f1,CUST_00177,2026-03-22,feature,Is there a way to export data to Excel automatically?,resolved,medium,11.0
595d254f-753e-40c3-af85-e4289f1bba3b,CUST_00177,2024-10-14,technical,The app crashes every time I try to run payroll.,open,high,10.0
3904d42b-bf5e-4e6e-a6b0-aee267f47796,CUST_00177,2024-11-10,account,Can I downgrade my plan and keep my data?,resolved,medium,14.0
64ac0f26-7e44-43a4-9164-9a6e120dff64,CUST_00177,2024-10-13,account,Can I downgrade my plan and keep my data?,resolved,high,11.0
d95d2960-b299-4492-9731-eb020cbde495,CUST_00177,2025-09-11,technical,"I cannot log in to my account, password reset is not working.",resolved,low,1.0
0f970aec-7e43-43ea-8baf-830fc8c270ca,CUST_00177,2025-01-20,billing,I was charged twice this month and need a refund immediately.,open,high,14.0
0772a50b-067e-407c-8e5d-c773d2a32eff,CUST_00178,2025-06-08,technical,"I cannot log in to my account, password reset is not working.",pending,medium,10.0
63e0cb8a-1be2-4b1d-be35-20d4335e7a5d,CUST_00178,2025-07-23,billing,"My invoice shows the wrong amount, please help.",pending,high,9.0
4660339e-5c71-4ca2-9f3b-baf96b34fd97,CUST_00178,2025-07-24,billing,Why did my subscription price increase without notice?,open,medium,4.0
e2b35284-e0b3-4047-8891-e2089b991ae0,CUST_00179,2026-04-08,billing,I cancelled but was still billed. Please reverse this charge.,resolved,low,10.0
56f629cd-ab89-47fe-aa2e-fb9242b745d8,CUST_00179,2025-07-24,feature,Please add a dark mode to the dashboard.,pending,low,3.0
12794d24-80b3-4ab2-911a-a422fba59181,CUST_00179,2026-05-12,technical,"I cannot log in to my account, password reset is not working.",pending,low,6.0
bdaf036f-eeec-43b1-99a4-4118615b512e,CUST_00181,2026-04-03,technical,"I cannot log in to my account, password reset is not working.",open,low,12.0
becc76fa-0216-4b98-9841-3b7b87ba7b86,CUST_00181,2025-08-07,feature,Please add a dark mode to the dashboard.,pending,high,14.0
f2b3ddfc-8c67-465d-b282-4c466132e5a3,CUST_00182,2026-02-15,technical,My bank connection keeps disconnecting every few days.,resolved,low,13.0
ddb9784d-0fa4-4ae8-a772-a909340cc46b,CUST_00182,2026-01-31,account,I need to update my business address and tax ID.,pending,high,
3b7fb50e-5f83-4ef6-923b-2b1a2c056a8e,CUST_00183,2025-08-27,technical,My bank connection keeps disconnecting every few days.,open,low,12.0
ffe53c41-b3da-45f5-9618-5f430856da39,CUST_00183,2025-11-20,account,I need to update my business address and tax ID.,resolved,low,
d70db751-4bd5-4426-8113-e4f4b3b5cf9e,CUST_00184,2026-03-14,billing,I cancelled but was still billed. Please reverse this charge.,resolved,medium,2.0
2c9b707c-1295-40c1-9dd6-e763d5a83b81,CUST_00184,2026-02-01,account,How do I export all my data before cancelling?,pending,high,1.0
17b0f0a9-1499-46fe-a753-861104ec5f7b,CUST_00184,2025-07-20,technical,Reports are not loading and just show a blank screen.,resolved,high,14.0
c6b9f7ec-cb38-4e2e-82b2-c4e1351a42d1,CUST_00184,2025-08-14,account,Can I downgrade my plan and keep my data?,pending,high,14.0
2fcce1d1-0dd4-47f4-883d-0f7f709e6f20,CUST_00184,2025-06-11,account,How do I add a second user to my account?,open,medium,14.0
48ebad31-465c-47a7-9e43-447b9c193d04,CUST_00184,2025-07-02,billing,I was charged twice this month and need a refund immediately.,pending,high,11.0
549d7cdc-d43d-4dc1-9ecf-6484c05cf65e,CUST_00184,2025-09-19,feature,Please add a dark mode to the dashboard.,open,medium,9.0
9bdf5e94-4579-47c9-ab7c-ee2d36ba6d77,CUST_00184,2025-10-16,account,I need to update my business address and tax ID.,resolved,high,7.0
b78c8ca8-d1cc-47ed-b769-9d5ab340eb6e,CUST_00185,2026-05-16,feature,Please add a dark mode to the dashboard.,open,medium,6.0
01d8d22a-d9d6-4c78-adae-15b30138c7e8,CUST_00186,2024-12-22,billing,I was charged twice this month and need a refund immediately.,pending,low,10.0
02e9ddc9-4069-41c4-9979-e76d95028ba9,CUST_00186,2026-03-01,account,How do I export all my data before cancelling?,open,high,7.0
b1f0b948-bcda-4145-bba5-e71f6ef3675b,CUST_00186,2026-04-12,billing,I cancelled but was still billed. Please reverse this charge.,resolved,low,1.0
84887045-828f-4b98-83c1-49af4c7e8b76,CUST_00187,2025-06-05,billing,"My invoice shows the wrong amount, please help.",resolved,low,
bccc4c5d-0f84-44b7-90f2-8ef9df738c8a,CUST_00187,2025-12-04,technical,The app crashes every time I try to run payroll.,open,high,13.0
204624cb-4a16-4fa0-b9f6-06017ede9e23,CUST_00188,2025-10-05,technical,My bank connection keeps disconnecting every few days.,open,low,1.0
0ea2bfd1-03ab-4582-bf31-b4e8294ab457,CUST_00188,2025-09-05,technical,My bank connection keeps disconnecting every few days.,open,low,5.0
fd3c5b14-a563-4ad8-b73a-e6029fe93a99,CUST_00188,2026-03-22,feature,Is there a way to export data to Excel automatically?,resolved,medium,13.0
8547d41f-7df7-41cb-b5fc-f24b331105b7,CUST_00188,2026-01-20,billing,"My invoice shows the wrong amount, please help.",resolved,low,12.0
4039e07f-178a-49ae-9c04-0864c1a1ad78,CUST_00190,2026-03-05,feature,Please add a dark mode to the dashboard.,open,medium,9.0
f2bd56bb-32fa-44b6-bc94-1d6d0bc11502,CUST_00190,2025-11-29,feature,I need the ability to set recurring transactions.,open,medium,1.0
5f614b33-443d-4c44-8706-f37b7ef23ed4,CUST_00192,2026-04-23,technical,My bank connection keeps disconnecting every few days.,open,low,9.0
6c1436a6-9551-4756-b9f8-8db94b01c533,CUST_00193,2025-12-07,billing,"My invoice shows the wrong amount, please help.",resolved,high,1.0
0c9a6caa-c2b3-413e-ad64-d164746d49e2,CUST_00193,2026-01-20,billing,I was charged twice this month and need a refund immediately.,open,high,8.0
f733ca4d-609f-47be-8db8-c45381811520,CUST_00193,2025-10-28,feature,Please add a dark mode to the dashboard.,open,high,4.0
48a6ffbd-10ab-4724-8388-8fbdfe5bf789,CUST_00194,2025-12-01,technical,The app crashes every time I try to run payroll.,pending,medium,14.0
d23314b5-f678-4323-a2b6-1885b49df115,CUST_00194,2025-12-13,billing,I cancelled but was still billed. Please reverse this charge.,resolved,medium,
d381698b-77c2-45c8-8555-7f25dfcecf28,CUST_00194,2026-01-27,billing,I cancelled but was still billed. Please reverse this charge.,pending,low,
ee497cf5-8db9-4db8-bad5-6a77033135c8,CUST_00194,2025-11-14,feature,Is there a way to export data to Excel automatically?,open,high,6.0
f26dd6b4-3fa2-4270-9c68-7122982d476e,CUST_00194,2026-04-11,feature,Is there a way to export data to Excel automatically?,open,high,11.0
0ed0a8d5-13dc-4bdf-9b71-817f9c699f88,CUST_00195,2025-11-09,account,How do I export all my data before cancelling?,open,high,1.0
cf3574f1-2f93-4721-b79f-799064b79077,CUST_00195,2026-02-11,technical,"I cannot log in to my account, password reset is not working.",resolved,low,14.0
d9a301a6-19a8-43a3-9914-dc3abd0ec914,CUST_00195,2026-03-15,billing,I was charged twice this month and need a refund immediately.,pending,medium,8.0
8c5d7ff0-80e9-4d24-8441-278da6729117,CUST_00195,2025-09-25,billing,I was charged twice this month and need a refund immediately.,pending,low,2.0
3845ba39-fbf2-484b-a303-bdf0c73d0084,CUST_00196,2024-12-13,technical,Reports are not loading and just show a blank screen.,open,medium,2.0
6d9bd6bc-37c5-452c-88af-ed0ce59a5d2c,CUST_00198,2025-06-12,technical,The app crashes every time I try to run payroll.,resolved,low,5.0
94c9409b-85f6-464c-b580-c8ebeab96a28,CUST_00198,2025-06-20,billing,I cancelled but was still billed. Please reverse this charge.,pending,high,
c5edc33c-dbd4-4ed4-a208-4a44a07f388c,CUST_00199,2025-10-29,billing,I cancelled but was still billed. Please reverse this charge.,resolved,high,14.0
3e83ad89-1028-4443-8ecc-5f5bb716ded6,CUST_00199,2025-08-22,account,How do I export all my data before cancelling?,pending,high,3.0
456460c7-6bae-4d67-9ecf-f8b1b715b782,CUST_00199,2025-12-22,account,How do I export all my data before cancelling?,resolved,low,7.0
2bf3e4d2-6699-4c01-86e8-901171e86aa7,CUST_00199,2025-09-07,account,I need to update my business address and tax ID.,pending,low,8.0
0bdcfbfd-deeb-40de-9a06-fd03f66946bd,CUST_00200,2024-09-18,account,How do I export all my data before cancelling?,pending,medium,
e6b44d41-50e2-4626-aabc-c770433d0234,CUST_00200,2025-02-23,technical,My bank connection keeps disconnecting every few days.,open,medium,1.0
25c2ad30-6420-4ab5-a465-1768e71e6698,CUST_00200,2024-12-05,feature,Can you add support for multiple currencies?,open,high,5.0
e362c4cb-925a-43f2-a7e6-b0b625f9adf2,CUST_00200,2024-10-04,feature,Please add a dark mode to the dashboard.,resolved,low,
5256c4da-5d2c-4c5e-99ff-ffdc69d93db2,CUST_00202,2025-02-09,feature,Is there a way to export data to Excel automatically?,open,medium,11.0
39efcac2-5638-4e43-9be4-0b7ff0e36fc8,CUST_00202,2026-04-07,technical,Reports are not loading and just show a blank screen.,open,low,1.0
ed9c86bf-4f2f-4e17-9148-627ec7153835,CUST_00202,2026-01-26,technical,My bank connection keeps disconnecting every few days.,resolved,low,11.0
3d6f1ae4-3430-4887-b7b4-c303ce4e94d3,CUST_00202,2025-01-13,account,How do I add a second user to my account?,resolved,medium,14.0
327baa83-bcea-4401-a399-68cdb3cf503f,CUST_00202,2025-08-21,account,How do I add a second user to my account?,open,high,7.0
ff5e8980-ddaa-4e9a-8985-67d3f00a05b4,CUST_00202,2026-05-14,technical,Reports are not loading and just show a blank screen.,resolved,high,6.0
7b384663-9992-4ce2-b61c-91459a1a0d45,CUST_00202,2026-01-28,technical,The app crashes every time I try to run payroll.,open,low,14.0
a3c6a5bb-d347-463c-af76-aeffab52c48d,CUST_00203,2025-12-02,technical,Reports are not loading and just show a blank screen.,resolved,high,2.0
94292e77-d14c-4d10-8643-dddde61eb254,CUST_00203,2025-03-09,feature,Please add a dark mode to the dashboard.,pending,low,10.0
68678b73-51ce-49b3-9da5-33efc32ac31a,CUST_00203,2024-12-14,billing,Why did my subscription price increase without notice?,open,high,6.0
5aea87e1-ec20-4890-ac43-b5d28064d0fe,CUST_00203,2025-04-17,account,How do I add a second user to my account?,pending,high,10.0
e3ab53ae-90a5-4c3c-a3ff-c0c0b7a3194d,CUST_00204,2026-01-02,billing,"My invoice shows the wrong amount, please help.",pending,medium,2.0
295e7fff-16b3-4148-a2b7-c066f83acda3,CUST_00204,2025-10-13,technical,The app crashes every time I try to run payroll.,resolved,medium,11.0
f953530f-1ce1-47ca-a622-05607919df4a,CUST_00205,2025-07-22,technical,My bank connection keeps disconnecting every few days.,pending,medium,6.0
f2e31138-86c2-4b16-aa26-fe580b00c4fd,CUST_00205,2026-04-13,technical,My bank connection keeps disconnecting every few days.,open,medium,2.0
ea96e063-34a7-4d5d-92b8-82178e0e6cf8,CUST_00205,2026-02-11,billing,I was charged twice this month and need a refund immediately.,pending,high,
0f14783e-7379-4338-abdd-6562a84ae3e2,CUST_00205,2025-05-17,account,How do I add a second user to my account?,pending,low,11.0
9c171284-c9c0-4aef-94c5-df7840c22c2e,CUST_00206,2025-09-17,technical,The app crashes every time I try to run payroll.,resolved,high,6.0
49f1f9bb-e7a0-459c-b617-604909fcca01,CUST_00207,2025-09-30,billing,"My invoice shows the wrong amount, please help.",pending,high,9.0
9fdb4458-7c4e-431b-8cfd-db7531575bb2,CUST_00208,2026-03-06,account,I need to update my business address and tax ID.,resolved,low,4.0
7113e630-a7bd-41a2-9416-118437d8c65d,CUST_00209,2026-04-06,technical,The app crashes every time I try to run payroll.,open,medium,8.0
51b0f650-98a8-4721-b0ed-4c534a34abd9,CUST_00209,2026-04-13,feature,Can you add support for multiple currencies?,resolved,medium,
31c9d40d-0208-4ab9-aec3-1299ef133c30,CUST_00210,2025-05-19,account,How do I export all my data before cancelling?,open,medium,12.0
14de1cd8-5182-4681-9b59-1b2e10fe87c7,CUST_00210,2025-10-28,feature,Please add a dark mode to the dashboard.,resolved,medium,14.0
0a5a993f-fd2c-4be7-a475-cadf26cb61aa,CUST_00210,2025-09-24,account,I need to update my business address and tax ID.,open,low,13.0
975cfd98-6097-4e7a-b0c7-9fb84e0d7ba7,CUST_00211,2025-06-27,account,How do I export all my data before cancelling?,pending,low,5.0
3b49c8f0-8aed-4649-818f-974f2df5dfb1,CUST_00211,2025-09-22,technical,The app crashes every time I try to run payroll.,pending,medium,14.0
55dbe092-2b3e-4991-a75b-b54ebeb459a1,CUST_00211,2025-08-30,billing,I was charged twice this month and need a refund immediately.,pending,medium,11.0
cdd57dc7-6a9a-4781-9d97-ffe0b320fd2d,CUST_00211,2025-10-09,technical,My bank connection keeps disconnecting every few days.,pending,medium,
d6740a21-a3ae-4cb1-82c0-457247c0185c,CUST_00212,2026-01-28,billing,I cancelled but was still billed. Please reverse this charge.,pending,low,4.0
1a08dbea-b124-448a-b280-68d16e8646df,CUST_00213,2025-10-20,account,I need to update my business address and tax ID.,pending,high,2.0
64f634ff-0a87-411a-af04-2011ee0bbb42,CUST_00213,2026-04-28,billing,"My invoice shows the wrong amount, please help.",open,high,12.0
cf83d60a-ff10-46b0-99fa-b147a793dba9,CUST_00213,2025-11-08,billing,"My invoice shows the wrong amount, please help.",open,low,2.0
d938ac53-7c9f-474b-862f-77d033a68056,CUST_00214,2026-04-15,technical,The app crashes every time I try to run payroll.,open,low,3.0
59e9871f-a99e-4674-a40c-2a40b110fd06,CUST_00214,2025-12-13,billing,"My invoice shows the wrong amount, please help.",open,high,13.0
861535d7-c699-49e8-bfc4-17470d642425,CUST_00214,2026-03-17,account,Can I downgrade my plan and keep my data?,pending,low,1.0
c31e1018-362c-4387-ae6b-b7a4a765e03b,CUST_00215,2026-01-29,account,How do I export all my data before cancelling?,open,medium,
6e5357ff-e394-468b-9385-9be356ec1933,CUST_00215,2025-12-22,technical,My bank connection keeps disconnecting every few days.,resolved,medium,7.0
2dc62152-19d9-45a3-9878-10453b8e72e9,CUST_00215,2026-01-06,technical,The app crashes every time I try to run payroll.,open,medium,6.0
250ccfa1-dd50-4853-a2ce-af4954e2677a,CUST_00217,2025-01-21,account,Can I downgrade my plan and keep my data?,resolved,low,8.0
737ef9b4-8d59-45ca-be52-4489b0de62ab,CUST_00217,2025-11-29,account,How do I export all my data before cancelling?,pending,low,6.0
46818d74-3da2-4f29-b886-859bf391df00,CUST_00217,2025-07-22,technical,"I cannot log in to my account, password reset is not working.",pending,medium,7.0
8dcfdd6e-00b5-43d5-a317-0b6a38db1b64,CUST_00217,2025-03-15,feature,Please add a dark mode to the dashboard.,resolved,high,13.0
04c03267-f08a-4cc6-8151-0a85fc7670ec,CUST_00218,2026-02-01,feature,I need the ability to set recurring transactions.,pending,high,
eb1d6f55-c402-46e4-898e-d726a9a68ef1,CUST_00218,2026-04-14,technical,The app crashes every time I try to run payroll.,open,medium,5.0
794de142-9179-4b26-81aa-768131154b39,CUST_00218,2025-12-05,feature,Can you add support for multiple currencies?,resolved,medium,14.0
f3769976-f1db-405d-9802-1c2497467377,CUST_00218,2026-03-19,account,I need to update my business address and tax ID.,open,high,12.0
42ed9df2-aef2-4a6c-b74f-840c3e2196a1,CUST_00218,2025-10-14,feature,Can you add support for multiple currencies?,pending,high,8.0
c9e9da9d-3bd0-4662-b49d-413b408a39bb,CUST_00218,2025-06-09,feature,I need the ability to set recurring transactions.,pending,high,10.0
f718bc47-8579-4693-9ed9-38efd780482a,CUST_00218,2025-08-29,billing,Why did my subscription price increase without notice?,open,high,3.0
3474bb4d-2f44-4990-bc67-09229fbf7e71,CUST_00219,2025-12-20,technical,"I cannot log in to my account, password reset is not working.",open,high,4.0
896727e8-92f5-4393-90d3-0c40db811770,CUST_00219,2025-07-18,feature,Is there a way to export data to Excel automatically?,pending,high,3.0
06253e92-2cf6-4809-85eb-b87532f03069,CUST_00221,2025-07-05,technical,The app crashes every time I try to run payroll.,open,medium,13.0
92773fc4-80be-4c38-b9a5-3ae2a5f878a9,CUST_00222,2025-10-06,account,Can I downgrade my plan and keep my data?,open,high,13.0
1c30540b-1894-48d5-801e-045c2717284c,CUST_00222,2025-10-14,account,How do I add a second user to my account?,pending,low,12.0
20c4acde-ec70-450e-a2e4-d79a20485f89,CUST_00222,2026-03-11,account,Can I downgrade my plan and keep my data?,open,high,
2ae05556-0ca4-4a55-a897-6854ed6694aa,CUST_00223,2026-01-15,account,How do I add a second user to my account?,resolved,high,9.0
f21662e3-98a7-4a7d-9e2e-07b64f796595,CUST_00224,2025-12-03,technical,The app crashes every time I try to run payroll.,resolved,medium,2.0
c00352e5-3f6a-4138-b4fd-ce5c3c10c79f,CUST_00224,2025-07-20,billing,I cancelled but was still billed. Please reverse this charge.,resolved,low,4.0
d17adeac-1e88-4689-b528-c0ed52e209ee,CUST_00226,2026-04-14,billing,"My invoice shows the wrong amount, please help.",pending,high,4.0
2f9c3d6e-c7f7-4f43-ab9c-1a8b839c1d48,CUST_00226,2026-01-19,technical,The app crashes every time I try to run payroll.,open,high,8.0
38773a46-64d6-456c-abfb-fca910bce883,CUST_00226,2026-04-06,feature,Is there a way to export data to Excel automatically?,pending,high,
a66bf955-f808-4897-ac4f-29b0142bf3f8,CUST_00226,2026-05-16,account,I need to update my business address and tax ID.,open,medium,10.0
9b1ae23b-f6a0-43f6-b71a-e176f4ae15cc,CUST_00227,2025-12-01,billing,I was charged twice this month and need a refund immediately.,resolved,high,6.0
55b8d030-5fa1-4e64-a339-54951bacb88a,CUST_00227,2026-01-11,account,How do I export all my data before cancelling?,pending,high,6.0
2f77739d-156b-41db-b7c5-83b4f72b622a,CUST_00227,2025-03-07,feature,Please add a dark mode to the dashboard.,pending,medium,9.0
4479bec4-1128-479c-b42f-d66bbefb61ab,CUST_00227,2025-12-11,billing,I was charged twice this month and need a refund immediately.,resolved,medium,
9de51436-15f9-434e-a315-f89d84098dc8,CUST_00228,2025-07-16,account,How do I export all my data before cancelling?,pending,medium,6.0
cc50ecf6-06d5-482d-8395-29ba365208f1,CUST_00228,2026-03-28,technical,Reports are not loading and just show a blank screen.,resolved,low,10.0
5275e001-6377-4ce6-92dd-a3bb7c5b2a96,CUST_00229,2026-03-22,technical,My bank connection keeps disconnecting every few days.,resolved,medium,7.0
9024bebc-799e-4fe9-b587-9f39f7f33da0,CUST_00229,2025-11-27,account,How do I add a second user to my account?,resolved,high,
791cd8ed-950f-42ad-84e0-a89bafca5410,CUST_00229,2026-05-15,billing,I was charged twice this month and need a refund immediately.,pending,high,11.0
e9bf20e1-9cc8-40c8-b201-1b15c6bf31d0,CUST_00229,2025-11-09,billing,Why did my subscription price increase without notice?,open,high,10.0
3f22ceab-0da4-494f-8948-4ce29b9c5b9e,CUST_00229,2026-02-06,feature,Please add a dark mode to the dashboard.,resolved,high,14.0
1b9fefad-442a-489f-a234-783233a9d217,CUST_00229,2026-02-12,feature,Can you add support for multiple currencies?,open,high,
9d4bea5f-d796-4cb4-bd11-4c73e7701fc0,CUST_00229,2026-05-09,billing,Why did my subscription price increase without notice?,open,low,1.0
a1ca2a91-74ab-4d7a-89b1-fbcc11faea1b,CUST_00230,2025-08-02,account,Can I downgrade my plan and keep my data?,pending,high,
2805d025-4899-43b5-8123-05b8b6ff2bd6,CUST_00230,2026-03-24,technical,Reports are not loading and just show a blank screen.,pending,high,4.0
57c23e4a-5b0f-44bc-af3a-d136b501329c,CUST_00230,2025-08-25,technical,My bank connection keeps disconnecting every few days.,resolved,high,
7805c9dd-1782-4d6e-bf6a-abb7e92522b9,CUST_00230,2024-10-18,technical,My bank connection keeps disconnecting every few days.,pending,high,7.0
1b02d484-a37b-4bd0-b536-e113fb016e19,CUST_00230,2026-02-14,feature,I need the ability to set recurring transactions.,pending,high,10.0
b10782b9-fa98-48ea-a132-56b159aba316,CUST_00230,2025-02-09,account,Can I downgrade my plan and keep my data?,resolved,high,13.0
0c5bc5e5-53fe-482e-9088-e145f7742ee8,CUST_00231,2026-03-04,billing,"My invoice shows the wrong amount, please help.",resolved,medium,12.0
d75b3a79-270c-4147-97de-8336f0539ceb,CUST_00231,2026-04-23,account,How do I export all my data before cancelling?,open,medium,11.0
d1165bfa-4c87-40b3-9022-6478bdc5149c,CUST_00231,2026-04-09,technical,The app crashes every time I try to run payroll.,pending,high,9.0
0a6bf889-9b6a-4cf7-baad-8230ee9c408c,CUST_00231,2026-05-12,account,How do I export all my data before cancelling?,resolved,medium,
6d2d7b80-6376-4923-9fbc-fdb88d5f30ae,CUST_00231,2026-04-18,account,How do I add a second user to my account?,resolved,high,
c45eec52-0013-4a84-9347-645c306820c4,CUST_00232,2026-03-29,technical,The app crashes every time I try to run payroll.,pending,medium,12.0
bb1368ac-2fbb-44ae-a197-35ef03e9947f,CUST_00233,2026-03-12,billing,I cancelled but was still billed. Please reverse this charge.,open,high,9.0
573c2d8f-1ffe-4f19-a839-53f720eb524a,CUST_00233,2026-04-12,account,Can I downgrade my plan and keep my data?,pending,high,11.0
4d7e93fa-e436-4d69-8226-45b3d4c37cf6,CUST_00233,2026-04-14,billing,I cancelled but was still billed. Please reverse this charge.,resolved,low,14.0
0ed41c1e-7f2f-462e-adc8-bb99d9fc6d9a,CUST_00233,2025-02-09,technical,Reports are not loading and just show a blank screen.,resolved,low,5.0
c59cc860-feff-43fd-b741-dd4f44e37201,CUST_00234,2025-06-10,billing,Why did my subscription price increase without notice?,resolved,high,14.0
b674e00d-7671-4d78-b775-cfe91236b8c7,CUST_00235,2026-02-06,billing,I cancelled but was still billed. Please reverse this charge.,resolved,high,
daad1e26-9c0b-4404-8d73-c237fa525ec4,CUST_00235,2026-03-24,technical,The app crashes every time I try to run payroll.,open,high,
4ded9202-bf6c-49f4-9e65-5f227812bfc1,CUST_00235,2025-05-13,technical,"I cannot log in to my account, password reset is not working.",open,high,
6e94d39f-34ef-4cbb-baba-f0f3f53b2522,CUST_00235,2026-01-09,account,How do I add a second user to my account?,resolved,high,13.0
2db01c5d-9490-46c1-930d-6fba66116634,CUST_00236,2025-08-03,feature,I need the ability to set recurring transactions.,resolved,high,1.0
6a5e4532-4f4c-400b-8ce6-56e26e09fe3b,CUST_00236,2025-09-02,feature,I need the ability to set recurring transactions.,resolved,high,13.0
51c14b8d-23ac-4e78-adb7-132aedb1ca73,CUST_00236,2025-08-10,feature,Can you add support for multiple currencies?,open,high,8.0
bfb8b722-7a5f-43cb-9c56-f93743b984b6,CUST_00236,2026-01-08,feature,Please add a dark mode to the dashboard.,open,high,12.0
db78f9ee-7b28-49b6-a290-a649960f270e,CUST_00236,2026-03-17,billing,I was charged twice this month and need a refund immediately.,resolved,high,
03393cc1-071d-437d-91c9-b3de0a6e8aed,CUST_00236,2025-08-21,account,Can I downgrade my plan and keep my data?,open,high,9.0
bd352739-7bdc-420d-b4f7-316cee8f47ee,CUST_00236,2026-02-16,feature,Is there a way to export data to Excel automatically?,resolved,high,12.0
85a19f15-588f-44f9-ad17-7802ea55ca1a,CUST_00236,2026-02-21,billing,I cancelled but was still billed. Please reverse this charge.,resolved,high,13.0
b57afbc2-59bf-43ac-8e29-7e7123d3df25,CUST_00238,2026-02-13,technical,Reports are not loading and just show a blank screen.,open,medium,
479fd2dc-4a73-46b7-acf0-40fa5bd07f27,CUST_00238,2026-02-24,technical,My bank connection keeps disconnecting every few days.,pending,high,2.0
eeb965d9-f76e-4595-85f4-12369cabc5d5,CUST_00238,2025-07-06,technical,My bank connection keeps disconnecting every few days.,resolved,high,7.0
9752c674-88ae-44c3-9da4-f9d15b399e5e,CUST_00238,2026-03-04,account,How do I export all my data before cancelling?,pending,high,
da99d734-28bc-427f-8b4c-53bce4e9ed5e,CUST_00238,2025-12-29,account,How do I add a second user to my account?,pending,high,14.0
872b39f3-8db6-4c88-8ea3-e15f20e5c3d0,CUST_00239,2025-08-26,technical,My bank connection keeps disconnecting every few days.,resolved,medium,
e0700732-c878-4180-a44d-a4599f4cbfc7,CUST_00241,2025-08-06,technical,The app crashes every time I try to run payroll.,pending,medium,5.0
f814870c-c611-42fd-9a03-bdfe5f8baa7a,CUST_00241,2025-08-20,account,How do I add a second user to my account?,resolved,medium,
a3f5c951-8c66-4915-a985-49d15910cce7,CUST_00242,2026-01-30,account,Can I downgrade my plan and keep my data?,pending,high,2.0
f52239d1-7e98-4054-900c-1e9c4de74dcf,CUST_00243,2025-08-29,billing,I was charged twice this month and need a refund immediately.,open,high,6.0
a0bce175-aa33-4902-819a-d0ba56fd6d23,CUST_00243,2026-05-05,billing,I was charged twice this month and need a refund immediately.,open,high,11.0
57653f51-582c-4c23-878b-5f041e7695f4,CUST_00243,2025-03-13,account,How do I export all my data before cancelling?,pending,medium,9.0
94c37077-3b03-4890-8ea6-e890438f4755,CUST_00244,2025-09-09,account,I need to update my business address and tax ID.,open,medium,4.0
ad617961-1889-4ba7-b9d2-5fd9b68f5a0b,CUST_00246,2025-03-24,account,How do I export all my data before cancelling?,resolved,high,13.0
ff8321bc-6d69-4a66-b56f-0b89051afc1b,CUST_00246,2025-02-24,billing,"My invoice shows the wrong amount, please help.",resolved,high,
126ca605-c4d1-4987-87a4-6b6dade83b72,CUST_00247,2026-04-01,feature,Please add a dark mode to the dashboard.,resolved,high,5.0
383069b9-df85-48ac-b16e-ddee7fce773b,CUST_00247,2026-04-20,account,I need to update my business address and tax ID.,pending,high,1.0
2677e021-f627-419b-9035-7ffbebd1d457,CUST_00247,2026-04-11,technical,Reports are not loading and just show a blank screen.,pending,medium,
2dc172b7-fe99-44bf-8cff-ac762693ede3,CUST_00247,2026-05-11,technical,My bank connection keeps disconnecting every few days.,pending,low,5.0
bb5fd4f1-9dc4-4ad1-981d-bd45f8b6b199,CUST_00248,2026-04-03,technical,"I cannot log in to my account, password reset is not working.",pending,high,12.0
4ae60b9f-20f1-4a53-a5d6-a84250c80b34,CUST_00248,2025-05-18,billing,I was charged twice this month and need a refund immediately.,pending,high,3.0
64bb338c-b749-4e4a-b133-594597928668,CUST_00248,2025-10-15,feature,I need the ability to set recurring transactions.,resolved,high,14.0
0477e2c1-08c8-4a84-a232-e218540e6f7d,CUST_00248,2025-05-10,billing,I cancelled but was still billed. Please reverse this charge.,pending,low,
4afef7e2-db20-4d60-82fd-84dc4524c38a,CUST_00248,2025-09-18,technical,Reports are not loading and just show a blank screen.,pending,high,5.0
064fd082-fe7a-4970-968e-bd7567cc081c,CUST_00248,2026-01-15,account,How do I add a second user to my account?,open,low,5.0
a83aa9ca-e13b-4fc2-b583-36221e635d92,CUST_00248,2025-10-07,account,How do I export all my data before cancelling?,open,high,1.0
00bd4352-3364-4257-8b5c-cc843848ff21,CUST_00249,2025-11-19,billing,"My invoice shows the wrong amount, please help.",resolved,high,13.0
3420ed3b-879f-42f7-9091-5820009ef428,CUST_00249,2026-01-11,feature,Can you add support for multiple currencies?,open,high,
062d900d-1740-4047-9b67-c4f03adc600b,CUST_00250,2025-02-20,feature,Can you add support for multiple currencies?,pending,medium,8.0
ab38af35-9a28-411f-a8b2-66231e694ecd,CUST_00250,2025-01-01,account,How do I export all my data before cancelling?,resolved,high,3.0
47a17a19-2b16-4ea6-836d-340f5ed40c99,CUST_00250,2024-12-25,feature,Please add a dark mode to the dashboard.,pending,high,4.0
88b801db-c16c-4b40-a5f2-f82fd7186ca1,CUST_00251,2026-05-06,feature,Can you add support for multiple currencies?,pending,low,13.0
649383f2-dc89-4086-8561-0d7efdda4459,CUST_00251,2026-05-10,technical,My bank connection keeps disconnecting every few days.,open,high,11.0
07857dcd-4760-4244-8a96-d8801ece8498,CUST_00251,2026-04-29,account,How do I add a second user to my account?,open,high,9.0
e80765f8-8286-4273-b98b-0649e1241df9,CUST_00251,2026-05-04,billing,I cancelled but was still billed. Please reverse this charge.,pending,high,7.0
0a968198-5075-4f32-a9cf-d077adaed777,CUST_00252,2025-11-24,technical,My bank connection keeps disconnecting every few days.,resolved,high,
48e32956-d8e9-4bdf-b708-a969bb71cb36,CUST_00252,2026-01-31,feature,Is there a way to export data to Excel automatically?,open,medium,
e3ccb41b-ae10-445c-aaeb-de38286a0dcb,CUST_00252,2026-05-08,account,How do I add a second user to my account?,open,high,6.0
3b657969-85b6-438f-9c87-2cb9d32f8d34,CUST_00253,2026-05-04,technical,My bank connection keeps disconnecting every few days.,open,low,6.0
12fd5c79-92f8-40d9-bb6d-436ef8b28397,CUST_00253,2024-12-04,technical,"I cannot log in to my account, password reset is not working.",resolved,medium,13.0
cf23b9b0-87ff-4c50-8048-1ff301f328e9,CUST_00254,2026-05-15,feature,I need the ability to set recurring transactions.,open,low,
3d89460a-1879-4161-bca9-472803c321c3,CUST_00254,2026-05-15,billing,"My invoice shows the wrong amount, please help.",resolved,medium,
219d7731-289a-43c5-9ca9-52d7ac0ba565,CUST_00255,2026-04-17,billing,I was charged twice this month and need a refund immediately.,pending,low,7.0
8a3c30b8-2e3a-4df2-96f6-6b84a9e7f201,CUST_00256,2026-02-06,account,I need to update my business address and tax ID.,open,high,8.0
16e706c3-ba0b-4c32-9455-528e8bc21fac,CUST_00257,2025-09-15,billing,Why did my subscription price increase without notice?,pending,medium,2.0
05419aed-0a83-4e21-b90a-4d30199a43f8,CUST_00258,2026-05-12,feature,Please add a dark mode to the dashboard.,open,high,3.0
08712847-4f5f-465c-b913-9e81f7905b9c,CUST_00258,2026-02-05,billing,"My invoice shows the wrong amount, please help.",resolved,high,9.0
11df5061-0ae0-4697-93b8-d4f61c1ef8e5,CUST_00258,2025-11-16,account,Can I downgrade my plan and keep my data?,open,low,1.0
f5235999-eb9a-4723-823c-c47093267c15,CUST_00258,2025-10-31,technical,Reports are not loading and just show a blank screen.,resolved,high,
55826e76-b7f1-4717-b882-2c352c5614c5,CUST_00259,2026-05-14,technical,Reports are not loading and just show a blank screen.,pending,medium,7.0
6123b567-b6e7-488e-83fb-1cfa0c3d395d,CUST_00259,2025-11-20,account,How do I export all my data before cancelling?,open,medium,12.0
5caa99c8-de39-43d3-a765-77845630e362,CUST_00259,2025-12-01,account,Can I downgrade my plan and keep my data?,pending,medium,1.0
dd4a106e-9b54-42d9-a566-0e7116c59e50,CUST_00259,2026-04-24,billing,"My invoice shows the wrong amount, please help.",pending,low,
78aac7b7-bccf-4738-9f2c-c64896b2d6b3,CUST_00260,2026-04-21,feature,Can you add support for multiple currencies?,open,high,1.0
75fd7619-833f-454b-bf00-34e32bfd9f70,CUST_00260,2025-11-11,account,How do I add a second user to my account?,resolved,high,
2b01d55d-2f86-4eb2-940e-4b64e9e1b790,CUST_00260,2026-03-06,feature,Please add a dark mode to the dashboard.,pending,high,6.0
4a5ded90-446f-47ad-ab7e-3f7523d49e02,CUST_00260,2026-01-11,feature,Is there a way to export data to Excel automatically?,pending,low,7.0
50de9b96-6e4e-4270-8157-2395e472d586,CUST_00260,2025-09-05,feature,I need the ability to set recurring transactions.,resolved,low,
e1cd21ef-ef13-4737-bc82-e0477fb91a08,CUST_00260,2026-03-16,account,How do I export all my data before cancelling?,resolved,high,1.0
26bc3ca2-1670-494d-befe-3d7397b87316,CUST_00261,2026-01-11,account,I need to update my business address and tax ID.,resolved,low,3.0
f5645d07-055d-44bc-b52d-1e25c549fcde,CUST_00261,2025-05-18,account,How do I add a second user to my account?,open,medium,5.0
ee49a477-ebfc-42f8-b5ac-976c0e4f3e73,CUST_00261,2025-11-19,account,I need to update my business address and tax ID.,resolved,high,3.0
d93903ab-4691-4771-83d5-b435459eb9b8,CUST_00262,2026-04-25,account,How do I add a second user to my account?,resolved,high,2.0
dc98ebca-59bf-4c7c-8721-315c66c6499b,CUST_00262,2026-04-26,account,How do I export all my data before cancelling?,resolved,high,10.0
7cf03f72-189f-48da-95cd-bbad204c3713,CUST_00264,2025-10-27,feature,Can you add support for multiple currencies?,open,medium,9.0
61216e71-aa6c-4669-8d51-949ff75ec258,CUST_00264,2026-03-15,feature,Please add a dark mode to the dashboard.,open,high,5.0
ad663385-baac-4bf5-b0ae-9896e3752f10,CUST_00264,2026-05-03,feature,Can you add support for multiple currencies?,resolved,high,9.0
7834b999-306c-4b47-8f88-36408015ce8d,CUST_00265,2025-09-24,account,Can I downgrade my plan and keep my data?,pending,medium,4.0
0144d3f8-fc48-4c9e-8b36-0671e7b21eed,CUST_00265,2025-07-27,billing,Why did my subscription price increase without notice?,resolved,low,2.0
b6a4c577-2b62-4493-8770-49aaa1d1819f,CUST_00265,2025-10-19,billing,I cancelled but was still billed. Please reverse this charge.,pending,high,14.0
c9b65e6d-03a5-4292-9309-c28ed418e124,CUST_00265,2025-12-22,feature,Please add a dark mode to the dashboard.,resolved,high,6.0
964ee49f-e599-49ca-aaff-46ce8356c000,CUST_00266,2026-05-18,account,I need to update my business address and tax ID.,resolved,medium,6.0
49f6c7b0-e67d-4026-a985-d700679dd56e,CUST_00266,2026-05-07,feature,Can you add support for multiple currencies?,pending,medium,5.0
ffba7e17-b96e-4a2a-a040-94b109ba1a53,CUST_00266,2026-03-15,billing,I was charged twice this month and need a refund immediately.,pending,low,3.0
74a285f1-aa3b-4487-ae13-5dfc0ab5c401,CUST_00267,2025-11-30,account,How do I export all my data before cancelling?,pending,low,
75164ab3-e582-486a-9ed0-73332ed02d84,CUST_00267,2025-11-08,account,Can I downgrade my plan and keep my data?,open,high,9.0
b4d75d9a-be93-465f-a1ad-15d9f7bc4614,CUST_00268,2025-02-14,account,I need to update my business address and tax ID.,open,high,14.0
eba7e2e6-ff51-4771-a802-20a7307c44d9,CUST_00268,2025-02-09,technical,"I cannot log in to my account, password reset is not working.",pending,high,
fcbb36a9-9a53-48e2-ba28-a99d567a48c4,CUST_00269,2026-02-17,technical,My bank connection keeps disconnecting every few days.,pending,medium,1.0
1649969d-9c79-4376-8452-3e06aaccbf4f,CUST_00269,2026-01-18,feature,Is there a way to export data to Excel automatically?,pending,high,3.0
8b20c893-42e8-444d-ad22-c03cb03a9077,CUST_00272,2026-01-10,feature,Can you add support for multiple currencies?,open,medium,3.0
8ec04b53-5ee8-4555-aa09-f13fbd3024b2,CUST_00272,2025-11-30,billing,I was charged twice this month and need a refund immediately.,resolved,high,
eefe9e64-a8cb-4301-81d1-8653191d7635,CUST_00272,2025-12-18,billing,I was charged twice this month and need a refund immediately.,open,low,14.0
5407ac8b-4d74-418b-80ae-f0c662ce1c86,CUST_00272,2026-05-04,technical,Reports are not loading and just show a blank screen.,pending,high,1.0
d7aa943d-4b57-414b-a50f-f205f50e86b4,CUST_00274,2026-01-14,account,How do I add a second user to my account?,pending,high,1.0
05f79abc-b7ed-43ba-8466-00e02d218447,CUST_00274,2025-12-07,technical,The app crashes every time I try to run payroll.,resolved,high,12.0
fefdb21b-2648-4d49-89f4-9843db60841f,CUST_00275,2025-10-26,billing,"My invoice shows the wrong amount, please help.",resolved,medium,
d51a8890-ab73-4470-b40f-0f15e60e98d5,CUST_00275,2025-10-18,technical,Reports are not loading and just show a blank screen.,pending,low,12.0
b514583c-7512-4bc7-9caa-8dab253bdaf4,CUST_00275,2025-12-05,technical,The app crashes every time I try to run payroll.,open,low,6.0
4c75c6b9-10e7-4ed1-9c0f-80823f6c5195,CUST_00277,2026-04-16,feature,I need the ability to set recurring transactions.,open,low,2.0
4cf95dc1-abf9-4e47-b416-f8b36b5e90c2,CUST_00277,2026-04-02,account,I need to update my business address and tax ID.,pending,low,1.0
abc77e7f-1bef-40cc-9c4c-cbf956cfcc5c,CUST_00277,2026-04-10,billing,"My invoice shows the wrong amount, please help.",open,high,12.0
468a4cbf-c9b7-4c1a-8ea6-680068c4b76a,CUST_00277,2026-03-31,feature,I need the ability to set recurring transactions.,resolved,high,11.0
4c406500-bedd-4beb-b1f2-399ec874ea94,CUST_00278,2025-04-09,technical,Reports are not loading and just show a blank screen.,open,high,
a26e0467-871d-4d73-a9f4-e5f57dbbb665,CUST_00278,2025-05-23,feature,Can you add support for multiple currencies?,resolved,high,
88cdd499-fde6-4a28-a6fc-bfe2363393df,CUST_00279,2025-07-29,technical,"I cannot log in to my account, password reset is not working.",pending,high,2.0
89f5f6c5-479f-43e7-838d-e4662ac4d0b7,CUST_00279,2025-10-24,feature,Can you add support for multiple currencies?,open,medium,2.0
8fe0def1-0508-4bc4-9362-4b5bfd2cd116,CUST_00279,2025-03-23,technical,Reports are not loading and just show a blank screen.,resolved,low,7.0
2f92297e-3e6b-4d0b-93bc-8b658bd46c02,CUST_00279,2025-11-02,technical,My bank connection keeps disconnecting every few days.,resolved,medium,6.0
90ace640-b7a0-4f85-adf9-ba57b342b59f,CUST_00281,2026-04-27,feature,Please add a dark mode to the dashboard.,pending,low,
38c83233-fbe8-41ca-af5b-27fb2772dfa7,CUST_00281,2026-04-05,feature,Is there a way to export data to Excel automatically?,resolved,high,12.0
5cbb50fd-4dfa-4122-94d7-9c192b6301e8,CUST_00281,2026-04-04,account,I need to update my business address and tax ID.,open,high,
e2201ba9-ab0b-494a-ac4c-20e3d005abdf,CUST_00281,2026-04-26,billing,Why did my subscription price increase without notice?,resolved,high,4.0
7e5817d1-572a-48e8-bb37-c079ceade8d2,CUST_00282,2025-09-14,billing,I was charged twice this month and need a refund immediately.,open,medium,4.0
a25531d4-19ed-4754-98db-544fa860e4fc,CUST_00282,2026-04-26,account,How do I export all my data before cancelling?,pending,low,2.0
af1869c7-43dd-4beb-8310-6989d5c35861,CUST_00282,2025-06-07,technical,The app crashes every time I try to run payroll.,resolved,medium,3.0
bb4c7c95-59b0-417c-9252-b6a5f2d912ba,CUST_00283,2026-04-22,feature,Please add a dark mode to the dashboard.,resolved,medium,3.0
559da112-a593-43e3-9821-2a64d7e8d904,CUST_00283,2025-09-13,billing,Why did my subscription price increase without notice?,resolved,high,2.0
95b31e9b-bb54-4a9a-9d6f-3e195905c35c,CUST_00283,2026-01-17,account,I need to update my business address and tax ID.,open,high,2.0
e837ac1a-b472-4d5d-942f-937d5ea0647f,CUST_00283,2025-05-31,feature,Can you add support for multiple currencies?,open,low,14.0
d105fedb-1887-4c3f-9c12-5297652fadfa,CUST_00284,2026-04-04,billing,I was charged twice this month and need a refund immediately.,resolved,low,6.0
2c97ea53-82ee-477f-888f-92f127d6e510,CUST_00284,2026-04-28,account,I need to update my business address and tax ID.,open,medium,10.0
ebd418a4-d1e7-400b-911a-38842fe6d67a,CUST_00284,2026-04-16,feature,I need the ability to set recurring transactions.,resolved,medium,
caad0799-3aa0-47da-8257-1f057a69cf7e,CUST_00285,2026-03-03,technical,Reports are not loading and just show a blank screen.,resolved,medium,
f6bcb466-3892-4a6c-adbc-ce6a8a0be19c,CUST_00286,2025-12-07,feature,Is there a way to export data to Excel automatically?,open,high,3.0
2537513c-cc30-41fa-9e82-fe6d416fa563,CUST_00286,2025-07-17,technical,My bank connection keeps disconnecting every few days.,pending,medium,9.0
d8b61a85-a57d-488f-a692-1c5713f2ad57,CUST_00286,2026-01-12,technical,"I cannot log in to my account, password reset is not working.",resolved,high,14.0
c5e579d9-4c14-4ab1-be88-25677a92d5da,CUST_00286,2024-11-15,account,How do I add a second user to my account?,open,high,9.0
edc881d5-f659-47d6-881a-42621aac6090,CUST_00286,2026-02-18,feature,Please add a dark mode to the dashboard.,pending,medium,8.0
adf88da9-e69e-45fb-9678-adcada69afa7,CUST_00286,2025-03-18,feature,I need the ability to set recurring transactions.,resolved,high,
814d1e3c-087d-40dc-a7b1-59452618dff0,CUST_00286,2025-04-09,technical,My bank connection keeps disconnecting every few days.,pending,high,9.0
8fe64059-71e2-42d1-aa30-4a6342370e05,CUST_00286,2025-02-28,technical,The app crashes every time I try to run payroll.,pending,high,2.0
56ada2e2-797a-49b0-a3f3-2acd4396ac86,CUST_00289,2026-03-11,feature,Is there a way to export data to Excel automatically?,pending,low,7.0
c067bee3-361d-45b0-87cf-4c9f2fd8526f,CUST_00289,2026-03-16,account,How do I export all my data before cancelling?,resolved,low,
4a788f0c-1870-4a43-be2b-fda94d321d67,CUST_00290,2026-02-15,billing,I was charged twice this month and need a refund immediately.,open,high,
ace60a00-9c62-49b7-ab25-6e34e7fbd233,CUST_00290,2025-07-18,billing,"My invoice shows the wrong amount, please help.",pending,low,
eb015012-42fd-4b7c-8246-18b24988240b,CUST_00290,2025-11-02,technical,My bank connection keeps disconnecting every few days.,open,high,11.0
413a192e-6635-4101-a76c-13928421bea6,CUST_00291,2026-04-14,technical,The app crashes every time I try to run payroll.,resolved,low,
6decc3e5-1651-454a-81ea-c7a3e33e7870,CUST_00291,2026-01-05,billing,I cancelled but was still billed. Please reverse this charge.,pending,medium,13.0
032900fd-5e3c-4a33-a4bf-7334fbcb6388,CUST_00291,2026-02-10,account,Can I downgrade my plan and keep my data?,resolved,medium,10.0
d947ff57-cfb0-45a9-a1db-6aac1656faca,CUST_00291,2026-01-30,technical,"I cannot log in to my account, password reset is not working.",resolved,low,1.0
175d8125-a0fa-4545-a809-237494de6962,CUST_00292,2026-03-08,technical,My bank connection keeps disconnecting every few days.,pending,medium,7.0
ad5bd517-29b7-4edd-9012-a425c1224ea0,CUST_00293,2025-02-09,account,Can I downgrade my plan and keep my data?,pending,high,10.0
ba8e3dad-8a48-486a-80c2-71b8f17a7387,CUST_00293,2025-03-08,technical,"I cannot log in to my account, password reset is not working.",pending,high,8.0
861e12e7-633b-45c7-9a5f-342978c1e99d,CUST_00293,2025-10-08,technical,Reports are not loading and just show a blank screen.,resolved,medium,6.0
062902ce-8535-445a-ae97-71133feda14e,CUST_00294,2025-09-01,feature,Please add a dark mode to the dashboard.,pending,medium,
8a8badc8-8b9e-4ccb-85a6-46d0f7c60e39,CUST_00295,2026-01-01,technical,My bank connection keeps disconnecting every few days.,open,high,
6ede2845-8a9c-44b1-9f5d-0560bd452c20,CUST_00295,2025-12-19,billing,Why did my subscription price increase without notice?,open,medium,
d887a152-40c8-431b-80a5-0d930ec4809a,CUST_00295,2026-04-21,account,How do I add a second user to my account?,open,low,1.0
a3880d2c-7dd2-42db-a4eb-1c4abb905b05,CUST_00295,2026-01-29,feature,Is there a way to export data to Excel automatically?,resolved,low,13.0
840abe80-88d9-453b-a818-b5b49acd29f1,CUST_00296,2025-09-21,technical,"I cannot log in to my account, password reset is not working.",open,low,
ece1fc0c-c6bf-426f-9c9d-76b3bd5cf579,CUST_00296,2025-08-26,feature,Please add a dark mode to the dashboard.,resolved,low,9.0
41e3e806-9441-4407-89d8-8b71be786133,CUST_00296,2025-11-01,technical,"I cannot log in to my account, password reset is not working.",pending,low,13.0
632a15aa-d618-43ee-a2b9-152a2bb5a8d2,CUST_00298,2026-01-04,feature,Can you add support for multiple currencies?,pending,medium,14.0
f5ce71d5-f87d-403a-ba64-c319c902b4f3,CUST_00298,2026-04-22,technical,The app crashes every time I try to run payroll.,open,high,12.0
bbb1d6c1-00f9-4b11-afcd-72d78a18a8fe,CUST_00299,2026-04-23,technical,Reports are not loading and just show a blank screen.,pending,medium,
85ad9097-848b-45b1-bd78-4687da2b2f44,CUST_00299,2025-04-21,billing,I was charged twice this month and need a refund immediately.,open,low,
d5c6c579-8304-469c-8081-c00403944299,CUST_00300,2025-08-05,technical,Reports are not loading and just show a blank screen.,pending,low,11.0
9d69ed05-1e2d-4bd5-94fa-600063551a34,CUST_00300,2025-12-13,billing,Why did my subscription price increase without notice?,open,high,2.0
e45a8a34-9de2-40e0-91ca-14108a07c2a6,CUST_00300,2025-11-14,technical,My bank connection keeps disconnecting every few days.,resolved,high,7.0
7d7e8a77-139c-4b3e-9256-40e0551ec51e,CUST_00300,2025-01-28,billing,"My invoice shows the wrong amount, please help.",resolved,medium,
2a6316c5-a227-4969-8c48-b2e65b181a19,CUST_00300,2025-08-24,billing,Why did my subscription price increase without notice?,resolved,high,8.0
7271c0e1-bda1-47a0-9d2c-33ce80ce6254,CUST_00300,2025-01-07,technical,The app crashes every time I try to run payroll.,open,high,10.0
d05fe159-5760-4add-8d40-6b3fc6cfae0c,CUST_00300,2025-07-09,billing,Why did my subscription price increase without notice?,resolved,high,6.0
db82d032-2259-413d-9491-e0c2c8aecabd,CUST_00300,2025-06-06,feature,Is there a way to export data to Excel automatically?,open,high,7.0
8898fd60-c336-47d2-a181-36cd199522d0,CUST_00301,2026-05-09,technical,The app crashes every time I try to run payroll.,open,medium,14.0
3a372711-4e4b-4cef-a068-3d79c017b936,CUST_00303,2025-06-14,technical,Reports are not loading and just show a blank screen.,resolved,high,6.0
fe6e199f-8da4-482f-94c5-4483d0767621,CUST_00303,2025-04-15,billing,I cancelled but was still billed. Please reverse this charge.,pending,low,10.0
f3736910-9cf6-40c3-a0e6-73ed8a15730e,CUST_00305,2026-04-13,billing,Why did my subscription price increase without notice?,pending,medium,10.0
22727198-43b5-4eb9-817b-02a9e3820f80,CUST_00305,2026-03-15,account,Can I downgrade my plan and keep my data?,open,medium,7.0
441b6ccb-f222-4831-9467-afe205d256dc,CUST_00305,2026-05-16,technical,Reports are not loading and just show a blank screen.,pending,low,9.0
90a5cabc-62bf-44af-875a-a781f3a023cf,CUST_00305,2026-02-03,feature,Please add a dark mode to the dashboard.,pending,high,13.0
ea5e4dc4-e9a8-400e-81fb-297a9cc06805,CUST_00308,2026-04-30,feature,Is there a way to export data to Excel automatically?,open,low,12.0
718757a0-474c-4a4c-ab4a-e2448f3e8001,CUST_00308,2026-05-10,feature,Please add a dark mode to the dashboard.,pending,high,5.0
0c24cde4-8eee-4165-9ce9-1cc46c7e5f8b,CUST_00308,2026-01-15,feature,Can you add support for multiple currencies?,pending,low,8.0
61efb9ee-d617-4601-954f-409df75276e3,CUST_00308,2026-04-01,technical,The app crashes every time I try to run payroll.,resolved,low,9.0
54dc0bf8-1542-4692-8c4f-09f005fd67d1,CUST_00310,2026-04-17,account,How do I add a second user to my account?,pending,high,10.0
657a94ee-5ac7-4afa-ad65-1aa03d043bc5,CUST_00310,2026-04-27,account,I need to update my business address and tax ID.,pending,medium,
df273487-dd5f-45dc-a4c1-a8ad32657644,CUST_00311,2025-07-02,technical,My bank connection keeps disconnecting every few days.,open,high,
27398988-d246-4a19-9982-916307df5311,CUST_00313,2026-02-11,feature,Is there a way to export data to Excel automatically?,pending,high,6.0
56ea7196-46e2-44bb-b476-8d0a4dc748fb,CUST_00313,2025-06-29,technical,My bank connection keeps disconnecting every few days.,open,medium,4.0
342ff72e-4509-4ac8-875f-e58501f19cdd,CUST_00313,2025-11-15,technical,Reports are not loading and just show a blank screen.,open,medium,11.0
835870bc-6cc5-42cf-a607-60c38f37c64c,CUST_00313,2025-07-07,account,Can I downgrade my plan and keep my data?,resolved,low,4.0
64a3f805-6b50-4261-9270-21bb6be1d06c,CUST_00314,2024-09-19,account,How do I export all my data before cancelling?,pending,high,12.0
a1c75403-66b2-4624-977e-922af31aa7f3,CUST_00314,2025-07-10,billing,I cancelled but was still billed. Please reverse this charge.,pending,medium,12.0
47ee4819-f490-4381-afed-db9647448efe,CUST_00316,2025-12-15,feature,Can you add support for multiple currencies?,resolved,high,6.0
3517e599-ab3b-44d6-9e3d-0edfb8d19efa,CUST_00317,2025-12-18,billing,Why did my subscription price increase without notice?,resolved,medium,
c0f93459-096b-4e58-b8e7-65146cb1d871,CUST_00317,2025-12-16,billing,I was charged twice this month and need a refund immediately.,pending,low,1.0
53de016b-9132-4cc2-8924-a3377bf92c6d,CUST_00317,2025-12-03,feature,Please add a dark mode to the dashboard.,pending,low,6.0
f313eefd-6896-48cf-9eb3-e5256528964a,CUST_00318,2025-06-08,technical,Reports are not loading and just show a blank screen.,open,medium,2.0
59d4b960-6168-45d1-b5f6-ffd71929519f,CUST_00318,2025-01-21,billing,I cancelled but was still billed. Please reverse this charge.,resolved,low,3.0
effed89f-4d3d-47f8-b39b-711591a3fa4d,CUST_00318,2025-08-07,account,I need to update my business address and tax ID.,pending,medium,6.0
9905f806-f50b-48b1-a8f2-4b12fa3a21bd,CUST_00318,2025-05-30,billing,I was charged twice this month and need a refund immediately.,pending,high,11.0
f387483a-704a-4396-871c-14ae1367abe0,CUST_00319,2026-05-08,technical,Reports are not loading and just show a blank screen.,open,low,1.0
8a789e7d-9a65-4b41-8e6d-167bfa2b85d1,CUST_00322,2025-10-10,account,How do I add a second user to my account?,resolved,low,3.0
282279ff-e8d5-4630-87c5-48ab78d06bc5,CUST_00322,2026-01-30,feature,Please add a dark mode to the dashboard.,open,high,3.0
ad4d2b75-5169-486c-ace9-631adf983ab9,CUST_00322,2026-02-16,technical,The app crashes every time I try to run payroll.,resolved,low,14.0
89c36d64-07e0-45d7-8813-801af0a0a1e8,CUST_00322,2025-08-23,feature,Is there a way to export data to Excel automatically?,open,low,7.0
d2ee4881-e3ce-47f3-bd3d-9fb9f663a7b2,CUST_00323,2026-04-12,account,How do I export all my data before cancelling?,open,medium,6.0
b83192ac-3686-4cc7-998c-19a55002f1f0,CUST_00323,2026-05-01,feature,Is there a way to export data to Excel automatically?,pending,high,
a1d0f890-5a50-4659-970e-637e50b7cff1,CUST_00325,2025-08-31,technical,The app crashes every time I try to run payroll.,resolved,high,2.0
0ff613f7-b0d9-4b6c-99c2-6b05f811fa1c,CUST_00325,2026-02-01,technical,The app crashes every time I try to run payroll.,open,high,4.0
29c6a6c1-c465-4376-9217-1e7a69023212,CUST_00325,2025-12-19,feature,I need the ability to set recurring transactions.,resolved,low,10.0
2af98ee7-96fa-4cac-ab4c-e5cd286aea3a,CUST_00325,2026-05-12,billing,I was charged twice this month and need a refund immediately.,pending,high,9.0
18dc0d94-0078-441d-9acb-4e2163ca89aa,CUST_00325,2025-11-18,account,How do I add a second user to my account?,resolved,low,12.0
0e1e27ef-ccd3-413e-8bf5-603e85860450,CUST_00325,2025-09-30,technical,"I cannot log in to my account, password reset is not working.",resolved,high,7.0
2d24b53f-6c94-41d9-96d4-c3ff5ef74d93,CUST_00326,2025-10-05,account,Can I downgrade my plan and keep my data?,resolved,medium,12.0
9c33eec2-2da7-4a7b-bb38-d1e4cb0294a9,CUST_00326,2026-04-30,billing,Why did my subscription price increase without notice?,resolved,medium,12.0
736257d6-cf27-45cb-86b4-e17a9d54bd53,CUST_00326,2025-08-10,technical,My bank connection keeps disconnecting every few days.,open,medium,
4ced0c1c-4124-4a18-942f-295f60ff38fd,CUST_00327,2026-03-14,account,Can I downgrade my plan and keep my data?,open,medium,12.0
ff0366f1-e16a-4da7-a6e0-953a9e5252d7,CUST_00327,2026-03-24,account,Can I downgrade my plan and keep my data?,resolved,low,13.0
d88c2292-f394-4063-8d16-e855747652a7,CUST_00327,2025-12-29,technical,The app crashes every time I try to run payroll.,open,low,11.0
7d2596a9-3f05-4baa-b05c-020a02264272,CUST_00328,2025-04-06,account,How do I add a second user to my account?,resolved,medium,14.0
82cfe0ad-08d4-41a2-b3c8-6753875b6e63,CUST_00328,2025-10-04,account,How do I export all my data before cancelling?,pending,low,13.0
6dfe0fd5-6db8-407b-92a6-72a0efd32718,CUST_00328,2026-02-14,technical,Reports are not loading and just show a blank screen.,resolved,high,5.0
d6408672-f426-4c57-a83a-ab20a65a20ca,CUST_00328,2025-07-16,technical,My bank connection keeps disconnecting every few days.,pending,high,13.0
fc22fd92-2dd2-45c7-9ae9-9e2df1b2be86,CUST_00328,2025-10-02,billing,I cancelled but was still billed. Please reverse this charge.,resolved,high,9.0
301b9673-e7ef-4c6b-9590-1d20d7bc8649,CUST_00328,2026-03-23,feature,Is there a way to export data to Excel automatically?,resolved,high,
d492f316-399c-4f2c-a1f4-a4192ddab69a,CUST_00329,2026-02-22,technical,Reports are not loading and just show a blank screen.,resolved,low,
e6184aed-555a-4d61-b1e9-61a9139bb257,CUST_00329,2026-04-10,billing,I cancelled but was still billed. Please reverse this charge.,resolved,low,2.0
2009adc9-6633-4853-9539-dcfaa6a8f559,CUST_00329,2025-07-31,billing,"My invoice shows the wrong amount, please help.",resolved,high,7.0
a96f4639-9a9d-4526-bc2a-a1c4d99efc8a,CUST_00329,2025-08-29,technical,The app crashes every time I try to run payroll.,open,high,9.0
6dc8ee6f-e7d4-47f2-928d-4de6622098e2,CUST_00329,2025-11-27,billing,Why did my subscription price increase without notice?,pending,medium,9.0
e665a16b-5c20-4ca5-bbd7-f85ee6a60033,CUST_00329,2026-05-17,account,How do I add a second user to my account?,open,high,9.0
f5f92428-d5aa-442f-aa79-da1cd0a15926,CUST_00330,2025-08-29,technical,"I cannot log in to my account, password reset is not working.",pending,high,8.0
671d72f9-d285-4ffe-872a-f76415d914f6,CUST_00330,2026-01-31,feature,Is there a way to export data to Excel automatically?,resolved,medium,14.0
29cb42c2-f87c-4f42-8e96-08a1ce5cf013,CUST_00330,2026-04-09,billing,I cancelled but was still billed. Please reverse this charge.,pending,medium,11.0
e99f1993-71c7-4191-94c2-d060d304c195,CUST_00330,2026-04-27,feature,Please add a dark mode to the dashboard.,resolved,low,5.0
a4243f2b-3075-4e13-a501-24029311fde4,CUST_00330,2026-04-16,feature,Can you add support for multiple currencies?,pending,medium,
dd8f65a2-5f19-493b-b282-b8e994c64706,CUST_00330,2026-03-26,account,How do I add a second user to my account?,open,high,10.0
769ee106-3a3c-4d34-b85d-15bbb4ceab0b,CUST_00330,2026-01-08,feature,Is there a way to export data to Excel automatically?,open,high,12.0
6411d1db-c72b-40eb-97a8-505007a1e618,CUST_00330,2025-12-27,technical,Reports are not loading and just show a blank screen.,resolved,high,9.0
b161bca4-3131-4706-99a7-988ea8452b94,CUST_00331,2026-03-03,feature,Please add a dark mode to the dashboard.,pending,low,13.0
57a2e66b-168f-4563-b7b9-62576e6bb30b,CUST_00331,2025-10-19,feature,I need the ability to set recurring transactions.,open,medium,10.0
c60ae164-215c-4981-ab28-d8443c060d05,CUST_00331,2026-03-24,billing,I was charged twice this month and need a refund immediately.,open,medium,4.0
422cfd31-db07-4fe2-a8c0-f1c4a024ad86,CUST_00331,2025-08-26,account,Can I downgrade my plan and keep my data?,pending,low,12.0
648d8911-6cf4-4f54-94f3-c5b3b4f30eae,CUST_00332,2026-01-23,technical,Reports are not loading and just show a blank screen.,pending,low,1.0
a5183893-2846-41f6-9d5c-3fd26c1aa842,CUST_00333,2025-12-18,feature,Is there a way to export data to Excel automatically?,resolved,medium,2.0
a44c244f-af1a-4364-a24c-d65c7f506a0d,CUST_00333,2026-05-17,billing,Why did my subscription price increase without notice?,open,high,1.0
042ce972-c7b9-4e12-b285-b20ad2912a81,CUST_00333,2026-05-09,account,How do I add a second user to my account?,resolved,medium,13.0
0444e6cd-6a24-4cb7-b6d2-babe488115a2,CUST_00333,2026-01-18,technical,"I cannot log in to my account, password reset is not working.",pending,low,8.0
755019d4-4173-4621-82b4-c130e3d1d7f6,CUST_00333,2026-03-29,account,Can I downgrade my plan and keep my data?,open,high,3.0
08be447d-2f41-4cab-84ed-f780266b445d,CUST_00334,2026-03-22,billing,"My invoice shows the wrong amount, please help.",resolved,high,6.0
d0f67c5a-6c20-4852-ad76-c7bda86fba12,CUST_00334,2025-11-21,feature,I need the ability to set recurring transactions.,resolved,high,8.0
6462e063-518e-4aa0-8fdf-7258fffcfbed,CUST_00334,2026-03-20,account,Can I downgrade my plan and keep my data?,open,low,8.0
4118b9e9-7b61-40e0-8bac-13c00fc3fafa,CUST_00335,2024-11-02,technical,The app crashes every time I try to run payroll.,open,medium,4.0
5f60b0d0-c84d-4c51-be9c-897b1ec7af88,CUST_00336,2026-05-02,technical,My bank connection keeps disconnecting every few days.,open,medium,10.0
cf914fe5-accd-47ab-b8b3-f5a927c487c3,CUST_00336,2026-02-10,technical,My bank connection keeps disconnecting every few days.,pending,high,7.0
eabfc95a-a1ec-4fc4-ab7f-d385fbf3190e,CUST_00336,2026-03-28,feature,Is there a way to export data to Excel automatically?,pending,low,7.0
5c1f6d29-d13f-4c0d-84d4-c45853018201,CUST_00336,2026-03-27,technical,"I cannot log in to my account, password reset is not working.",pending,high,9.0
c4278a85-7d58-484b-b695-60aeb3fe8058,CUST_00337,2025-09-25,technical,The app crashes every time I try to run payroll.,pending,medium,4.0
2f43527e-a346-45d1-a817-71f49679a0a4,CUST_00337,2025-01-09,account,Can I downgrade my plan and keep my data?,open,medium,14.0
6719abd3-9bd5-45b6-bddc-9b49a02d973d,CUST_00338,2024-11-10,technical,The app crashes every time I try to run payroll.,pending,medium,7.0
a021e69e-8754-404c-bcc5-9a96e8eaccc9,CUST_00338,2025-06-07,feature,Please add a dark mode to the dashboard.,open,low,2.0
257a69f5-87d3-4f22-bc73-2443aed330e8,CUST_00338,2024-11-09,technical,My bank connection keeps disconnecting every few days.,resolved,low,8.0
84a1607c-cb2f-4f44-a203-7d97c8b9ff57,CUST_00338,2025-12-25,account,How do I add a second user to my account?,pending,medium,9.0
939c3127-9815-4cf1-9579-510661f07fba,CUST_00339,2026-03-10,feature,I need the ability to set recurring transactions.,open,low,4.0
9bcff815-d453-4580-abde-1fa1c294d710,CUST_00339,2026-01-17,account,How do I export all my data before cancelling?,resolved,low,5.0
e3337e27-48d0-4261-8ba0-cb99e66e71b1,CUST_00339,2026-02-07,billing,Why did my subscription price increase without notice?,pending,medium,6.0
f87587ef-7bf2-41c0-b900-921090c8c7e3,CUST_00339,2026-02-28,billing,I cancelled but was still billed. Please reverse this charge.,open,high,
71682e50-19a7-400b-90d3-377cc1b66b18,CUST_00340,2025-04-11,feature,I need the ability to set recurring transactions.,pending,medium,
3f3dc7bb-f0ab-4f2b-b7a6-62015cf5719f,CUST_00340,2025-02-18,billing,I was charged twice this month and need a refund immediately.,pending,high,1.0
56cb9f12-e228-4ab4-b89a-d158a413e390,CUST_00341,2024-12-25,feature,Please add a dark mode to the dashboard.,open,medium,9.0
64536639-4cf3-49b9-b43c-1ee53522ab15,CUST_00341,2025-09-12,billing,Why did my subscription price increase without notice?,pending,medium,12.0
0bb9737d-4648-4b2b-b578-1e1b3a17bf50,CUST_00342,2025-11-25,technical,The app crashes every time I try to run payroll.,open,low,7.0
97da2b52-6e9f-417f-9e73-70e7784c8a08,CUST_00342,2025-12-14,feature,Can you add support for multiple currencies?,open,medium,
75b14c41-ce4f-4e24-9960-9b8b61e19ded,CUST_00343,2026-04-14,account,How do I export all my data before cancelling?,pending,medium,5.0
936298d1-9d95-4e2b-a86a-c56fbaeab33d,CUST_00343,2025-07-20,technical,My bank connection keeps disconnecting every few days.,open,medium,8.0
8b2d230f-5690-4b33-ad04-c9eaf214c5b9,CUST_00343,2026-03-01,feature,I need the ability to set recurring transactions.,pending,high,
8800d08e-939c-4cef-b978-b4ab775a7582,CUST_00344,2025-06-18,technical,"I cannot log in to my account, password reset is not working.",resolved,high,12.0
822545e3-cf62-42a9-88e4-59b0acddebec,CUST_00344,2026-01-30,account,How do I add a second user to my account?,pending,high,
25439ffb-572e-4ed1-8f2d-8744e21c76bd,CUST_00344,2025-09-04,feature,Please add a dark mode to the dashboard.,resolved,high,10.0
12667693-4bd0-4432-9667-cb7dbbaf74a7,CUST_00345,2025-09-18,billing,I was charged twice this month and need a refund immediately.,open,medium,14.0
ee162e7f-0668-41f5-88eb-04acebc04d05,CUST_00345,2026-04-12,billing,Why did my subscription price increase without notice?,open,medium,13.0
fd001e9a-f9ce-4376-abe2-6616343a03e7,CUST_00345,2025-05-27,technical,"I cannot log in to my account, password reset is not working.",open,high,14.0
fe49dba8-dc3c-4e5b-8b2f-0f07cce81f8a,CUST_00345,2026-04-22,feature,Can you add support for multiple currencies?,open,low,
6300f074-3c0f-41b5-81b0-186383a16e1e,CUST_00346,2025-11-08,account,How do I export all my data before cancelling?,open,high,3.0
bd6193ab-ba04-477c-8c4d-3f65f86533be,CUST_00346,2025-10-15,account,How do I export all my data before cancelling?,pending,low,
e7e49d20-53b0-4d78-ac59-d526910e91af,CUST_00346,2026-04-01,billing,I was charged twice this month and need a refund immediately.,pending,low,10.0
3c0726b9-827e-44cd-8a59-3eb535723929,CUST_00346,2026-01-18,account,How do I export all my data before cancelling?,pending,low,2.0
6d4137a3-9c9b-406d-8a13-28de824aecf4,CUST_00347,2025-06-01,feature,Please add a dark mode to the dashboard.,resolved,medium,
ccdc58c4-85b5-4270-912d-e269e383d70c,CUST_00347,2025-01-21,technical,The app crashes every time I try to run payroll.,open,medium,14.0
d4634497-9223-4982-9428-449d1e8ea5ec,CUST_00347,2025-05-10,account,How do I add a second user to my account?,open,high,5.0
99a59c9d-7e2e-4702-a521-c3c1040b7f96,CUST_00349,2025-07-21,technical,"I cannot log in to my account, password reset is not working.",open,medium,5.0
a8332c14-1c2e-47c1-9fd9-92d7d3265d18,CUST_00349,2026-05-07,technical,My bank connection keeps disconnecting every few days.,resolved,medium,13.0
ace4521e-2381-4ac4-ba28-2519536a27fe,CUST_00349,2025-04-13,billing,I cancelled but was still billed. Please reverse this charge.,open,high,
b979107c-7666-488c-a89c-2ea802f8e821,CUST_00349,2025-08-30,billing,"My invoice shows the wrong amount, please help.",pending,medium,11.0
f2d45d5f-731c-4fdf-bf91-4884ebe36be7,CUST_00350,2025-01-21,feature,I need the ability to set recurring transactions.,pending,medium,2.0
439f7a1d-7574-4878-a50c-5c2134324a79,CUST_00350,2026-02-16,technical,"I cannot log in to my account, password reset is not working.",resolved,high,2.0
65febc0e-3597-4df6-8757-790b54624b79,CUST_00351,2026-03-29,technical,"I cannot log in to my account, password reset is not working.",resolved,medium,6.0
08aa5ee2-e76f-4bb3-8d8d-e6d53bb0919c,CUST_00352,2025-05-10,feature,I need the ability to set recurring transactions.,resolved,low,4.0
2a56a98c-42f8-4715-a448-0673d3af505e,CUST_00353,2025-11-29,feature,Please add a dark mode to the dashboard.,resolved,low,
43ab3288-d89b-429d-b04e-0a279de6427b,CUST_00353,2025-12-31,technical,Reports are not loading and just show a blank screen.,pending,high,13.0
4ab0735d-1a3f-49a4-abb7-f58e8fb818ca,CUST_00353,2026-01-10,feature,I need the ability to set recurring transactions.,resolved,low,10.0
8c1ef925-44ee-46a0-ac9a-47b21f4faf7c,CUST_00353,2026-03-17,technical,The app crashes every time I try to run payroll.,open,low,
3a7864d1-4f2d-493b-8750-05ad700f8d5d,CUST_00354,2025-09-03,billing,"My invoice shows the wrong amount, please help.",resolved,high,4.0
f0067929-d73d-4745-9445-b1fc39af4787,CUST_00354,2025-07-06,technical,My bank connection keeps disconnecting every few days.,resolved,low,
060fc6a5-2ad9-483b-be46-50e3b13e34b7,CUST_00355,2026-01-31,feature,Is there a way to export data to Excel automatically?,open,medium,5.0
d68e48f0-9b5b-4dcd-9948-25c790fe112f,CUST_00355,2025-09-24,billing,"My invoice shows the wrong amount, please help.",resolved,low,12.0
e1e4b8f2-5f92-4ebb-951d-8b9578534207,CUST_00355,2025-09-25,technical,The app crashes every time I try to run payroll.,pending,high,
6566d64a-e873-4353-9452-0e942fa09eb1,CUST_00355,2026-02-05,feature,I need the ability to set recurring transactions.,open,high,13.0
9bf36ae5-ae74-4d0b-9154-bd93f5fd111e,CUST_00356,2026-03-26,account,How do I add a second user to my account?,resolved,high,4.0
b3528b5f-c61c-4d1a-9139-526631dc9460,CUST_00357,2026-04-16,account,How do I export all my data before cancelling?,pending,medium,
ae38c26f-3a80-47d6-bc2d-fcdc5273e1bf,CUST_00357,2026-04-11,technical,"I cannot log in to my account, password reset is not working.",pending,low,12.0
cc178a91-f9fa-4736-b514-9ec2ac469faa,CUST_00357,2025-12-23,billing,"My invoice shows the wrong amount, please help.",open,low,14.0
e32711a1-cdc2-46bd-8ff9-1cd6fa95bbfd,CUST_00358,2025-04-22,billing,I was charged twice this month and need a refund immediately.,pending,medium,
fd172d40-f267-4ec7-af9c-adfcf2004f4f,CUST_00358,2025-12-26,technical,"I cannot log in to my account, password reset is not working.",pending,medium,
b40e359d-e195-422d-9e68-e8453d53ccbd,CUST_00358,2025-05-08,account,How do I export all my data before cancelling?,pending,medium,8.0
a1cf3452-f139-43d5-bf46-fecebfac6376,CUST_00360,2025-10-29,technical,The app crashes every time I try to run payroll.,open,medium,
781410a6-afd5-41a3-a05f-77fe6a4d8fb8,CUST_00360,2025-03-11,technical,My bank connection keeps disconnecting every few days.,resolved,medium,12.0
ba188e45-4745-4e84-a808-5ffe73930e9e,CUST_00360,2024-11-11,billing,Why did my subscription price increase without notice?,resolved,medium,13.0
c3ba730c-b5e5-4200-8b57-d8339ee38421,CUST_00361,2026-03-07,billing,I cancelled but was still billed. Please reverse this charge.,resolved,high,4.0
e6e6263e-b2c1-4fe9-80cb-de3c2f468857,CUST_00361,2026-03-08,technical,The app crashes every time I try to run payroll.,open,medium,5.0
443e6f52-5e26-46c6-b164-33fc3a74e579,CUST_00361,2026-04-22,billing,I cancelled but was still billed. Please reverse this charge.,open,high,14.0
a94d6844-b1ef-44a6-a2a3-33f15357febe,CUST_00361,2026-05-06,technical,Reports are not loading and just show a blank screen.,pending,medium,
3e23fdac-c780-4bc4-8c4a-2f0a0570d6e8,CUST_00361,2026-03-03,account,Can I downgrade my plan and keep my data?,resolved,low,3.0
5a582cdf-fe86-41dc-816e-b85b2906a2d8,CUST_00361,2026-04-17,billing,"My invoice shows the wrong amount, please help.",resolved,low,14.0
95109e91-922d-4114-9819-789df2195b4e,CUST_00363,2026-03-18,account,How do I add a second user to my account?,resolved,low,3.0
5e521ea2-45b4-4164-9f4d-84cda7f69f12,CUST_00363,2026-01-26,feature,Is there a way to export data to Excel automatically?,open,medium,3.0
ba0f4bdb-bc98-466b-a699-6480ad4a17a3,CUST_00364,2025-09-20,feature,Can you add support for multiple currencies?,open,medium,12.0
8d08c3fb-94e4-4fe6-97f9-f032573bf0b2,CUST_00364,2026-02-26,account,Can I downgrade my plan and keep my data?,open,low,10.0
a7afe5da-027f-4e45-9821-bca2554451ad,CUST_00364,2026-03-31,feature,I need the ability to set recurring transactions.,pending,low,3.0
975dd42e-9ca6-4050-9e25-a015adbebcef,CUST_00364,2025-12-05,billing,"My invoice shows the wrong amount, please help.",pending,high,7.0
1f4fe23e-ef2a-4cc5-bc46-bb9b0f94f73b,CUST_00364,2026-04-04,technical,The app crashes every time I try to run payroll.,pending,high,4.0
5af88bbc-e531-4db0-8b7d-e7c58b3be334,CUST_00364,2026-04-12,account,How do I export all my data before cancelling?,pending,high,13.0
13990347-9eb0-4d3f-965e-7fecac9304f2,CUST_00365,2026-04-07,account,How do I export all my data before cancelling?,open,high,9.0
7d456076-ff25-477f-8895-c7817916624d,CUST_00366,2026-04-14,billing,"My invoice shows the wrong amount, please help.",open,low,
326f7557-0661-4dce-aaee-0648028e9d63,CUST_00366,2026-05-02,feature,I need the ability to set recurring transactions.,pending,medium,
eb449e97-2462-4653-8552-cd48763abb48,CUST_00366,2026-05-07,billing,Why did my subscription price increase without notice?,resolved,high,
7da12a26-01d5-4afc-9986-f260b729ef8f,CUST_00366,2026-04-10,technical,The app crashes every time I try to run payroll.,resolved,medium,
2674625b-304a-4bfa-9f2b-a724fa4b9cfe,CUST_00367,2026-02-13,billing,I was charged twice this month and need a refund immediately.,open,low,10.0
0cbc4e4c-9bd4-4802-b17e-f14724e763df,CUST_00367,2026-02-06,billing,I was charged twice this month and need a refund immediately.,open,medium,12.0
04da6d1c-76eb-427f-9ad5-a2ed14da7871,CUST_00367,2026-04-20,feature,I need the ability to set recurring transactions.,resolved,high,9.0
688996e7-799e-4a09-937d-a4eca71b7258,CUST_00367,2025-11-05,billing,Why did my subscription price increase without notice?,resolved,low,3.0
e995ff50-f9d3-494e-ba24-3db38cb026ab,CUST_00368,2025-10-08,technical,The app crashes every time I try to run payroll.,pending,high,8.0
01234bb8-b1b4-401c-84f3-f06ff5f49767,CUST_00368,2025-08-21,account,Can I downgrade my plan and keep my data?,pending,medium,1.0
ab8703d2-24a9-459c-b24f-03e2f0826c36,CUST_00369,2026-01-11,feature,Is there a way to export data to Excel automatically?,pending,medium,
7d31b81e-57a7-4f35-bef1-d89e4bb426d9,CUST_00369,2025-11-09,billing,I was charged twice this month and need a refund immediately.,open,high,3.0
c0c46031-451c-4ac7-82df-06cf85cb8705,CUST_00369,2026-03-07,technical,Reports are not loading and just show a blank screen.,open,high,
e29cf5d6-c6ad-48be-95bd-4646e26e914b,CUST_00369,2026-04-17,feature,Is there a way to export data to Excel automatically?,pending,high,5.0
a54b605e-117e-4160-a751-3f94e379b268,CUST_00370,2025-05-18,technical,The app crashes every time I try to run payroll.,open,medium,5.0
c49d3820-9d20-4500-aee1-a45a4e1c0374,CUST_00370,2026-04-20,feature,Is there a way to export data to Excel automatically?,resolved,low,11.0
1bb11031-77b4-4da3-8c3c-6097879d145f,CUST_00370,2026-03-26,billing,"My invoice shows the wrong amount, please help.",resolved,high,13.0
6a80bfe9-2b71-4826-b0c9-19630fe4ce45,CUST_00370,2025-12-30,account,How do I add a second user to my account?,resolved,low,2.0
984a3db0-c841-45db-a489-828112e37a1c,CUST_00371,2025-03-02,account,Can I downgrade my plan and keep my data?,pending,medium,7.0
4e472f61-a87a-4df2-b423-7036894e3a28,CUST_00372,2026-05-13,technical,Reports are not loading and just show a blank screen.,resolved,low,8.0
14a9ca1e-5d5d-4a21-9cc2-ca188aab775f,CUST_00372,2026-05-07,account,Can I downgrade my plan and keep my data?,open,high,12.0
cfc09d05-91d1-4838-afa2-d37d16b2b3c5,CUST_00372,2026-05-12,account,I need to update my business address and tax ID.,pending,medium,
0f589b58-9b67-4302-864b-f72e0fe04a2d,CUST_00375,2025-07-02,technical,Reports are not loading and just show a blank screen.,open,medium,9.0
8c26a77f-d8a1-4a72-a237-4fe80091dc61,CUST_00375,2026-01-04,account,How do I export all my data before cancelling?,pending,medium,
49eebfd9-fde1-4662-98b1-c2184a609a5f,CUST_00376,2026-03-15,billing,"My invoice shows the wrong amount, please help.",pending,low,8.0
0117f164-8315-40d5-8fe6-2780ffcbe57c,CUST_00376,2026-05-17,account,I need to update my business address and tax ID.,resolved,medium,
527c0e1a-41b5-4bbb-ba38-d4f94c0ea70c,CUST_00376,2026-03-29,technical,"I cannot log in to my account, password reset is not working.",resolved,medium,
e324a968-3dc9-4ebd-af47-9ce15991a9c4,CUST_00377,2025-09-17,technical,Reports are not loading and just show a blank screen.,resolved,high,10.0
03886ccc-727e-4676-b869-f213842708ce,CUST_00377,2024-11-22,feature,Please add a dark mode to the dashboard.,resolved,high,
6dcbb971-62ca-4d90-9427-291127d0eb48,CUST_00377,2026-02-11,billing,Why did my subscription price increase without notice?,open,high,8.0
8544f044-3f34-44d5-813f-997f17e582e7,CUST_00377,2026-04-01,feature,Is there a way to export data to Excel automatically?,open,high,9.0
b2b96b68-ab36-4aa5-a86e-36e3424adef9,CUST_00378,2025-10-17,billing,Why did my subscription price increase without notice?,resolved,medium,5.0
fe2302f7-8908-4b22-a742-a812c4434e54,CUST_00379,2025-10-31,feature,Is there a way to export data to Excel automatically?,open,high,
66f08047-82b1-4332-a94d-9ac007449408,CUST_00380,2025-11-20,technical,My bank connection keeps disconnecting every few days.,pending,medium,6.0
fcabcaec-2bad-44be-b1c5-c76c5d47d8aa,CUST_00380,2026-04-03,billing,Why did my subscription price increase without notice?,resolved,medium,9.0
b37fab18-635a-4a0e-8f61-b9c119a4bd38,CUST_00380,2026-01-07,billing,I was charged twice this month and need a refund immediately.,open,low,2.0
3f60c87a-c065-4d92-8f78-12ed156edc18,CUST_00380,2026-01-11,feature,Please add a dark mode to the dashboard.,open,medium,11.0
4f6f67b8-e9ff-46d9-a820-b26797a5aab4,CUST_00380,2026-03-22,account,I need to update my business address and tax ID.,resolved,high,
b9933b1f-c944-4b7e-aa4d-04d1bd5d3a28,CUST_00381,2026-02-14,technical,The app crashes every time I try to run payroll.,resolved,medium,2.0
156ff7bf-5fc2-4dd8-853d-7e49855533e7,CUST_00382,2025-10-26,account,How do I add a second user to my account?,open,low,11.0
6c8af374-900c-4831-97c5-0016b51be374,CUST_00382,2026-03-29,account,I need to update my business address and tax ID.,open,low,4.0
c11eeba7-3d88-4544-8652-175d7aff204a,CUST_00383,2026-05-02,account,I need to update my business address and tax ID.,pending,low,
c2995392-a944-4331-8448-3550db01dc6b,CUST_00384,2025-10-09,billing,Why did my subscription price increase without notice?,open,low,6.0
dd24a0cc-b8e6-4b7c-83f9-a30cc28f687d,CUST_00384,2025-11-09,technical,Reports are not loading and just show a blank screen.,open,medium,5.0
3a936b29-c8ed-4a6a-a3f7-14c4277b466c,CUST_00385,2025-12-03,feature,Is there a way to export data to Excel automatically?,resolved,high,
5561fd54-2882-472d-b74e-15d524107b7f,CUST_00385,2026-02-09,feature,Can you add support for multiple currencies?,resolved,high,6.0
d4f62f55-e553-4b71-87e2-e1128a5b2ba1,CUST_00385,2026-02-20,billing,I cancelled but was still billed. Please reverse this charge.,open,low,3.0
93155ee4-1adb-4c1e-a936-e0cf9f89aefb,CUST_00385,2025-10-19,account,How do I export all my data before cancelling?,resolved,high,8.0
91bb2665-c79b-44ed-b6da-9e06488db117,CUST_00386,2025-08-10,billing,I cancelled but was still billed. Please reverse this charge.,resolved,medium,
4afc8fd1-f08a-406b-ae22-90ef552a52ec,CUST_00386,2024-10-14,account,How do I add a second user to my account?,open,medium,12.0
bd837604-73d5-4cbd-9254-7aa2f0560312,CUST_00386,2024-11-16,account,I need to update my business address and tax ID.,resolved,medium,11.0
ade15460-9d87-4b77-8cc1-1324f89a2ce1,CUST_00387,2025-04-03,account,How do I export all my data before cancelling?,pending,medium,9.0
4a2d5772-0f9c-439e-b999-7a3cb1f949d2,CUST_00387,2026-04-03,billing,I was charged twice this month and need a refund immediately.,open,medium,14.0
86f9fa2b-e05d-4cb5-9196-9e968378e062,CUST_00387,2025-10-04,billing,Why did my subscription price increase without notice?,resolved,low,8.0
5ee8f902-ee7a-40fd-96c3-6233889652f2,CUST_00387,2025-11-20,technical,"I cannot log in to my account, password reset is not working.",pending,low,
170af4ee-255d-4729-ba7a-61c7d469616f,CUST_00388,2025-05-07,feature,Can you add support for multiple currencies?,resolved,high,
8f021a23-b4bd-499f-878f-1347d9500e72,CUST_00389,2025-07-15,billing,Why did my subscription price increase without notice?,resolved,high,10.0
79839383-ab8b-4064-82fe-ff8bf495d7d5,CUST_00389,2026-02-01,technical,"I cannot log in to my account, password reset is not working.",open,low,3.0
8b612adc-f6b9-418d-9636-289b410ef29b,CUST_00389,2025-07-31,feature,Please add a dark mode to the dashboard.,pending,high,7.0
25ed94fe-eb96-4368-b02c-a0ddabd4ac1c,CUST_00389,2025-05-08,billing,"My invoice shows the wrong amount, please help.",pending,low,2.0
c815d73d-1207-4ab0-81e1-036a86ed8610,CUST_00390,2026-03-26,account,How do I add a second user to my account?,pending,low,9.0
b9663e64-ee6d-4539-a9e6-b673e1df15e1,CUST_00390,2026-03-08,technical,My bank connection keeps disconnecting every few days.,open,low,6.0
29c6b9dd-f49f-42a8-a19a-ff97fbbe2e57,CUST_00390,2026-01-17,technical,My bank connection keeps disconnecting every few days.,resolved,low,13.0
0e112c24-b75b-4af5-9a65-64d94c6d987a,CUST_00390,2026-01-17,feature,I need the ability to set recurring transactions.,resolved,low,8.0
c9266277-f824-47ba-a13c-fef873b4a780,CUST_00391,2024-10-24,technical,My bank connection keeps disconnecting every few days.,resolved,medium,
3b7894dd-db9a-4fa4-9a30-a9663a8c45fa,CUST_00391,2025-12-26,feature,Is there a way to export data to Excel automatically?,pending,high,7.0
b7ebdf92-3ed8-41c9-9ce2-f004ed2b896f,CUST_00391,2026-04-23,technical,"I cannot log in to my account, password reset is not working.",resolved,low,1.0
50f60d56-8180-4b62-9f64-e840133bdd25,CUST_00391,2025-09-23,billing,"My invoice shows the wrong amount, please help.",open,high,13.0
26c1e8dd-ff14-4912-a8fd-2994ca94d851,CUST_00391,2025-12-04,feature,Please add a dark mode to the dashboard.,open,low,12.0
183b6bb2-97bd-4320-9d8b-082c81a3c41d,CUST_00392,2026-03-02,billing,I was charged twice this month and need a refund immediately.,pending,high,
2dc4d02a-89ad-478c-a4db-21bcd8db2c44,CUST_00392,2026-02-19,billing,"My invoice shows the wrong amount, please help.",open,low,1.0
71b378ab-326b-4c64-83bd-4d1651e06210,CUST_00392,2026-03-05,account,How do I export all my data before cancelling?,pending,high,14.0
16455f03-c5d9-425d-a5d5-d53e46a56a46,CUST_00392,2026-03-04,account,I need to update my business address and tax ID.,resolved,medium,13.0
5c02d3a9-50a9-42d4-ab5d-7deebe373759,CUST_00392,2026-01-23,feature,Please add a dark mode to the dashboard.,resolved,high,2.0
a587e7ab-b9b8-445a-9634-6c0475494b0c,CUST_00392,2026-04-12,technical,Reports are not loading and just show a blank screen.,resolved,high,4.0
03224b38-d80e-4cbb-97aa-f91976471d89,CUST_00392,2026-05-10,account,How do I add a second user to my account?,open,high,6.0
a63e2afe-281f-41a1-802a-f477c86d4166,CUST_00394,2026-01-09,feature,Please add a dark mode to the dashboard.,pending,low,
0f914b00-340f-452a-8bba-9d4f0e4acbc6,CUST_00394,2025-02-21,billing,I was charged twice this month and need a refund immediately.,pending,low,6.0
ea068e89-bc31-455e-b7c1-c8c5745af157,CUST_00394,2025-11-14,technical,"I cannot log in to my account, password reset is not working.",resolved,low,13.0
ebffd0cd-a25c-4419-9fd3-e21f97c3ea29,CUST_00394,2025-02-15,technical,"I cannot log in to my account, password reset is not working.",open,low,11.0
2975e8e4-820c-4392-8e72-d5b01863a66f,CUST_00396,2024-09-03,technical,"I cannot log in to my account, password reset is not working.",resolved,medium,2.0
c7e99c57-075a-43f1-9c90-eceda7f3416f,CUST_00398,2026-02-21,feature,Please add a dark mode to the dashboard.,open,high,10.0
5fbc02d6-348c-4337-b979-c93d6a39226f,CUST_00398,2026-03-10,account,Can I downgrade my plan and keep my data?,resolved,high,3.0
37331d10-3ed5-4b1d-a767-a20631632989,CUST_00398,2026-03-27,feature,Please add a dark mode to the dashboard.,pending,medium,11.0
e6046978-8786-43f3-b2dc-cf21b534bad9,CUST_00398,2026-01-21,technical,My bank connection keeps disconnecting every few days.,resolved,medium,1.0
697b0df1-5f6d-4b42-ba55-db4b6425dda6,CUST_00399,2025-07-02,account,Can I downgrade my plan and keep my data?,open,low,1.0
74434487-542e-4ae2-8b85-c1050ac61999,CUST_00399,2025-08-26,technical,"I cannot log in to my account, password reset is not working.",resolved,medium,
947449a4-7cd4-4479-9a0f-fe985b63f25f,CUST_00400,2025-12-21,account,Can I downgrade my plan and keep my data?,pending,medium,10.0
b9b0a9f4-18ce-45e1-bfbf-883ae053af29,CUST_00400,2026-01-31,billing,"My invoice shows the wrong amount, please help.",resolved,low,7.0
37852286-e31f-46f4-9e1e-2fa0c8b9ed45,CUST_00400,2025-10-31,billing,I was charged twice this month and need a refund immediately.,open,medium,13.0
2100dba5-d859-4087-94cf-31c3d6c91a03,CUST_00401,2026-02-06,billing,"My invoice shows the wrong amount, please help.",open,low,13.0
bf162854-f246-4496-94a2-806fcb255204,CUST_00401,2026-04-08,feature,I need the ability to set recurring transactions.,pending,low,7.0
2273054a-3aaa-451e-85ff-7e4db4cda072,CUST_00401,2026-01-23,feature,Is there a way to export data to Excel automatically?,open,medium,2.0
d5529523-0390-4419-80c2-9a2da9558796,CUST_00401,2026-04-18,feature,I need the ability to set recurring transactions.,resolved,medium,10.0
3c49dec1-77d4-4f7b-997d-c074ad6ee172,CUST_00403,2025-11-17,billing,I was charged twice this month and need a refund immediately.,pending,low,12.0
f35c4197-39e9-4168-a4b0-a12bda2b7290,CUST_00403,2026-05-06,technical,The app crashes every time I try to run payroll.,pending,low,
dced9597-1009-44b7-9388-57d4941644b4,CUST_00403,2024-12-19,feature,Is there a way to export data to Excel automatically?,resolved,high,12.0
b83fee80-4b76-4c7c-9df0-974266b22e94,CUST_00403,2024-08-05,billing,I was charged twice this month and need a refund immediately.,resolved,medium,
59d1678e-4e5d-4fb1-a5e0-1cd2b09428a8,CUST_00403,2025-07-06,account,How do I export all my data before cancelling?,open,low,
da68869e-c4de-43c0-ba62-88ec552fbfe5,CUST_00403,2025-07-15,feature,Can you add support for multiple currencies?,resolved,low,
c81a998a-39f4-4ee3-8743-62bf257c0dac,CUST_00403,2024-07-19,feature,Can you add support for multiple currencies?,open,low,6.0
e4885f0d-3743-45e0-8fcf-ea11342be246,CUST_00403,2025-03-09,account,I need to update my business address and tax ID.,resolved,high,9.0
acf5ebcb-8cbd-4cdd-a468-2013044ed1ff,CUST_00404,2025-12-01,technical,My bank connection keeps disconnecting every few days.,open,high,9.0
c545470c-1cbf-414d-8a99-5c0155ba1a17,CUST_00405,2026-03-23,billing,I cancelled but was still billed. Please reverse this charge.,open,medium,12.0
c9d21903-01b1-4417-ad53-6c8586045b3c,CUST_00405,2026-04-27,technical,My bank connection keeps disconnecting every few days.,open,medium,12.0
02b206ff-c7cc-4453-b72f-653d16257a04,CUST_00405,2026-02-19,account,I need to update my business address and tax ID.,pending,high,3.0
c5225bdd-5612-4a1e-989e-1b292dea64e9,CUST_00407,2026-05-04,billing,Why did my subscription price increase without notice?,resolved,medium,11.0
5129beb3-6126-4b73-ab67-6a224713b21d,CUST_00407,2025-06-10,account,How do I export all my data before cancelling?,pending,low,
0d8065eb-e504-49d4-a8d3-cf06f4e1f164,CUST_00407,2026-04-04,billing,I was charged twice this month and need a refund immediately.,pending,high,8.0
31d9c6ed-8404-49b0-8962-a24cf67bab23,CUST_00407,2025-03-22,technical,Reports are not loading and just show a blank screen.,resolved,high,8.0
5326a175-36f5-4ed4-a71e-ff22ea94313b,CUST_00407,2026-04-30,account,Can I downgrade my plan and keep my data?,open,high,
a6ebe6f5-f38a-4d7e-9ae4-adc243bde9f1,CUST_00407,2024-12-08,technical,The app crashes every time I try to run payroll.,open,high,
c7f40ecb-3697-44e1-abf8-32e52e784fcc,CUST_00407,2025-09-03,account,How do I add a second user to my account?,open,high,13.0
ba41bdc7-d38a-447b-b14a-efe9556dee78,CUST_00408,2026-03-21,billing,I cancelled but was still billed. Please reverse this charge.,open,medium,
e5061ee5-f3ff-4f95-9c4a-f0a2b1c40e74,CUST_00408,2026-02-05,feature,Please add a dark mode to the dashboard.,resolved,high,11.0
4ead0160-de84-4f1e-a07e-6ec6f5b2be38,CUST_00408,2025-10-01,account,How do I add a second user to my account?,open,medium,4.0
88d74933-1dfc-4a9a-a60c-3eb4cacc6f44,CUST_00408,2026-02-01,account,How do I export all my data before cancelling?,pending,high,5.0
8779f356-0b22-4f2e-afa9-fbd880038e83,CUST_00408,2025-10-27,feature,Please add a dark mode to the dashboard.,open,high,
6ddefd5a-8ba8-4fd7-8903-6e77ab084756,CUST_00409,2026-04-21,technical,The app crashes every time I try to run payroll.,resolved,high,9.0
2745214c-ed20-4b0a-8814-2f398a37d16c,CUST_00409,2025-09-17,feature,Can you add support for multiple currencies?,resolved,medium,
ae2fb813-eaa3-4a2f-ba24-bd9473645e3f,CUST_00409,2024-12-03,feature,Can you add support for multiple currencies?,pending,high,
00d9d7ca-b327-4355-81d7-9e705e8b5cfa,CUST_00409,2025-05-03,billing,"My invoice shows the wrong amount, please help.",open,low,8.0
a54a572a-c1d4-43fd-b1f9-1f352c2662e7,CUST_00409,2026-01-24,feature,Please add a dark mode to the dashboard.,pending,high,8.0
9cdf0176-b27e-4738-94a8-c9aa03d61518,CUST_00412,2025-02-10,account,Can I downgrade my plan and keep my data?,open,high,3.0
3c1b07ff-d61d-4b1b-ad28-9cdaba0b52dd,CUST_00412,2025-12-07,feature,Is there a way to export data to Excel automatically?,open,low,12.0
48202156-8a29-4350-901d-d4e6268cb95e,CUST_00414,2026-01-06,feature,I need the ability to set recurring transactions.,open,low,14.0
9204863f-cab4-416a-9a4d-c225dda54b4e,CUST_00415,2026-03-20,feature,Is there a way to export data to Excel automatically?,resolved,high,14.0
bd3f82aa-772e-4a08-a511-e5db182279d8,CUST_00415,2026-04-20,technical,Reports are not loading and just show a blank screen.,open,medium,7.0
5d686772-5e30-41bb-aead-9cfe52224d38,CUST_00415,2026-02-14,technical,Reports are not loading and just show a blank screen.,pending,low,9.0
adcc09a3-68c5-47f3-a002-529c8e7a59ca,CUST_00415,2025-12-31,feature,Can you add support for multiple currencies?,pending,high,9.0
3be696e2-5d03-4860-98c4-407126a64aef,CUST_00416,2025-11-30,technical,The app crashes every time I try to run payroll.,open,high,14.0
cf973080-5645-4548-91a3-e7de18609405,CUST_00416,2025-08-08,billing,I was charged twice this month and need a refund immediately.,pending,high,3.0
d429b927-0a06-48a1-98d7-78db097fa2c4,CUST_00416,2025-09-26,account,How do I export all my data before cancelling?,pending,medium,1.0
8e01a31e-487b-4cba-8637-e6b1a2927776,CUST_00417,2025-05-25,account,Can I downgrade my plan and keep my data?,open,medium,6.0
d31939c9-df4f-488d-9010-a4773d891ad8,CUST_00417,2026-02-21,technical,"I cannot log in to my account, password reset is not working.",open,high,
63ffe2e8-0547-4246-ae30-8509591c3fd4,CUST_00417,2025-08-03,feature,Please add a dark mode to the dashboard.,pending,high,8.0
adf0808b-317e-46e8-bcad-850a3c67b6dc,CUST_00417,2025-09-04,billing,I was charged twice this month and need a refund immediately.,pending,high,2.0
15b0262a-6062-40f1-9ad6-56b7f8c221b9,CUST_00418,2026-04-12,technical,My bank connection keeps disconnecting every few days.,open,low,6.0
ed94d702-2b62-4249-a32a-636449edc479,CUST_00418,2026-03-11,feature,Can you add support for multiple currencies?,resolved,high,
8aa7f46d-a877-4e8d-bafb-105096196d68,CUST_00418,2026-03-01,technical,My bank connection keeps disconnecting every few days.,open,high,12.0
8f3b2166-9b87-4be4-9ade-58059ba904e2,CUST_00418,2026-04-19,billing,"My invoice shows the wrong amount, please help.",pending,high,3.0
a8443327-4155-4f5e-a3db-53d792081a18,CUST_00418,2026-03-08,account,How do I add a second user to my account?,pending,medium,7.0
a8005722-4a7d-4be8-a38d-69a7334552e8,CUST_00418,2026-04-18,billing,I was charged twice this month and need a refund immediately.,resolved,medium,5.0
778648f9-37b2-4aa2-8723-147d53ce9499,CUST_00418,2026-03-25,billing,I cancelled but was still billed. Please reverse this charge.,resolved,high,
eb8bfb44-4d79-4625-9355-f8baf7ad8b74,CUST_00419,2025-11-07,billing,I cancelled but was still billed. Please reverse this charge.,resolved,low,
654ff750-dfc6-4e63-beca-484a105e729f,CUST_00419,2026-03-30,account,How do I export all my data before cancelling?,open,high,14.0
4afe4149-7c7e-4af5-907e-9405cb39f89c,CUST_00419,2025-12-17,account,Can I downgrade my plan and keep my data?,pending,medium,1.0
ed650863-0194-409d-97c5-626ea75e6c64,CUST_00420,2025-01-24,feature,Is there a way to export data to Excel automatically?,open,medium,9.0
8bad3640-2d8e-40af-9060-6a45c2ce8988,CUST_00420,2026-04-03,feature,Is there a way to export data to Excel automatically?,open,medium,8.0
7a92b288-fe6c-4a2f-9d8b-c11a5290ae54,CUST_00421,2025-10-17,technical,"I cannot log in to my account, password reset is not working.",pending,medium,14.0
646af784-b4db-4388-9194-c397b6320c17,CUST_00422,2025-07-17,billing,I cancelled but was still billed. Please reverse this charge.,resolved,low,8.0
beefdfdf-3a73-4119-8425-ba5ec23a6e22,CUST_00422,2026-04-08,feature,I need the ability to set recurring transactions.,pending,high,9.0
e635cc5f-13df-4de5-b143-44fdb81f53db,CUST_00423,2026-03-18,account,Can I downgrade my plan and keep my data?,open,high,7.0
d414f79d-9e59-42e3-930e-ff1d1844b24f,CUST_00423,2025-07-29,feature,I need the ability to set recurring transactions.,resolved,low,
95492bf1-e781-4076-858b-e3ab7b57eea0,CUST_00423,2025-09-14,account,How do I add a second user to my account?,open,high,14.0
7bd21fcd-fd1f-49ae-ad91-a0b172e615ba,CUST_00424,2025-08-25,account,I need to update my business address and tax ID.,pending,high,9.0
48d8b339-ff4e-4bf7-8c98-23123e28ab90,CUST_00424,2025-07-02,billing,Why did my subscription price increase without notice?,open,high,6.0
3262bc4a-29e1-47ff-8059-676f3bf4a104,CUST_00426,2025-12-20,billing,"My invoice shows the wrong amount, please help.",open,medium,2.0
1b3835e7-62d0-4843-adfc-f78e28a4d9fd,CUST_00426,2026-04-13,feature,I need the ability to set recurring transactions.,resolved,high,12.0
419679b7-32ef-42ff-98f9-93a501c57b45,CUST_00426,2026-04-28,feature,I need the ability to set recurring transactions.,pending,medium,4.0
28839da9-6dd5-4491-abd0-8b9fe94359e5,CUST_00427,2026-03-19,billing,"My invoice shows the wrong amount, please help.",pending,high,
0b62cf62-c6e2-495e-b9b6-e9d17482d8ef,CUST_00429,2026-05-11,billing,I was charged twice this month and need a refund immediately.,pending,high,8.0
4e27909d-16f6-482e-823c-baf2b705eca3,CUST_00429,2026-04-17,billing,I was charged twice this month and need a refund immediately.,resolved,medium,9.0
b149c12a-214c-4e1f-91e1-eda5fad181b5,CUST_00430,2026-02-06,account,Can I downgrade my plan and keep my data?,pending,low,2.0
7fed147a-01d5-4c83-ad11-78de4e241c20,CUST_00430,2026-03-18,account,I need to update my business address and tax ID.,resolved,medium,9.0
1c366565-ea8a-4ef3-b706-4a1ffc375f96,CUST_00430,2025-10-17,account,How do I export all my data before cancelling?,pending,high,13.0
142b7e67-ee99-45e5-8661-9db260d0d7dd,CUST_00431,2026-02-20,feature,Can you add support for multiple currencies?,open,low,9.0
8a4cc3b5-535c-480a-9d36-36e9c3ff80d1,CUST_00431,2026-03-04,account,I need to update my business address and tax ID.,pending,low,14.0
c97a09ad-f856-4a18-bcd6-42833cf6ab20,CUST_00433,2025-07-15,feature,I need the ability to set recurring transactions.,resolved,low,
bcd93e44-de98-4e7f-8972-bb36c7904265,CUST_00433,2026-04-08,account,How do I add a second user to my account?,resolved,high,3.0
56429254-ba5c-4f66-a816-fe2dd82ecb36,CUST_00433,2026-05-10,feature,I need the ability to set recurring transactions.,resolved,low,
7fe50293-25b8-4e83-b036-834e8eb066f8,CUST_00434,2026-02-08,feature,Is there a way to export data to Excel automatically?,open,medium,
31c12810-a27c-44cf-8cad-b47f0b56d550,CUST_00434,2025-10-20,feature,I need the ability to set recurring transactions.,pending,medium,
42e8d8d0-2f38-4ff6-9a2c-47dc33d55f61,CUST_00436,2026-04-04,account,How do I add a second user to my account?,resolved,low,7.0
2ab7b640-5176-434a-8461-052c71d8e401,CUST_00436,2026-03-20,technical,"I cannot log in to my account, password reset is not working.",pending,low,11.0
43022439-6e5f-40d0-8c1f-7bfc3ae47f87,CUST_00437,2025-12-21,technical,My bank connection keeps disconnecting every few days.,resolved,high,9.0
d2c7a8ef-c16f-42f5-81dd-47c19e91d144,CUST_00437,2026-04-03,account,How do I export all my data before cancelling?,open,low,1.0
b4c069d7-7642-425a-87ae-ea9b6ba3e516,CUST_00437,2026-02-21,technical,"I cannot log in to my account, password reset is not working.",pending,medium,7.0
7b7f836d-2ef6-4e40-b986-2a88c35c5888,CUST_00437,2026-01-30,feature,Is there a way to export data to Excel automatically?,resolved,low,7.0
d82b0794-07c9-4528-9f0e-e4ff52b1548f,CUST_00437,2026-01-15,technical,Reports are not loading and just show a blank screen.,pending,high,8.0
96b83cb7-eb07-430e-8501-da67db2df133,CUST_00439,2026-02-05,account,How do I export all my data before cancelling?,resolved,low,9.0
480f3fe6-a5df-4b0f-baa0-ef8b9a4979fa,CUST_00439,2026-02-28,billing,"My invoice shows the wrong amount, please help.",open,medium,5.0
d09f05ba-1236-4b1c-90fe-4fda83341c6a,CUST_00439,2026-03-26,billing,"My invoice shows the wrong amount, please help.",resolved,high,4.0
29d3a018-6ea1-4e6a-a8de-40ba04f0af7e,CUST_00439,2026-03-05,account,I need to update my business address and tax ID.,pending,low,
ace24052-b50c-4fb7-9275-6aa112456d49,CUST_00440,2025-12-25,billing,"My invoice shows the wrong amount, please help.",resolved,low,2.0
d18584a2-b30e-4db5-9d45-7a2704b8d97a,CUST_00441,2026-03-13,feature,I need the ability to set recurring transactions.,open,medium,2.0
f6e4724c-01a1-4cf6-b5e6-bffc84966d04,CUST_00441,2026-04-22,feature,Is there a way to export data to Excel automatically?,resolved,low,6.0
3fb29e4e-4f1f-4836-a939-3b137cc9346f,CUST_00442,2024-09-09,billing,I cancelled but was still billed. Please reverse this charge.,open,low,10.0
c2fde8bd-c391-49b2-bfb5-06849547c09f,CUST_00443,2025-10-05,account,Can I downgrade my plan and keep my data?,resolved,high,7.0
5de475a4-7d3f-4e1e-a02f-e2b8d94c84d0,CUST_00443,2025-09-05,feature,I need the ability to set recurring transactions.,resolved,low,
2170e3ff-0c38-402f-b1fc-d56a2c354f87,CUST_00445,2025-10-24,technical,The app crashes every time I try to run payroll.,pending,high,2.0
cabea892-866d-4ecf-8ef3-11d06d63fca0,CUST_00445,2025-05-31,account,Can I downgrade my plan and keep my data?,pending,medium,5.0
8d47d120-c73a-44b8-8d9d-5184fca05503,CUST_00446,2026-05-09,technical,The app crashes every time I try to run payroll.,resolved,medium,10.0
7b18ea03-16d4-4cab-a589-d82da12916eb,CUST_00446,2026-02-17,account,How do I add a second user to my account?,resolved,medium,14.0
9743e5d0-501a-408b-ae07-35da29a07c7e,CUST_00446,2026-02-08,technical,My bank connection keeps disconnecting every few days.,pending,medium,
38d71b1d-9636-4c7b-ad55-beec0feb0245,CUST_00447,2025-04-18,account,How do I export all my data before cancelling?,open,low,
43ead194-90a7-4353-aad3-88d8e59fe8b5,CUST_00447,2026-02-03,billing,"My invoice shows the wrong amount, please help.",resolved,high,3.0
8856d026-5f2f-44e9-903f-4fac2e1f7b43,CUST_00448,2024-10-05,billing,Why did my subscription price increase without notice?,resolved,high,
5b2fd04d-e32a-4808-93af-33052c6ae2dc,CUST_00449,2024-12-29,feature,Please add a dark mode to the dashboard.,pending,low,8.0
e5795bfb-cb88-4d57-b012-9a4af55cbd5a,CUST_00450,2025-08-23,technical,The app crashes every time I try to run payroll.,pending,low,10.0
28ac727a-e9f0-46c1-9a26-c55fbbe94989,CUST_00450,2026-01-25,account,I need to update my business address and tax ID.,open,high,11.0
5b9a082d-7819-4107-8060-356964335b41,CUST_00450,2026-03-18,account,Can I downgrade my plan and keep my data?,resolved,high,4.0
9322e166-09f6-4413-af96-14b0023a6410,CUST_00450,2026-02-23,billing,"My invoice shows the wrong amount, please help.",pending,medium,12.0
6555e306-8809-411e-8606-169ed8b56b13,CUST_00451,2025-12-05,technical,The app crashes every time I try to run payroll.,resolved,high,11.0
bed42e3c-0677-409d-a6fb-429c4531331d,CUST_00451,2025-08-09,billing,I cancelled but was still billed. Please reverse this charge.,resolved,high,1.0
68e312ed-e9b6-4e40-9847-76c4c8c08c5b,CUST_00451,2025-08-18,technical,My bank connection keeps disconnecting every few days.,open,low,4.0
5af30f1e-44d0-4fbc-a987-4201c55a2db4,CUST_00451,2026-04-16,billing,"My invoice shows the wrong amount, please help.",open,medium,
869840f4-7535-4d0d-882b-f032f46f33ac,CUST_00451,2025-03-08,billing,"My invoice shows the wrong amount, please help.",resolved,high,4.0
893858ed-b58f-4d5c-a0df-5efdd0417371,CUST_00451,2025-11-04,feature,Please add a dark mode to the dashboard.,resolved,low,3.0
0eaa29dc-3678-4854-b750-037332336240,CUST_00451,2026-04-10,billing,I cancelled but was still billed. Please reverse this charge.,open,high,3.0
c4cb0a99-025b-4756-a4de-435eac8629ca,CUST_00452,2025-10-04,account,How do I add a second user to my account?,resolved,high,2.0
3ece6f14-9751-4af0-806f-8c7f6d780c77,CUST_00453,2026-04-09,billing,"My invoice shows the wrong amount, please help.",resolved,medium,2.0
02beb5aa-9c5e-4858-b9d3-490591a357a4,CUST_00453,2026-03-04,billing,Why did my subscription price increase without notice?,open,low,12.0
82294645-0bad-4e17-b3a9-59048a37cdf4,CUST_00454,2025-11-02,account,I need to update my business address and tax ID.,open,low,8.0
36df942c-8919-4358-a7ad-4ee05b572b29,CUST_00454,2025-10-04,feature,Can you add support for multiple currencies?,open,medium,10.0
b532834e-7be8-47bc-bf00-665c2ca7a249,CUST_00454,2024-08-13,feature,Please add a dark mode to the dashboard.,open,high,11.0
9e35007a-f457-4336-966c-07f7a89463a7,CUST_00457,2025-04-14,account,How do I export all my data before cancelling?,resolved,low,4.0
c44e180e-60c8-4082-a002-d14825d29ab6,CUST_00457,2025-04-07,feature,I need the ability to set recurring transactions.,pending,high,12.0
743f76c1-2651-46eb-8b18-b220f0f1d22e,CUST_00457,2026-04-19,account,How do I add a second user to my account?,resolved,low,
4a70fcf8-c592-4b1e-9767-4d17b8efbf65,CUST_00457,2025-05-31,billing,"My invoice shows the wrong amount, please help.",pending,low,14.0
bbbe391c-dafd-4ed1-9c02-e3fcd14c0853,CUST_00458,2026-05-05,account,Can I downgrade my plan and keep my data?,pending,low,11.0
057e9170-6f41-4006-bc61-601a3ee4cd39,CUST_00458,2026-04-19,account,How do I add a second user to my account?,open,medium,9.0
29247266-3a27-4ce5-9b0f-a0f3d2101f1b,CUST_00458,2026-04-25,account,How do I add a second user to my account?,open,high,
706b4ec5-a588-48ce-9def-074ee3232751,CUST_00459,2026-02-11,account,How do I add a second user to my account?,resolved,high,14.0
11e124fe-0f3b-4659-a026-6be157ade72b,CUST_00460,2026-04-03,feature,Can you add support for multiple currencies?,pending,low,
987e1a3a-9a1f-4251-8ef4-e47983f99cb4,CUST_00460,2026-04-05,account,Can I downgrade my plan and keep my data?,pending,low,5.0
d2ae5d0c-9800-49cc-a6cc-31393ca44529,CUST_00460,2026-05-03,feature,Please add a dark mode to the dashboard.,open,medium,4.0
707c6966-ca79-46a8-be00-131a21d5af75,CUST_00461,2025-12-08,feature,Is there a way to export data to Excel automatically?,open,low,8.0
97af87d5-996c-4352-aee7-73978da5299b,CUST_00461,2025-11-25,account,How do I export all my data before cancelling?,pending,high,
3852ef22-46f6-4eca-9e4c-bd5de319fe4b,CUST_00462,2026-04-26,feature,Can you add support for multiple currencies?,pending,high,9.0
00a5d75d-dc2a-4be7-884f-c15154d62b0e,CUST_00462,2026-04-28,billing,Why did my subscription price increase without notice?,resolved,high,6.0
6fc179b5-9393-4cd3-9e31-4c0b77c43f93,CUST_00462,2026-05-06,billing,Why did my subscription price increase without notice?,pending,low,
9573aea9-f912-4a2a-96a0-3c051c5d7145,CUST_00462,2026-04-12,account,I need to update my business address and tax ID.,resolved,high,11.0
90ba7ff1-acbc-461d-9210-4bba198b4d25,CUST_00462,2026-05-01,billing,I cancelled but was still billed. Please reverse this charge.,open,low,10.0
8380d04b-2487-4a86-bd96-dd3fa8664340,CUST_00462,2026-04-02,account,I need to update my business address and tax ID.,pending,low,
9c96c744-9e4b-4ff0-b0ed-346d5d5a08cc,CUST_00463,2025-10-05,technical,My bank connection keeps disconnecting every few days.,open,medium,8.0
2cbc3436-479a-45be-8e01-db5c84327f44,CUST_00463,2025-07-17,feature,Is there a way to export data to Excel automatically?,resolved,medium,4.0
7c4c4098-86a6-4bc1-b64c-5fb062a2173e,CUST_00463,2025-08-14,feature,Can you add support for multiple currencies?,resolved,low,14.0
d91fcab6-bd6f-4296-8856-b4fcdc9e7ab5,CUST_00465,2024-10-13,feature,Can you add support for multiple currencies?,open,medium,5.0
85238431-58e0-444a-bf81-b6fd43fc96ba,CUST_00466,2025-09-27,account,I need to update my business address and tax ID.,open,low,
4de7a94c-80af-443a-8e87-6670a6c1fc8e,CUST_00466,2026-02-24,technical,Reports are not loading and just show a blank screen.,pending,high,5.0
ce2295fb-1ff0-4f17-93ca-7eafb30cd06b,CUST_00467,2026-03-26,feature,Is there a way to export data to Excel automatically?,pending,medium,3.0
9a2cfb68-ab56-46b9-bbf4-ef2f065a8604,CUST_00467,2026-04-17,feature,Can you add support for multiple currencies?,pending,low,9.0
c665f068-0584-4bc5-bea4-33dc04ab9f15,CUST_00467,2025-11-27,account,Can I downgrade my plan and keep my data?,resolved,high,13.0
06e31c8f-6920-4de2-84a6-2174d3bb34e1,CUST_00467,2026-04-23,billing,"My invoice shows the wrong amount, please help.",open,medium,14.0
3214fc5b-2e4c-4b20-807e-fbd8f827ab8f,CUST_00468,2026-02-24,account,I need to update my business address and tax ID.,open,low,
ad68dd36-5105-476a-91b6-28291b7a95d6,CUST_00468,2026-03-17,account,Can I downgrade my plan and keep my data?,open,low,11.0
bead6af3-3df7-406f-aa7d-8af17b64551b,CUST_00468,2026-03-12,account,Can I downgrade my plan and keep my data?,open,high,1.0
8691a374-cbff-4884-a525-2b6896232058,CUST_00469,2025-11-10,technical,"I cannot log in to my account, password reset is not working.",resolved,high,5.0
e87b0444-05b3-4183-9594-b51bf7ee9f10,CUST_00469,2025-08-17,billing,Why did my subscription price increase without notice?,resolved,high,
a159c2f7-25e2-41af-a79a-1d6a6470f4cc,CUST_00470,2025-12-22,billing,I cancelled but was still billed. Please reverse this charge.,pending,medium,8.0
7d04d801-7401-49b6-8a4f-cf158f1f72b0,CUST_00470,2026-02-18,billing,Why did my subscription price increase without notice?,pending,high,3.0
c061d10d-5078-4aea-bca8-cf1163fc34fd,CUST_00470,2026-03-18,technical,My bank connection keeps disconnecting every few days.,resolved,medium,9.0
fe987a92-1239-40ab-beaa-b3fbb83981ee,CUST_00470,2025-09-13,billing,I was charged twice this month and need a refund immediately.,pending,medium,3.0
5e75b588-a270-4ed3-a07e-bd9412d5b7d4,CUST_00471,2026-02-12,feature,Please add a dark mode to the dashboard.,pending,low,13.0
ba8b3717-deb8-4640-92a5-45f9ef35e169,CUST_00471,2026-04-04,technical,"I cannot log in to my account, password reset is not working.",pending,high,6.0
308a71af-5bb3-438f-b60f-ff7c2e3ed791,CUST_00472,2026-01-07,technical,"I cannot log in to my account, password reset is not working.",pending,medium,9.0
0b8edc71-b62e-479c-a10a-83d07131db5b,CUST_00472,2026-04-14,account,How do I export all my data before cancelling?,open,high,12.0
d3e8fb6e-d07b-45c4-9379-3f76b236ab44,CUST_00472,2024-12-11,technical,"I cannot log in to my account, password reset is not working.",resolved,high,7.0
3be1b02c-a86f-4912-97aa-0208ed0b0f38,CUST_00472,2025-01-06,feature,I need the ability to set recurring transactions.,pending,high,1.0
188ee136-aecb-4ced-9aa5-4ad6c46bf6c9,CUST_00472,2025-11-29,technical,My bank connection keeps disconnecting every few days.,pending,high,7.0
0af3c9a5-268a-4e3c-91f2-a855b14049d4,CUST_00473,2025-10-18,account,How do I add a second user to my account?,open,high,14.0
7f610fa2-6b0e-47e6-9611-5587382ba174,CUST_00473,2025-09-19,billing,I was charged twice this month and need a refund immediately.,open,high,3.0
7128d9c0-0cf0-490f-8aaf-6f565215959e,CUST_00473,2026-03-11,account,How do I add a second user to my account?,open,low,5.0
5e868629-8027-4279-b8b9-0d088da58824,CUST_00473,2025-11-24,billing,I cancelled but was still billed. Please reverse this charge.,open,high,13.0
d4487c86-fd27-43d6-b2aa-20bff418cc6d,CUST_00474,2025-08-18,account,How do I add a second user to my account?,open,high,
dfca803d-d5c8-480e-9752-92be1f5d41a4,CUST_00475,2026-03-16,technical,My bank connection keeps disconnecting every few days.,open,high,
2573d1e2-cffc-4fc7-9a07-570ff8343c85,CUST_00475,2025-11-27,technical,Reports are not loading and just show a blank screen.,open,low,2.0
69424a7a-1ce5-4e4a-a295-eaaad368587d,CUST_00475,2026-03-11,account,Can I downgrade my plan and keep my data?,pending,low,6.0
bec8cd0e-61d9-4848-bbb8-813a26f05aa5,CUST_00475,2026-04-23,billing,I was charged twice this month and need a refund immediately.,open,medium,10.0
4fc664e3-605b-441c-a0a9-acbad472930b,CUST_00475,2025-10-19,account,How do I export all my data before cancelling?,resolved,medium,12.0
40e42178-7cdc-48a6-bc07-d72a6b567ef8,CUST_00475,2025-07-11,technical,The app crashes every time I try to run payroll.,open,high,8.0
dc02ff01-20dc-46e8-ba2f-b49c3b94bcb2,CUST_00476,2025-09-27,feature,Is there a way to export data to Excel automatically?,resolved,low,5.0
484f62fd-4d61-4617-a504-1dd1110a4729,CUST_00476,2026-01-01,technical,Reports are not loading and just show a blank screen.,pending,medium,2.0
7d0291c9-7f1d-4cfe-bb75-3db559a3093f,CUST_00476,2025-11-25,account,How do I export all my data before cancelling?,resolved,high,8.0
dfc67bab-0c4c-4f0e-8069-d61f36b2eeca,CUST_00476,2026-04-22,feature,I need the ability to set recurring transactions.,open,high,5.0
e101862a-3652-43aa-b57b-13d658eb2a7e,CUST_00476,2025-11-07,account,I need to update my business address and tax ID.,pending,high,13.0
c3173c81-3c0f-4817-ab70-9b9967dbe2c3,CUST_00476,2026-01-30,technical,My bank connection keeps disconnecting every few days.,open,medium,5.0
daf47dd0-4783-4de6-ba47-c8691a146ef5,CUST_00476,2025-12-29,feature,Please add a dark mode to the dashboard.,pending,high,2.0
7c427a35-47de-43df-899d-f030ec5c9c18,CUST_00476,2026-05-04,feature,I need the ability to set recurring transactions.,open,high,1.0
375d28bf-f41c-412e-ae98-56458b48a958,CUST_00478,2026-03-27,technical,The app crashes every time I try to run payroll.,pending,low,
d18a8237-7ee0-421c-a3d4-fc14265ac30c,CUST_00478,2026-03-26,feature,Is there a way to export data to Excel automatically?,resolved,medium,1.0
996ceda4-4b47-409e-9328-8047643fe55f,CUST_00478,2025-12-29,technical,My bank connection keeps disconnecting every few days.,pending,high,13.0
7e6d8dfc-5572-4261-bbe8-22dab3b82c64,CUST_00478,2025-03-27,feature,I need the ability to set recurring transactions.,pending,high,
28cdfb9d-1f78-41ac-92bf-765bf9427aad,CUST_00479,2025-12-05,technical,The app crashes every time I try to run payroll.,pending,low,6.0
8393a81d-1645-478a-8a26-b5db5ad6f16e,CUST_00480,2026-04-09,account,How do I export all my data before cancelling?,open,medium,6.0
8dafdab1-6301-4b7a-b37a-f9159bab080c,CUST_00480,2026-04-06,feature,Is there a way to export data to Excel automatically?,resolved,medium,5.0
aed261b5-2d32-47ef-9451-1d3a0d1a096b,CUST_00481,2025-10-15,billing,I cancelled but was still billed. Please reverse this charge.,resolved,low,3.0
0fa12714-a5f6-4ff1-a21a-40e965bf8f5c,CUST_00482,2026-03-14,technical,My bank connection keeps disconnecting every few days.,open,low,11.0
aea6677b-afe7-4764-8534-c20ff0ff70c5,CUST_00482,2026-03-24,technical,"I cannot log in to my account, password reset is not working.",resolved,medium,4.0
38141e33-a149-4b33-8f88-54f45d702341,CUST_00483,2024-08-07,account,Can I downgrade my plan and keep my data?,resolved,high,
b6a19b3c-1304-4921-af83-570e57ed0d2c,CUST_00483,2026-01-01,technical,Reports are not loading and just show a blank screen.,open,medium,8.0
b3ab26e5-174f-47d6-ad71-34f5edaef589,CUST_00483,2026-01-22,technical,"I cannot log in to my account, password reset is not working.",resolved,low,
d95e9044-7bc3-457a-a1ef-3c0cc3ecef0d,CUST_00484,2026-01-11,feature,I need the ability to set recurring transactions.,resolved,medium,
6b98dcc3-2bf4-4cae-b510-5f99cba89ea7,CUST_00484,2025-07-18,account,How do I export all my data before cancelling?,pending,medium,6.0
76085b0d-257a-4077-8e45-9d6c8eeb9aaa,CUST_00484,2025-06-20,technical,The app crashes every time I try to run payroll.,resolved,low,12.0
d418515b-fc26-490b-9b74-16c482e7c43f,CUST_00484,2025-06-11,technical,The app crashes every time I try to run payroll.,pending,high,
20d8b21c-77ad-49e3-8796-4d95ac88a3b1,CUST_00484,2025-06-01,billing,"My invoice shows the wrong amount, please help.",open,low,9.0
95966d6f-a240-4419-bba8-60974401246b,CUST_00484,2025-10-27,account,How do I export all my data before cancelling?,pending,medium,13.0
fe81146c-c192-4b8e-8d4d-47eb00b9ed86,CUST_00484,2025-07-27,feature,Please add a dark mode to the dashboard.,pending,high,6.0
6e1ac064-fff8-4573-abf5-2619da244647,CUST_00485,2026-01-02,feature,Is there a way to export data to Excel automatically?,resolved,medium,2.0
f36d6d77-39e6-4570-98c3-aa95dd7e5ff2,CUST_00485,2026-05-07,technical,The app crashes every time I try to run payroll.,resolved,low,
c300c142-6e17-4bbd-90d3-a1d9d3c5cf5d,CUST_00485,2026-05-06,feature,Is there a way to export data to Excel automatically?,open,high,14.0
f77b38b9-353e-41b3-9d7b-075bf3276d71,CUST_00486,2026-02-07,technical,The app crashes every time I try to run payroll.,pending,high,7.0
ac2838ee-410c-477e-9d8f-7f74d1423fc1,CUST_00486,2026-01-23,technical,The app crashes every time I try to run payroll.,pending,low,11.0
a8017fab-c1ee-4557-8d9f-8eb6c972e93a,CUST_00487,2025-08-06,technical,"I cannot log in to my account, password reset is not working.",resolved,high,
6f572519-d603-47cf-8811-8299582add29,CUST_00487,2025-06-06,feature,Can you add support for multiple currencies?,open,medium,9.0
eaec615d-f6ca-41d6-82ca-593a264d5782,CUST_00488,2025-03-07,feature,Please add a dark mode to the dashboard.,pending,high,
f4197d23-579a-4b7a-869d-c45cac1077bb,CUST_00488,2026-02-08,technical,"I cannot log in to my account, password reset is not working.",resolved,medium,12.0
3cc87905-1cea-475a-9426-e269a52327e9,CUST_00488,2024-11-01,feature,Is there a way to export data to Excel automatically?,resolved,high,
32e7e73f-ce8a-4764-b693-a88fb0264413,CUST_00488,2024-09-17,billing,Why did my subscription price increase without notice?,pending,high,9.0
0aa4d079-439e-4881-a029-563050df4920,CUST_00489,2026-03-29,feature,Can you add support for multiple currencies?,resolved,medium,10.0
a0a3db42-75d1-4132-b39f-f82e2e2e9682,CUST_00489,2026-03-20,technical,"I cannot log in to my account, password reset is not working.",resolved,low,14.0
a107e3e1-5c58-4fa8-9bda-d43d461306ba,CUST_00490,2025-03-29,feature,Is there a way to export data to Excel automatically?,open,high,4.0
61d5498d-024e-4bfa-b3ac-36c5d1610b55,CUST_00490,2025-06-15,feature,Please add a dark mode to the dashboard.,resolved,medium,13.0
a1dbeba1-0949-48e6-b7d4-cf280d987004,CUST_00490,2026-03-15,billing,"My invoice shows the wrong amount, please help.",open,medium,3.0
98cd5681-82e6-43f2-a7d9-4df2632fa0ee,CUST_00490,2026-04-11,account,How do I export all my data before cancelling?,open,medium,9.0
8849eb55-56a9-44e4-8fbe-2c8aef41b205,CUST_00491,2026-05-02,technical,The app crashes every time I try to run payroll.,open,low,7.0
44c8975b-9fe7-4a19-8adf-33b89d004a41,CUST_00491,2025-05-31,feature,Is there a way to export data to Excel automatically?,resolved,low,13.0
07a6d69c-263c-4faa-be40-ce6a81927c52,CUST_00492,2024-12-24,feature,I need the ability to set recurring transactions.,resolved,low,6.0
4794b2f2-0d3e-4578-99c9-6abf84a7453f,CUST_00492,2026-02-16,account,I need to update my business address and tax ID.,resolved,high,7.0
12d541c1-2422-4571-afae-ea98ba95a557,CUST_00494,2026-05-15,billing,I was charged twice this month and need a refund immediately.,open,high,3.0
c3c71b7a-d51d-4b21-a78a-1501100a262a,CUST_00494,2026-03-25,billing,I was charged twice this month and need a refund immediately.,resolved,low,
0f5a70bb-02b8-4f83-858c-84b29b0e8855,CUST_00494,2026-05-18,account,Can I downgrade my plan and keep my data?,open,high,12.0
11d5247a-1c85-444a-868a-a33a7ec8605d,CUST_00495,2025-12-02,billing,I was charged twice this month and need a refund immediately.,resolved,high,12.0
2f43dfbc-683d-42bc-9748-b5bc6d017320,CUST_00495,2026-05-11,account,How do I add a second user to my account?,open,low,14.0
6fc28dc9-3359-43d8-988e-bc3d5029fb17,CUST_00495,2026-03-08,account,I need to update my business address and tax ID.,resolved,high,2.0
0c4d634d-af6c-4fbf-857a-77fa4e7e2af2,CUST_00496,2025-12-31,feature,Can you add support for multiple currencies?,open,high,10.0
62d358cf-807d-42f0-b4df-5a2d83dfbe43,CUST_00496,2026-03-02,feature,Please add a dark mode to the dashboard.,resolved,low,5.0
e94648c3-58c4-40fb-b8c5-b82a5e8bead6,CUST_00497,2025-03-18,technical,"I cannot log in to my account, password reset is not working.",open,low,1.0
868ff45b-ba60-4542-aeb7-b95311403905,CUST_00497,2026-02-06,account,Can I downgrade my plan and keep my data?,pending,low,6.0
e321c334-8f3d-482e-bff1-605e6bcfa69b,CUST_00498,2025-08-09,technical,Reports are not loading and just show a blank screen.,pending,high,14.0
2edba78a-2c61-4f16-9499-994692a70a33,CUST_00498,2025-12-05,feature,Is there a way to export data to Excel automatically?,resolved,low,10.0
31bd5a3b-ae2d-457d-9582-27bacb104b6f,CUST_00498,2025-06-08,feature,Please add a dark mode to the dashboard.,pending,high,11.0
75221c42-ba9f-47d4-9d84-665422dd5ce3,CUST_00498,2025-07-19,account,I need to update my business address and tax ID.,pending,high,7.0
3f1643d3-cd29-4435-b01b-5f5d27b913dd,CUST_00498,2026-02-03,feature,Please add a dark mode to the dashboard.,pending,high,14.0
6bb8f804-432e-4d36-bc06-8be0c01908a4,CUST_00498,2026-01-13,technical,The app crashes every time I try to run payroll.,open,high,
92d5ec69-90bf-4c6b-abae-85daedb230c7,CUST_00499,2025-01-30,billing,"My invoice shows the wrong amount, please help.",pending,low,4.0
fd02d996-0ca9-47cf-bc6b-edd13e635647,CUST_00499,2025-12-21,feature,Can you add support for multiple currencies?,pending,high,
1af03941-fc3f-4e33-88e9-79b71509b71e,CUST_00500,2026-03-05,feature,Please add a dark mode to the dashboard.,open,low,7.0
4814bb2c-4b0d-4a91-acb9-a4017e79e1f8,CUST_00500,2025-08-23,feature,Can you add support for multiple currencies?,open,high,14.0
4e318089-6ee6-4b4b-bfff-136a2011414b,CUST_00501,2024-06-13,technical,Reports are not loading and just show a blank screen.,resolved,medium,10.0
d0c262ea-fd58-4973-afc4-8c46690ea36e,CUST_00501,2025-07-29,feature,Can you add support for multiple currencies?,resolved,low,
a038167d-4459-4fd0-a4e2-eb1b73b1da84,CUST_00502,2025-10-13,account,I need to update my business address and tax ID.,resolved,high,
f0e9bb82-f086-48b0-bb3c-0496f54751d5,CUST_00502,2025-12-04,technical,The app crashes every time I try to run payroll.,resolved,high,5.0
0301079b-5377-4c32-9902-10812687fca6,CUST_00502,2025-04-04,technical,Reports are not loading and just show a blank screen.,open,medium,
c77b19b3-21f8-4d9a-9e3a-8ae6636b3098,CUST_00503,2026-05-18,feature,Is there a way to export data to Excel automatically?,open,low,14.0
3d0c47f0-e2e7-42c2-8621-153f2c35544c,CUST_00503,2026-01-16,billing,I cancelled but was still billed. Please reverse this charge.,open,high,6.0
53319c0f-9179-4b7c-a64b-07aaa30b7f30,CUST_00503,2026-05-01,account,Can I downgrade my plan and keep my data?,pending,high,9.0
b86cb3e7-0354-46ac-9d4e-aba0190f6e00,CUST_00504,2026-03-07,technical,The app crashes every time I try to run payroll.,pending,medium,4.0
d1168be0-fa35-4d4a-a2cf-1e3c85a95a16,CUST_00504,2025-12-21,feature,I need the ability to set recurring transactions.,open,low,1.0
361e380e-5777-4295-9057-a875645d6ed0,CUST_00506,2026-04-24,account,How do I add a second user to my account?,resolved,low,4.0
592b81b3-4cd8-4339-a9ad-fe3a61057da6,CUST_00506,2026-04-17,billing,I was charged twice this month and need a refund immediately.,pending,low,11.0
66fb377b-6b72-4330-80c6-3d4f055c6a88,CUST_00506,2025-10-29,billing,I was charged twice this month and need a refund immediately.,open,low,11.0
e1496ba9-2e04-4ed4-84a2-243b2dfee4b6,CUST_00507,2025-07-24,billing,Why did my subscription price increase without notice?,open,high,6.0
4457a3a2-34a4-4093-8ea2-56b9c493b984,CUST_00507,2025-10-31,account,How do I add a second user to my account?,open,low,1.0
6a3c38d0-fb89-408b-84c9-90d7b35801a2,CUST_00507,2026-01-31,billing,Why did my subscription price increase without notice?,open,high,11.0
3ec2b5aa-3b3c-4201-8d4a-d246cd5f6d93,CUST_00508,2025-12-17,technical,"I cannot log in to my account, password reset is not working.",open,low,
28f19fa2-de64-4e0a-b59a-4117fdb8fea7,CUST_00508,2025-04-19,feature,Please add a dark mode to the dashboard.,resolved,medium,
f5f5f35b-e6b2-4c50-bb49-a37e1596bb29,CUST_00509,2025-02-11,account,I need to update my business address and tax ID.,pending,low,8.0
4b8e659e-37c0-43d6-801f-5989b3e1bdd8,CUST_00509,2025-12-07,technical,"I cannot log in to my account, password reset is not working.",resolved,high,2.0
b0a81a8e-44aa-4855-b541-52c74df1736a,CUST_00509,2025-09-01,technical,The app crashes every time I try to run payroll.,open,medium,1.0
39987931-e8c3-4070-8bc7-86b32b08c476,CUST_00509,2024-12-14,technical,The app crashes every time I try to run payroll.,pending,high,1.0
7051cdc5-32d0-4f44-9148-7335b59838f9,CUST_00509,2024-11-03,billing,I cancelled but was still billed. Please reverse this charge.,pending,high,10.0
8004b0d5-0391-40ba-b4ac-cb846db1e7c1,CUST_00509,2025-09-29,technical,Reports are not loading and just show a blank screen.,resolved,high,
c71dd1e5-7107-4eca-9ddb-e7d97bbf68dc,CUST_00510,2025-05-05,account,Can I downgrade my plan and keep my data?,open,medium,1.0
81ef8e78-b46d-483a-aba4-6e2b05de2757,CUST_00510,2026-01-13,billing,I was charged twice this month and need a refund immediately.,open,high,2.0
743963e4-cfe3-49b0-9d02-bb87205accf5,CUST_00510,2025-09-22,billing,Why did my subscription price increase without notice?,resolved,medium,13.0
f6eefbd9-7194-4d6a-b53f-79e0807b8eb1,CUST_00510,2026-04-16,feature,Can you add support for multiple currencies?,open,high,8.0
bf69b5b7-e25a-4554-b2ab-16aed556e188,CUST_00510,2024-08-04,billing,Why did my subscription price increase without notice?,open,high,
269f182c-623b-4545-81dd-65c1d85f0d90,CUST_00511,2026-02-05,billing,I was charged twice this month and need a refund immediately.,resolved,low,10.0
b41b10e3-2539-46c6-a797-eb850b4ecafc,CUST_00511,2026-02-24,account,How do I export all my data before cancelling?,resolved,low,
3161fc3c-52a1-480c-8b21-067c2677e761,CUST_00511,2026-03-02,account,How do I export all my data before cancelling?,resolved,low,
8f186579-5eb8-4436-96df-1c398b9381c4,CUST_00512,2026-05-08,feature,I need the ability to set recurring transactions.,resolved,low,
86966033-1861-40cb-81ab-4711352c9aff,CUST_00512,2026-05-13,account,How do I add a second user to my account?,open,low,
e89cbb93-9a56-4b84-a2af-96634b876a6a,CUST_00512,2026-04-23,feature,Please add a dark mode to the dashboard.,resolved,high,13.0
52c8c4ed-6ab7-4212-a61a-427e9d23dda9,CUST_00513,2026-02-14,technical,The app crashes every time I try to run payroll.,pending,high,11.0
69bd3117-3462-44ea-8bb8-dada51782dd2,CUST_00513,2025-11-19,account,How do I add a second user to my account?,resolved,medium,9.0
3153e5cf-57f3-4aa4-a552-0a50d73cf2f7,CUST_00513,2026-05-02,technical,Reports are not loading and just show a blank screen.,pending,medium,11.0
fc55f362-f74a-4c9d-a276-f8a8165224a3,CUST_00513,2026-04-05,account,How do I add a second user to my account?,resolved,high,10.0
65b21862-aec4-4742-a37d-4352e91d92e8,CUST_00513,2026-02-17,feature,Can you add support for multiple currencies?,open,low,10.0
36ba54b5-a088-4066-8bd5-7a0be16efa37,CUST_00517,2026-04-28,feature,Is there a way to export data to Excel automatically?,pending,high,14.0
bf94c202-8092-470a-9682-b3f55ba6e219,CUST_00517,2026-03-16,billing,I cancelled but was still billed. Please reverse this charge.,open,high,2.0
a6eef347-4da2-46d0-9caf-1e7dad058c8c,CUST_00517,2026-04-18,technical,"I cannot log in to my account, password reset is not working.",pending,high,
25de059d-9afe-49fa-bd53-e45b436b69b4,CUST_00517,2026-01-14,feature,Can you add support for multiple currencies?,pending,high,1.0
9b3c8073-266f-4467-8cb7-8db64c0b2877,CUST_00518,2026-05-08,feature,Is there a way to export data to Excel automatically?,open,medium,3.0
5f2365b3-30f5-4710-8d6c-b9f40242750a,CUST_00518,2026-02-06,account,How do I export all my data before cancelling?,open,medium,9.0
036c9972-d510-46b2-b378-8229fed84e50,CUST_00518,2026-03-19,account,I need to update my business address and tax ID.,resolved,low,13.0
52ed3137-a455-4896-b24b-0c886bccc694,CUST_00519,2026-03-09,billing,Why did my subscription price increase without notice?,open,medium,
8ab0de53-bcf0-46a1-8409-341e8249f4be,CUST_00519,2025-10-17,account,Can I downgrade my plan and keep my data?,open,low,6.0
ee0e5faf-c22a-457f-bf04-ef2d3ca365fd,CUST_00519,2025-10-17,account,How do I add a second user to my account?,resolved,high,6.0
9468c5f0-ee5a-4cfd-9553-be65b01d2ce3,CUST_00519,2025-12-01,technical,The app crashes every time I try to run payroll.,resolved,high,
ac3dce79-f53f-4b5b-9bf7-41a065e7a650,CUST_00520,2026-05-03,feature,Please add a dark mode to the dashboard.,pending,high,7.0
36799215-6dc7-453d-8423-2c765f17cb81,CUST_00520,2025-10-10,feature,Please add a dark mode to the dashboard.,resolved,low,9.0
2be3be44-71ae-4878-9ded-8d1e51195c6d,CUST_00520,2026-02-01,technical,The app crashes every time I try to run payroll.,pending,medium,2.0
90acf02c-1ba3-4710-8496-259bef2b4f2b,CUST_00521,2026-05-01,feature,Please add a dark mode to the dashboard.,resolved,medium,9.0
82ce14b7-06f5-462e-b026-28675bb000c6,CUST_00521,2026-05-12,billing,I was charged twice this month and need a refund immediately.,pending,medium,5.0
dd376ee0-6318-462a-8d58-c3ada71eb0fe,CUST_00522,2025-12-20,technical,"I cannot log in to my account, password reset is not working.",open,high,3.0
a6cd1a09-4cbb-4a28-afb5-f22be68bbf9d,CUST_00522,2025-12-27,feature,I need the ability to set recurring transactions.,resolved,high,8.0
f90aebb3-e88d-4cd1-9adf-2dfb43e5a91f,CUST_00522,2025-11-11,billing,"My invoice shows the wrong amount, please help.",open,high,10.0
b1589377-234f-40d1-9939-5a97794a6e50,CUST_00522,2026-05-13,account,Can I downgrade my plan and keep my data?,open,low,2.0
9e69890a-17d8-4ec4-ae39-4bbdeb2b1ffa,CUST_00522,2026-01-15,billing,"My invoice shows the wrong amount, please help.",resolved,high,13.0
fbfe22a7-a063-47ab-aa72-a97ed783a6da,CUST_00522,2025-11-19,feature,I need the ability to set recurring transactions.,pending,low,6.0
d891f8e8-1269-4fbd-8e35-33e60297daef,CUST_00522,2026-03-04,billing,Why did my subscription price increase without notice?,open,high,4.0
293882c4-0f04-4aeb-be7b-9f2b3e8dce1c,CUST_00525,2025-08-10,account,How do I add a second user to my account?,pending,high,14.0
68926c1c-610b-45ac-b596-019a4ee59ac9,CUST_00525,2025-03-04,billing,I was charged twice this month and need a refund immediately.,pending,high,
148317c8-39cc-48c5-b8cc-717db3825559,CUST_00525,2025-11-13,billing,"My invoice shows the wrong amount, please help.",resolved,medium,7.0
53b51d07-8eef-4449-9601-04b806f344ac,CUST_00527,2026-03-21,account,I need to update my business address and tax ID.,open,low,6.0
b96b4ad1-573b-46b6-9a53-5a00c76ff095,CUST_00527,2025-08-29,feature,I need the ability to set recurring transactions.,resolved,medium,4.0
ddac3d8f-f563-45ec-a82b-1a53de903642,CUST_00527,2025-10-05,billing,"My invoice shows the wrong amount, please help.",open,low,10.0
9e257067-d13a-49b7-8654-d905889008f3,CUST_00529,2026-02-07,account,How do I add a second user to my account?,pending,high,8.0
3b4b514e-9585-483c-9d93-3d71de715408,CUST_00529,2025-06-01,feature,Can you add support for multiple currencies?,resolved,low,1.0
513af4a5-04bd-4aee-bd08-2aacd7e03e3c,CUST_00529,2026-01-06,feature,Can you add support for multiple currencies?,pending,medium,13.0
ccbcf5cf-5346-4e66-9627-343002bdba6d,CUST_00529,2025-09-24,billing,I was charged twice this month and need a refund immediately.,pending,medium,6.0
84e86edd-6f88-4326-9f03-2f07aeb5bf7e,CUST_00530,2026-04-09,technical,The app crashes every time I try to run payroll.,pending,medium,5.0
ade5c2dd-2be6-4491-8247-a84c75bfa13b,CUST_00530,2026-05-03,feature,Can you add support for multiple currencies?,resolved,low,10.0
53da4ab7-5f39-4f34-acd6-47a6bf59fe28,CUST_00530,2026-05-02,feature,Please add a dark mode to the dashboard.,resolved,high,9.0
cbb25632-e269-400b-8098-81cc0ccae1d9,CUST_00530,2026-04-27,billing,Why did my subscription price increase without notice?,open,high,14.0
c788b713-95b9-46a7-951c-6d4bfa08333d,CUST_00531,2026-04-07,technical,The app crashes every time I try to run payroll.,resolved,medium,1.0
0db42291-a54b-4555-9aad-5a592abbfbf0,CUST_00531,2025-12-08,technical,"I cannot log in to my account, password reset is not working.",pending,low,3.0
f4ebf930-7833-4579-80fd-a8a9b39518b2,CUST_00531,2025-10-30,billing,"My invoice shows the wrong amount, please help.",open,high,8.0
92473e04-4225-4e22-b77b-8a88d6c06c0f,CUST_00531,2025-05-14,feature,I need the ability to set recurring transactions.,resolved,high,13.0
ae2b3833-3937-4b50-8f89-f72ee88062e1,CUST_00532,2026-03-17,billing,"My invoice shows the wrong amount, please help.",open,low,7.0
af708a56-b589-451b-9aa3-cbc9f006540b,CUST_00532,2026-04-27,feature,Is there a way to export data to Excel automatically?,open,medium,1.0
4b33385f-353d-4b01-b3d0-314e82dbe7ff,CUST_00533,2025-10-01,technical,The app crashes every time I try to run payroll.,open,high,3.0
712fd97c-e98b-4ee6-ba34-b0d87c069f40,CUST_00533,2025-11-28,technical,The app crashes every time I try to run payroll.,pending,high,
7561b44d-e6de-4818-b365-b36e5759291b,CUST_00534,2026-02-04,feature,Please add a dark mode to the dashboard.,open,low,10.0
0f6cc06e-12d6-45e3-92e9-0e8105c1eeb1,CUST_00534,2026-04-26,account,Can I downgrade my plan and keep my data?,pending,low,14.0
04a6e6bc-bfa9-422a-938c-82a0fcebb2c0,CUST_00534,2026-04-13,billing,"My invoice shows the wrong amount, please help.",pending,high,
c65a81a3-4377-45ed-885a-1ffe3e0b424f,CUST_00534,2026-04-17,account,Can I downgrade my plan and keep my data?,open,medium,14.0
bdf8e909-7d04-4aec-a94b-952787c19b8a,CUST_00535,2026-03-03,account,Can I downgrade my plan and keep my data?,pending,medium,10.0
aacf7bdb-07da-4961-baa8-9e3f6c1cdf37,CUST_00536,2026-02-19,account,I need to update my business address and tax ID.,pending,low,14.0
eff50173-0c82-4d96-ade3-b1b241c2df97,CUST_00536,2026-03-28,account,How do I add a second user to my account?,open,high,
6539bc3d-7b81-45e2-b0f5-3436b2115321,CUST_00539,2026-03-19,billing,Why did my subscription price increase without notice?,resolved,high,
2076fdd0-5111-45a7-99df-e2be74d28b3c,CUST_00539,2026-04-20,account,I need to update my business address and tax ID.,pending,high,10.0
1b22d2eb-a003-4116-8f46-050b3c903681,CUST_00539,2026-04-27,technical,The app crashes every time I try to run payroll.,pending,medium,9.0
91e6fb24-63af-4562-bd5d-c873a5ab8d68,CUST_00544,2025-07-20,technical,The app crashes every time I try to run payroll.,pending,medium,12.0
7a01d622-61be-409e-ae2f-4ad1ac98a66e,CUST_00545,2025-08-28,account,Can I downgrade my plan and keep my data?,open,medium,10.0
ad239ca4-6ddd-484b-ab27-75324de31367,CUST_00545,2025-11-25,account,How do I add a second user to my account?,resolved,low,8.0
7efc06bb-fa1e-41ac-a4a4-a15e8bb7b220,CUST_00546,2026-05-07,account,How do I export all my data before cancelling?,pending,high,4.0
2ed0e2ed-a567-4db3-af0b-46a747b98e75,CUST_00546,2026-04-20,feature,Is there a way to export data to Excel automatically?,resolved,high,
f5d50438-1bd5-4468-bb1c-7c64ff25f86f,CUST_00546,2026-05-01,billing,I cancelled but was still billed. Please reverse this charge.,open,low,
b73a2865-1064-458f-85a8-a586678a7ca0,CUST_00547,2025-12-28,billing,I was charged twice this month and need a refund immediately.,pending,medium,9.0
16eae7ad-077d-4272-88dc-e8972077a5b2,CUST_00547,2026-01-07,account,I need to update my business address and tax ID.,pending,medium,
ce984912-b0f6-4c57-bcb9-f45874d3e380,CUST_00547,2026-05-07,account,How do I add a second user to my account?,resolved,high,
f76de17c-1f40-422a-8912-b53259aeb37f,CUST_00547,2025-12-27,account,How do I add a second user to my account?,resolved,low,13.0
c790867e-fa75-46c7-b583-1871b639a3cc,CUST_00548,2025-10-03,technical,The app crashes every time I try to run payroll.,pending,low,
c63b4f5a-95c9-4b10-b9df-f1273643de95,CUST_00548,2026-05-06,technical,"I cannot log in to my account, password reset is not working.",pending,medium,1.0
8b2ec45f-8153-4eb3-ba29-95e94b754179,CUST_00548,2024-09-06,feature,Is there a way to export data to Excel automatically?,resolved,high,5.0
75a3adba-314c-46e9-993c-f6a0dbec419d,CUST_00548,2025-11-20,technical,"I cannot log in to my account, password reset is not working.",open,high,7.0
bae98dc3-650a-4200-a1d2-a3bdf8050703,CUST_00549,2026-04-25,technical,My bank connection keeps disconnecting every few days.,open,high,2.0
976e77a7-7033-4bcc-938f-c95890abe7a2,CUST_00549,2026-04-26,billing,Why did my subscription price increase without notice?,pending,medium,2.0
9f8d0a96-b7a9-4f51-afac-a5da465a5f0e,CUST_00552,2026-05-15,account,How do I export all my data before cancelling?,resolved,high,6.0
485aa3a0-bc45-4ff9-93ab-d182fa77a786,CUST_00552,2026-04-28,account,Can I downgrade my plan and keep my data?,open,high,5.0
5f738af4-9636-4051-9b95-467521042e84,CUST_00552,2026-04-07,feature,Can you add support for multiple currencies?,pending,high,8.0
255f8fec-ad1a-40ca-8f79-d8ed362a8209,CUST_00553,2026-02-20,billing,"My invoice shows the wrong amount, please help.",pending,medium,
9850ca69-eb9e-41bf-a4a4-45d2cb6747e1,CUST_00554,2025-12-24,technical,Reports are not loading and just show a blank screen.,pending,high,14.0
80cbd766-73c4-4b22-b7c4-db6b839676f4,CUST_00554,2026-03-05,feature,Can you add support for multiple currencies?,open,medium,10.0
80120f2c-7158-4c77-85ae-d79000374b0b,CUST_00555,2026-01-28,billing,I cancelled but was still billed. Please reverse this charge.,resolved,high,2.0
777783cf-782b-499e-a4e2-3fa567960ef7,CUST_00555,2026-04-04,billing,I cancelled but was still billed. Please reverse this charge.,pending,high,10.0
025e62aa-58b7-4fee-8b59-d78afe0199e7,CUST_00555,2026-01-08,technical,"I cannot log in to my account, password reset is not working.",pending,high,14.0
50df9936-9560-4113-b7d0-01497c7c9a2a,CUST_00555,2025-10-01,account,Can I downgrade my plan and keep my data?,open,high,
a212a19d-887d-4ea4-8251-023a36aed648,CUST_00555,2025-09-08,technical,My bank connection keeps disconnecting every few days.,open,low,12.0
9d82a6a2-5eff-42ef-b042-d2b07025161c,CUST_00555,2026-03-03,billing,I cancelled but was still billed. Please reverse this charge.,open,high,12.0
a744ae9c-7128-4621-befa-fc3a32378a92,CUST_00555,2025-10-31,billing,"My invoice shows the wrong amount, please help.",resolved,medium,6.0
bd4a7159-f3b7-472c-9711-b075b0a457e6,CUST_00555,2026-04-09,billing,"My invoice shows the wrong amount, please help.",open,medium,
433cb124-42f4-474b-815b-8c6e1b5196ea,CUST_00556,2025-04-10,account,How do I export all my data before cancelling?,pending,medium,8.0
f4fbf662-0340-439f-8017-a8b930fb7f9a,CUST_00557,2026-04-17,billing,I cancelled but was still billed. Please reverse this charge.,pending,low,10.0
bf04b7be-c6a6-4c9b-babf-8d1f7b509029,CUST_00558,2026-01-28,feature,Can you add support for multiple currencies?,open,high,4.0
aa72a872-c71b-45b8-a00a-4b55aea71549,CUST_00558,2026-03-07,account,Can I downgrade my plan and keep my data?,open,medium,
f214c4ff-c80d-4775-b0cb-6aa72cabe4c4,CUST_00558,2025-07-07,account,I need to update my business address and tax ID.,open,medium,
5d7fc1de-063e-49e6-bd86-3b1e0bdde40a,CUST_00559,2025-09-24,feature,I need the ability to set recurring transactions.,resolved,high,8.0
20035aeb-a7fd-4351-8472-28b5e582d389,CUST_00559,2026-03-03,feature,Is there a way to export data to Excel automatically?,resolved,low,1.0
e2cd36fd-423e-4622-8a6f-6d4d4a22df36,CUST_00560,2026-03-27,technical,"I cannot log in to my account, password reset is not working.",resolved,high,11.0
44b42fe5-f621-4a28-9ae9-d4ea42cfe4f1,CUST_00560,2026-03-20,feature,I need the ability to set recurring transactions.,resolved,medium,4.0
fab7cf61-6fbc-4135-bd32-603ccae76bda,CUST_00561,2024-10-07,technical,Reports are not loading and just show a blank screen.,resolved,medium,2.0
9dfde9b5-d712-48aa-85bc-5b4cbf1ca836,CUST_00561,2025-10-23,feature,Can you add support for multiple currencies?,resolved,high,11.0
777d7adf-1354-4305-b7aa-d43c1bd56b1f,CUST_00562,2026-02-26,account,How do I export all my data before cancelling?,resolved,high,
c8f2fc5f-0f7d-4e99-afce-3aa7d2decb47,CUST_00562,2026-02-03,technical,Reports are not loading and just show a blank screen.,resolved,high,8.0
3d07c6e3-a249-4596-aeee-e42baa0c0816,CUST_00562,2025-01-29,feature,Can you add support for multiple currencies?,pending,high,9.0
422dfa76-e305-4fab-b16a-473e051209b5,CUST_00562,2025-10-13,account,How do I export all my data before cancelling?,open,high,13.0
88379660-a73c-4658-8a67-7c46ad622afa,CUST_00563,2025-09-11,technical,The app crashes every time I try to run payroll.,resolved,medium,
b3fe7529-f3c7-4471-8360-2f961c7be013,CUST_00563,2024-11-10,account,Can I downgrade my plan and keep my data?,pending,high,7.0
8389fa71-289a-46ae-a847-d1066978d355,CUST_00563,2024-11-21,technical,The app crashes every time I try to run payroll.,resolved,low,9.0
e4cd79c6-af13-4701-b040-ef90b1c1c156,CUST_00563,2025-06-24,account,How do I export all my data before cancelling?,pending,high,4.0
83c81c03-e20e-47b2-8b07-0ee699774834,CUST_00563,2025-01-22,account,How do I export all my data before cancelling?,open,medium,12.0
4ffa8774-747d-4355-a869-f4efa5ae3420,CUST_00563,2024-10-14,feature,I need the ability to set recurring transactions.,open,high,9.0
e71aa7ee-1e7a-46e3-8983-6d153e17c4f9,CUST_00563,2024-09-26,account,Can I downgrade my plan and keep my data?,resolved,medium,3.0
bebc4239-a58a-4a09-9dc6-1be312d9f4c2,CUST_00563,2025-01-20,account,I need to update my business address and tax ID.,open,high,12.0
5a50b5a7-5042-475a-8561-0686e8137b45,CUST_00564,2026-04-18,billing,I was charged twice this month and need a refund immediately.,pending,high,3.0
36060d20-751a-443f-a1c7-4514f763dc9b,CUST_00564,2026-04-28,account,How do I export all my data before cancelling?,open,low,
9f7b7197-97e7-4e65-9224-5d181755bbf4,CUST_00564,2026-05-14,technical,My bank connection keeps disconnecting every few days.,open,low,
a26ee7e1-3d82-45c3-bc13-676c21c8683b,CUST_00565,2026-04-19,technical,The app crashes every time I try to run payroll.,resolved,high,
bfb09fb0-f536-4cbb-87e1-e4f174c943db,CUST_00565,2026-01-11,billing,I cancelled but was still billed. Please reverse this charge.,resolved,low,14.0
a51be69d-a893-441d-ae57-c3096f6b670f,CUST_00566,2025-04-25,technical,"I cannot log in to my account, password reset is not working.",open,medium,2.0
34c55b27-b23e-42c1-b57a-b2ba5e0d1c40,CUST_00566,2025-10-24,account,How do I add a second user to my account?,open,high,3.0
5beaf8fb-c89b-4d2b-80a6-a44a822efa4d,CUST_00566,2026-02-10,feature,Please add a dark mode to the dashboard.,resolved,high,
5848b8ec-49e8-4570-9dac-c49cc1cf5bdf,CUST_00566,2025-07-10,billing,I cancelled but was still billed. Please reverse this charge.,resolved,medium,13.0
bc65d644-55cd-4773-9683-fd08fa6cf169,CUST_00566,2025-03-20,feature,Can you add support for multiple currencies?,open,high,4.0
151abc36-2f7a-4e68-82f6-69bff8dabaaf,CUST_00566,2026-03-28,feature,Can you add support for multiple currencies?,open,high,4.0
9fa6012e-0922-44e9-a4ab-56c0db91bb32,CUST_00566,2025-11-05,account,How do I export all my data before cancelling?,pending,high,8.0
7dd54aa2-c834-4527-8267-8e4d170330d2,CUST_00566,2025-06-11,technical,Reports are not loading and just show a blank screen.,pending,high,11.0
30c70f4c-07b1-4c46-aaae-de42b8e288aa,CUST_00567,2026-04-10,billing,I cancelled but was still billed. Please reverse this charge.,open,low,1.0
475018a7-80b5-470a-9d81-52d1f15be0dc,CUST_00567,2025-07-08,account,How do I export all my data before cancelling?,open,high,10.0
d3fc0e17-ce44-4531-9e2e-9f15efd17cfd,CUST_00567,2025-08-07,billing,"My invoice shows the wrong amount, please help.",open,high,8.0
162e9707-ff06-4f9e-b3b0-385427d30f0b,CUST_00567,2026-04-28,feature,Can you add support for multiple currencies?,open,low,8.0
e2968472-a7c0-45a1-8a06-a405c03564c2,CUST_00567,2026-03-25,billing,I cancelled but was still billed. Please reverse this charge.,resolved,high,7.0
afc9c558-35e8-4b06-af5a-901745bc7826,CUST_00567,2025-10-09,technical,The app crashes every time I try to run payroll.,pending,medium,2.0
4ea762cb-8142-4534-9eaf-16215e3bd73a,CUST_00568,2026-04-26,feature,Can you add support for multiple currencies?,pending,medium,10.0
fd036673-26b6-4fa7-af8b-5a460bb3e28a,CUST_00568,2025-10-01,technical,The app crashes every time I try to run payroll.,open,high,12.0
1ae0c0ad-1c5b-4332-9b68-00b6d8c12315,CUST_00568,2025-11-28,technical,Reports are not loading and just show a blank screen.,resolved,high,7.0
b5ebc6b3-34f2-46e3-96ea-91ffca196ef8,CUST_00568,2025-07-31,technical,My bank connection keeps disconnecting every few days.,open,high,4.0
e8860431-bb5d-45a7-b834-fbad53687241,CUST_00569,2025-09-28,account,How do I export all my data before cancelling?,resolved,high,7.0
47817aad-9cab-4f2f-afae-b8ca6a24d715,CUST_00569,2025-08-04,billing,Why did my subscription price increase without notice?,pending,medium,9.0
30f24956-7722-4f31-ae26-e1fdbbf7697e,CUST_00570,2025-05-19,technical,"I cannot log in to my account, password reset is not working.",pending,low,9.0
ecc8db55-15c6-4102-b0ec-48501da5e061,CUST_00571,2025-09-30,billing,"My invoice shows the wrong amount, please help.",pending,low,11.0
d395537b-eda6-4af8-8706-c4a898397a7a,CUST_00571,2026-01-06,account,I need to update my business address and tax ID.,resolved,high,13.0
3e8eb728-078d-4136-aa57-c8899c504e77,CUST_00571,2026-04-28,technical,My bank connection keeps disconnecting every few days.,pending,medium,6.0
a2ceaa01-94aa-47cb-afb1-9d32478d2a6f,CUST_00571,2025-12-15,account,How do I add a second user to my account?,resolved,medium,2.0
c2c6c6fa-3a0a-42c6-870e-99cdabbe3b3b,CUST_00573,2026-02-23,account,I need to update my business address and tax ID.,pending,high,
3a8aa738-2907-45c7-b970-ee3f3871968a,CUST_00574,2025-11-06,account,I need to update my business address and tax ID.,resolved,medium,5.0
acdc10a0-af88-4c47-8dab-e6fcaa3f670b,CUST_00575,2025-12-21,billing,Why did my subscription price increase without notice?,resolved,low,6.0
c4194932-cde6-48d0-8312-2a3e033e476b,CUST_00575,2025-03-06,account,I need to update my business address and tax ID.,pending,low,
87bc02fb-3a78-49e6-a427-f9971c531006,CUST_00575,2025-03-12,account,How do I add a second user to my account?,open,high,2.0
9362990f-b96f-430e-b444-f03646eadc66,CUST_00575,2026-02-18,account,How do I export all my data before cancelling?,open,low,9.0
9928843a-3ff9-4c17-9da2-3493bd21a992,CUST_00576,2025-09-19,feature,Please add a dark mode to the dashboard.,open,high,10.0
fe9fb1a9-b093-4c9a-a5c7-8fb7e5809d1d,CUST_00577,2025-12-21,technical,Reports are not loading and just show a blank screen.,resolved,high,14.0
566c3bbe-6fcf-41a3-9cde-774b24fb34ab,CUST_00577,2025-09-22,account,Can I downgrade my plan and keep my data?,pending,high,
14900c21-5d00-4164-8e74-6b2d645af864,CUST_00577,2025-07-24,account,How do I add a second user to my account?,open,high,12.0
c6cae082-1421-47d6-ae6b-0392486cb5a4,CUST_00578,2025-12-07,billing,I cancelled but was still billed. Please reverse this charge.,resolved,medium,6.0
a804a014-a36d-4399-a47d-4304cfb3c085,CUST_00578,2026-03-14,account,How do I export all my data before cancelling?,open,high,
94c52340-3949-4b1d-be9f-4ccb86678193,CUST_00579,2026-02-15,account,How do I export all my data before cancelling?,pending,high,12.0
eb305225-bfa2-4b55-913e-47ffa48799e9,CUST_00579,2025-12-13,account,I need to update my business address and tax ID.,open,high,10.0
41d39367-4833-4a62-bdc7-6d46a8706037,CUST_00579,2025-12-30,technical,"I cannot log in to my account, password reset is not working.",resolved,medium,13.0
9551b181-7c4e-4ad5-9c0b-99b3687270da,CUST_00579,2025-07-27,billing,Why did my subscription price increase without notice?,pending,medium,3.0
f1b22414-a96f-4a52-903c-c0b51ef3245b,CUST_00580,2026-03-01,account,I need to update my business address and tax ID.,open,high,2.0
48979fd1-8418-4260-b3ed-e69a84637c51,CUST_00580,2024-09-18,technical,Reports are not loading and just show a blank screen.,resolved,high,14.0
1119cb5a-a208-4f19-95fc-198477ca4fc5,CUST_00580,2024-12-30,account,I need to update my business address and tax ID.,open,low,5.0
e7a345eb-3a12-4928-ba68-3c6330d1282b,CUST_00581,2025-03-05,billing,"My invoice shows the wrong amount, please help.",resolved,low,
6a155cc4-71f0-4b27-8251-d146e399aba5,CUST_00581,2026-04-16,account,How do I export all my data before cancelling?,open,high,
6e169e13-9af4-4e28-9b6f-3795c67c05bd,CUST_00581,2026-05-03,billing,Why did my subscription price increase without notice?,pending,high,7.0
6850bdae-9d00-4cc2-bde7-6c714d3932a5,CUST_00581,2025-07-26,feature,Can you add support for multiple currencies?,open,high,1.0
e7fb1313-7b07-4abb-adc6-d8d0ffc92d71,CUST_00581,2025-03-27,feature,Please add a dark mode to the dashboard.,pending,high,10.0
e8013e83-3605-4851-a2a4-7e522b8cc77d,CUST_00581,2026-04-12,feature,Is there a way to export data to Excel automatically?,resolved,high,
5fe128e5-8771-4a2b-a7c2-8139ce00e36b,CUST_00582,2024-12-18,billing,"My invoice shows the wrong amount, please help.",open,low,5.0
693727e5-92ac-41de-86d7-f52051a28636,CUST_00582,2025-07-22,feature,Is there a way to export data to Excel automatically?,pending,medium,3.0
860a7dd3-7a39-4c2e-ab1d-028c78ef2e8e,CUST_00582,2026-02-26,account,I need to update my business address and tax ID.,open,high,2.0
8bfd0e79-d32b-444b-a67e-24b0fc8d08ae,CUST_00582,2025-11-24,account,I need to update my business address and tax ID.,pending,medium,13.0
2b8af5c3-e9eb-4a2c-bc18-13898bfab891,CUST_00583,2025-03-20,account,Can I downgrade my plan and keep my data?,resolved,low,12.0
44673c3a-8adf-4076-84dc-b512c58e549d,CUST_00583,2025-11-21,billing,Why did my subscription price increase without notice?,open,low,8.0
7917b067-879f-451e-9af4-2b7febbb9b2e,CUST_00583,2025-04-15,billing,"My invoice shows the wrong amount, please help.",pending,high,9.0
ce4b468a-8af8-43cc-a27f-7aaff0d311ab,CUST_00584,2026-04-02,technical,My bank connection keeps disconnecting every few days.,resolved,low,9.0
bf32a105-c1e8-492c-a4dc-f5f03a18c9ac,CUST_00584,2025-09-21,billing,I cancelled but was still billed. Please reverse this charge.,resolved,low,2.0
3bbb611b-cae0-41f3-9a8a-462b8ff02199,CUST_00584,2025-03-03,technical,My bank connection keeps disconnecting every few days.,resolved,high,10.0
504364c3-a70e-4935-9979-9d0f7a5eb101,CUST_00585,2025-05-19,billing,I cancelled but was still billed. Please reverse this charge.,resolved,high,
f95b23b6-75c7-4873-acba-c3de70de5a60,CUST_00585,2024-11-22,feature,Can you add support for multiple currencies?,pending,medium,
bb9fb3d1-4669-4e2c-9ee2-7709048bdb18,CUST_00585,2024-12-30,account,I need to update my business address and tax ID.,open,low,
da2a7d27-0b36-4f5d-8ec2-4748168acc09,CUST_00589,2025-09-04,account,How do I add a second user to my account?,resolved,high,5.0
48dddea7-5b8d-4458-9209-d0e981c2cca0,CUST_00589,2025-05-15,technical,Reports are not loading and just show a blank screen.,resolved,medium,2.0
9ac8d02d-9397-4be2-b2a2-d4a3dbbeed4a,CUST_00589,2025-10-26,technical,My bank connection keeps disconnecting every few days.,pending,medium,13.0
6d66dcdb-fea8-40b7-847d-c6c39704cced,CUST_00589,2025-04-21,billing,Why did my subscription price increase without notice?,open,low,13.0
da185a2b-afa3-442a-ac5f-5e2904448227,CUST_00590,2025-06-03,feature,Is there a way to export data to Excel automatically?,pending,high,
85fc5bbd-c971-435d-83cb-04138bc73529,CUST_00590,2026-01-25,technical,Reports are not loading and just show a blank screen.,resolved,low,11.0
acb09dbd-7f43-42d2-a1b3-8a47a4302347,CUST_00590,2025-07-03,feature,I need the ability to set recurring transactions.,pending,high,4.0
4824c1cc-0611-45d8-88a9-411316d0555c,CUST_00590,2025-07-08,technical,My bank connection keeps disconnecting every few days.,resolved,low,10.0
1ce7c1f6-d81f-4283-ad64-0a0e72311a6e,CUST_00590,2025-10-20,account,Can I downgrade my plan and keep my data?,resolved,high,1.0
e314fead-23d9-459d-8c02-cebd58c65632,CUST_00591,2026-04-16,account,How do I export all my data before cancelling?,resolved,high,6.0
1635194b-bb35-4f3f-8ff3-3bb753135cbf,CUST_00591,2025-01-27,account,How do I export all my data before cancelling?,open,low,8.0
e6262984-ccd9-47fd-8ff0-a5ddee80724e,CUST_00591,2025-10-28,billing,I was charged twice this month and need a refund immediately.,pending,high,12.0
175dcb0e-4f83-4814-9bd2-ad8ec11d16a3,CUST_00591,2026-01-13,feature,Can you add support for multiple currencies?,resolved,medium,12.0
269860c7-cb8a-4ee9-bc87-04d9329db772,CUST_00591,2025-10-27,account,Can I downgrade my plan and keep my data?,resolved,high,1.0
a49f46ac-0771-475c-921b-94d547b8319a,CUST_00591,2024-12-01,feature,Please add a dark mode to the dashboard.,resolved,high,3.0
f40e803a-1f69-49ed-8b1f-baf4af881821,CUST_00591,2026-01-25,technical,"I cannot log in to my account, password reset is not working.",resolved,high,7.0
39e55188-c0ba-4395-9c73-db8398bc5f45,CUST_00592,2025-10-20,account,How do I add a second user to my account?,resolved,low,4.0
02bbf046-bdbd-463e-8cc8-8cfbbf5af90b,CUST_00592,2025-11-11,account,How do I add a second user to my account?,resolved,medium,4.0
2a7ab1e9-30cb-475e-a6b9-b642e5ec2669,CUST_00593,2026-05-03,billing,Why did my subscription price increase without notice?,pending,high,8.0
c9264167-a862-4f0b-a7a2-14795a62253a,CUST_00593,2026-02-22,account,How do I export all my data before cancelling?,pending,medium,14.0
c3c8ee16-ba28-43dc-9aee-4482c0ba9447,CUST_00593,2026-04-25,feature,Please add a dark mode to the dashboard.,pending,high,
d61f5b72-b395-46b8-8a90-8fd12112a315,CUST_00593,2026-04-05,billing,Why did my subscription price increase without notice?,open,medium,7.0
ff9fa340-ace3-4624-b640-de628666079e,CUST_00594,2025-07-16,account,Can I downgrade my plan and keep my data?,pending,high,7.0
43563481-df52-4843-9918-37db6e0a1d12,CUST_00594,2026-04-18,account,I need to update my business address and tax ID.,open,low,9.0
2261992a-8d11-45d9-8122-389cdcef1d8b,CUST_00594,2025-03-12,billing,"My invoice shows the wrong amount, please help.",resolved,high,11.0
9db047e0-fce7-4e92-8353-df4a091fea6c,CUST_00594,2025-01-07,feature,I need the ability to set recurring transactions.,pending,high,
c45b43ca-2e78-4c15-9d1b-16c0d4d209d9,CUST_00594,2025-11-14,account,Can I downgrade my plan and keep my data?,pending,high,10.0
2b9401a3-e5b2-45f1-8a34-4bad48060be2,CUST_00594,2026-01-27,feature,Please add a dark mode to the dashboard.,resolved,medium,3.0
144c4cee-56a1-47c7-ad4d-7ebecfa717f7,CUST_00594,2024-10-29,billing,Why did my subscription price increase without notice?,pending,medium,9.0
e581f425-94c5-4240-bd97-a50d1e6ed950,CUST_00595,2026-04-10,technical,"I cannot log in to my account, password reset is not working.",open,high,7.0
59cd4b8e-c840-4587-bb5a-a8ae2b729b6a,CUST_00596,2025-11-26,technical,My bank connection keeps disconnecting every few days.,pending,medium,2.0
0f19ef6d-7060-4a2c-ba1e-aba7967efa2c,CUST_00596,2025-11-13,technical,"I cannot log in to my account, password reset is not working.",open,medium,2.0
f18d3f84-5ea5-43fc-b638-8e2b859565ce,CUST_00596,2025-07-02,feature,Is there a way to export data to Excel automatically?,resolved,low,14.0
bab12d39-68d1-4b0e-8545-284b16174a38,CUST_00597,2025-03-05,billing,I cancelled but was still billed. Please reverse this charge.,open,high,6.0
f609fe44-2b0b-4c62-a3ee-2d191b623c4a,CUST_00597,2026-02-17,account,How do I export all my data before cancelling?,resolved,low,
468503c2-24f3-4651-a45e-e3335db938bd,CUST_00598,2026-05-08,account,I need to update my business address and tax ID.,resolved,medium,3.0
a46e691c-3bbf-4d84-8d9e-3fd83bae0ef2,CUST_00598,2026-05-09,billing,Why did my subscription price increase without notice?,open,low,2.0
565c7974-a3fa-4828-bc60-fdfc64da9ef7,CUST_00599,2025-05-21,billing,"My invoice shows the wrong amount, please help.",pending,medium,11.0
0a6b5628-55ba-4d80-abd6-553d4e63d4af,CUST_00600,2026-03-08,feature,I need the ability to set recurring transactions.,pending,high,9.0
2dff3140-0419-43cd-8dc1-a0091540ec5c,CUST_00600,2026-01-24,technical,"I cannot log in to my account, password reset is not working.",pending,low,12.0
bc1ca4da-29af-4348-bbab-be6170969af9,CUST_00600,2026-04-24,billing,I cancelled but was still billed. Please reverse this charge.,resolved,medium,9.0
a52cf614-8e46-4578-b7cb-c2736d68da85,CUST_00600,2026-04-17,feature,Can you add support for multiple currencies?,pending,high,12.0
58772b8d-da2f-4830-80a0-83f36b1362c8,CUST_00602,2026-02-24,feature,Please add a dark mode to the dashboard.,resolved,medium,8.0
a99d225f-3ece-4166-af5a-1d32fe5f994b,CUST_00602,2026-03-15,feature,Can you add support for multiple currencies?,open,low,9.0
197ac7e1-1468-4365-a304-61918d332870,CUST_00603,2025-08-31,technical,My bank connection keeps disconnecting every few days.,pending,high,2.0
39305316-199e-4dcf-a834-fc6bb3ddc113,CUST_00603,2026-03-11,account,Can I downgrade my plan and keep my data?,resolved,high,
e194e53a-b8c0-4393-997c-0ff661268377,CUST_00603,2025-11-14,technical,The app crashes every time I try to run payroll.,resolved,low,7.0
72be8f36-ec40-4312-8c90-97ab6111d48c,CUST_00603,2025-09-10,billing,I was charged twice this month and need a refund immediately.,pending,low,8.0
9bba969b-040e-49fc-a4b0-0fab4db84290,CUST_00603,2024-10-12,billing,I was charged twice this month and need a refund immediately.,pending,low,9.0
ed2ea2f2-f890-4c16-988f-d149d1903d8a,CUST_00603,2024-11-30,technical,"I cannot log in to my account, password reset is not working.",pending,high,3.0
63c2e4af-988f-4424-9e7a-9f7c4c3fac75,CUST_00603,2026-01-19,account,How do I add a second user to my account?,resolved,high,
b4f324f0-970c-4412-b5cf-d8be09312c77,CUST_00604,2026-02-10,feature,I need the ability to set recurring transactions.,pending,medium,14.0
95394881-0088-46af-af1b-e2d9de845a6f,CUST_00604,2025-06-12,technical,"I cannot log in to my account, password reset is not working.",open,high,7.0
d248d0f6-a57a-44e7-bfac-def4e60fa975,CUST_00604,2026-03-18,feature,Please add a dark mode to the dashboard.,open,medium,2.0
3f3aa250-11e7-4658-9123-8f8676b50e96,CUST_00604,2025-12-19,technical,Reports are not loading and just show a blank screen.,pending,low,
99beb67c-7433-44f7-9be6-19984d750591,CUST_00605,2025-09-18,technical,The app crashes every time I try to run payroll.,pending,high,8.0
3344a837-30e8-46d4-a78b-99ae9a1f0827,CUST_00605,2025-11-25,account,How do I export all my data before cancelling?,open,low,6.0
ede96ad0-b934-44ec-82c9-452aa3ee91bc,CUST_00605,2026-02-02,billing,"My invoice shows the wrong amount, please help.",open,high,11.0
5d5d26f9-af6f-41cd-bfec-324ca703f26c,CUST_00605,2025-08-02,technical,The app crashes every time I try to run payroll.,pending,medium,12.0
a56c385d-c0ba-4b14-afb3-a1f7993088fe,CUST_00606,2025-05-09,account,How do I export all my data before cancelling?,pending,high,2.0
0e497cb5-05c1-4b8f-a233-c7a9428efdeb,CUST_00606,2025-07-26,billing,I cancelled but was still billed. Please reverse this charge.,open,high,3.0
4a3d3edc-8b8e-4afc-ade7-4934fd4d1b27,CUST_00607,2025-10-21,billing,I was charged twice this month and need a refund immediately.,open,medium,5.0
794e233f-15d0-48d8-9e4f-a21ff98d9a08,CUST_00607,2026-02-23,account,How do I add a second user to my account?,resolved,medium,
7832718c-2626-4f0d-890c-853d49665fcc,CUST_00609,2025-12-17,account,How do I add a second user to my account?,resolved,low,9.0
60589d43-d545-473b-a138-286214c142aa,CUST_00609,2025-09-10,account,Can I downgrade my plan and keep my data?,pending,high,12.0
1f342264-8218-4b07-a3ea-e8c27a817fbf,CUST_00610,2026-05-01,account,I need to update my business address and tax ID.,open,low,1.0
4d002757-8eed-48f0-9bca-5dea44b94c3d,CUST_00610,2025-10-06,feature,Please add a dark mode to the dashboard.,open,low,1.0
eaa55a33-d81e-4453-bba3-b510b45e90b5,CUST_00610,2024-09-05,billing,"My invoice shows the wrong amount, please help.",resolved,high,7.0
921ee3f8-5eef-414f-abc8-60db8e78acd6,CUST_00610,2024-12-04,feature,Can you add support for multiple currencies?,open,high,5.0
5b8ca05d-0f65-4807-bf99-c76b982300e5,CUST_00611,2025-09-01,billing,I cancelled but was still billed. Please reverse this charge.,resolved,low,
ca83fc91-ba99-420b-993e-32d7d40ac0ea,CUST_00611,2025-11-21,feature,Is there a way to export data to Excel automatically?,pending,high,14.0
447f28a0-8096-4ba0-a4d7-970297577e5d,CUST_00611,2025-09-02,account,Can I downgrade my plan and keep my data?,resolved,low,9.0
872f17cc-67f1-4fe5-b0d8-5472b2368456,CUST_00611,2026-03-06,feature,I need the ability to set recurring transactions.,resolved,high,7.0
3975f76b-ba8f-4db2-bb48-bf5d7a79a3bb,CUST_00612,2026-04-11,account,How do I export all my data before cancelling?,open,medium,13.0
a5ae61b7-6724-4c12-a41e-489c5225069e,CUST_00613,2026-04-24,feature,Can you add support for multiple currencies?,pending,low,
f9f8bfc0-ea5c-4bf8-a8c7-94c6352b2aab,CUST_00613,2025-07-12,feature,I need the ability to set recurring transactions.,resolved,medium,
be199deb-facf-489c-b030-648e47a9b19c,CUST_00613,2026-04-17,feature,Please add a dark mode to the dashboard.,pending,medium,12.0
b8cec086-78d8-4ae8-bc1b-e71c2e933e70,CUST_00613,2025-10-28,billing,Why did my subscription price increase without notice?,pending,low,12.0
26b4df02-506f-4d92-a0f6-e798a891311e,CUST_00614,2026-04-14,billing,I cancelled but was still billed. Please reverse this charge.,pending,medium,6.0
d92ae044-4df7-47a2-8749-c092dc952fed,CUST_00614,2026-04-11,technical,The app crashes every time I try to run payroll.,resolved,low,1.0
7f2cefcc-0bb3-45ba-8c6c-78f760d37d17,CUST_00614,2026-05-08,billing,Why did my subscription price increase without notice?,resolved,medium,12.0
e6f60914-2fcd-4297-8d4a-946a56f2cb3c,CUST_00614,2026-04-20,feature,Is there a way to export data to Excel automatically?,open,high,2.0
4a0e5c3b-c4e4-4a6a-b543-1002977ef4da,CUST_00615,2026-05-07,account,How do I add a second user to my account?,resolved,high,
9797a008-43fe-49e8-9369-80e767a1c3ae,CUST_00615,2025-10-27,feature,Is there a way to export data to Excel automatically?,resolved,high,13.0
50008fe2-85f5-4ca6-aab3-83078891db99,CUST_00615,2025-12-15,feature,I need the ability to set recurring transactions.,open,high,5.0
1127c7e1-0cfb-4079-9e15-7a7f0346fe4e,CUST_00615,2026-05-08,billing,I cancelled but was still billed. Please reverse this charge.,pending,medium,3.0
e39dd802-2733-4afb-abb5-fed5e266e20b,CUST_00615,2026-02-04,technical,The app crashes every time I try to run payroll.,open,low,11.0
2a5cf124-d36b-426b-a822-476ec14c43d1,CUST_00615,2026-04-22,feature,I need the ability to set recurring transactions.,resolved,medium,4.0
3ef34b61-1562-498e-86cd-8d8df13872f5,CUST_00617,2026-04-03,billing,"My invoice shows the wrong amount, please help.",pending,high,7.0
2ed4f126-2239-4ac8-b8e0-da33699b0181,CUST_00617,2026-03-31,technical,"I cannot log in to my account, password reset is not working.",open,high,4.0
4956a4cb-88a1-4630-9114-839ec254905e,CUST_00617,2026-04-30,technical,The app crashes every time I try to run payroll.,resolved,medium,3.0
85b7b9c5-d799-4827-be4e-f98c2758ddf0,CUST_00617,2026-04-09,feature,Please add a dark mode to the dashboard.,open,low,8.0
bc9e0c5d-ceb5-4b14-b902-c569f8249b2a,CUST_00618,2024-07-04,feature,I need the ability to set recurring transactions.,resolved,medium,3.0
cd37131c-6090-4dca-833a-b16da5ef0972,CUST_00618,2025-01-01,technical,My bank connection keeps disconnecting every few days.,pending,high,3.0
ae058672-b024-4647-820f-c3f5fa246b66,CUST_00618,2024-08-25,technical,Reports are not loading and just show a blank screen.,resolved,medium,9.0
def86b56-c424-4cae-8b0a-9f5c809232a6,CUST_00618,2025-07-14,technical,"I cannot log in to my account, password reset is not working.",pending,medium,
c96a145e-ddd3-44d8-b09b-25fccbf5eceb,CUST_00619,2026-04-29,technical,Reports are not loading and just show a blank screen.,resolved,low,11.0
63baf371-9154-4393-9c84-4b531d82c67f,CUST_00622,2025-08-21,technical,The app crashes every time I try to run payroll.,resolved,low,
2755458c-15b9-4afe-81b3-de9734591265,CUST_00622,2026-01-29,billing,"My invoice shows the wrong amount, please help.",resolved,low,12.0
98c75724-5583-4eb1-b866-f27e5b3d6129,CUST_00623,2025-11-08,account,Can I downgrade my plan and keep my data?,pending,medium,12.0
810cd23e-7db2-4351-9a3e-61e0063e46bc,CUST_00623,2026-03-08,feature,Can you add support for multiple currencies?,pending,low,8.0
648618d4-51d0-4562-acb6-512bd4ca57d8,CUST_00624,2026-01-02,feature,Can you add support for multiple currencies?,resolved,medium,7.0
6922ce9d-76a4-436e-96e6-434144dc184d,CUST_00624,2025-12-14,feature,Can you add support for multiple currencies?,open,medium,13.0
69e45145-64ab-40d7-bc1a-6c4636abfc12,CUST_00624,2026-01-25,account,How do I export all my data before cancelling?,pending,low,8.0
6f2ab6db-fd8e-42e8-90c1-2327ad4a0eb7,CUST_00624,2026-03-03,billing,Why did my subscription price increase without notice?,pending,high,13.0
dac7391d-24e8-4a4c-ac52-0b6693bf9c64,CUST_00625,2025-07-08,technical,Reports are not loading and just show a blank screen.,open,medium,9.0
bd5cb5ad-39b0-46c8-86b7-e723ed5bb4a2,CUST_00625,2025-09-03,account,How do I export all my data before cancelling?,pending,medium,
394b4a8d-3d4d-4f0f-a711-e979cd813ec5,CUST_00625,2025-10-21,feature,I need the ability to set recurring transactions.,resolved,high,4.0
0a47a51f-389f-45fb-8309-b8520d2913f5,CUST_00626,2026-03-30,account,How do I export all my data before cancelling?,resolved,high,10.0
519b09dd-f5bb-440e-8527-239b4155c277,CUST_00626,2026-04-09,technical,"I cannot log in to my account, password reset is not working.",open,low,8.0
45da80c5-f6da-436c-9fe2-4c04ebc95b0b,CUST_00626,2026-05-15,billing,I was charged twice this month and need a refund immediately.,resolved,medium,4.0
d4770f1c-1610-451f-b11d-958b6474101b,CUST_00627,2025-09-22,feature,Please add a dark mode to the dashboard.,resolved,high,
de3b0eb1-a05f-49ae-877d-6bd25bd9ce2f,CUST_00627,2026-01-17,technical,My bank connection keeps disconnecting every few days.,resolved,medium,6.0
05156e6b-6250-4811-ad56-dcaff13c12a2,CUST_00627,2025-09-05,billing,"My invoice shows the wrong amount, please help.",resolved,medium,1.0
1ab7cdaa-6d01-40cf-8eea-9085c6f2b8cc,CUST_00627,2026-02-14,billing,Why did my subscription price increase without notice?,open,medium,4.0
911e2c20-db4d-4c7d-a7e6-19b0260914a4,CUST_00627,2025-07-23,feature,Can you add support for multiple currencies?,resolved,medium,4.0
6a348e9e-dd80-43ea-82a6-ab90ca0b7dea,CUST_00628,2026-03-02,feature,Can you add support for multiple currencies?,pending,high,14.0
95a51c4e-5bf7-4ac7-a0f6-5284ddf9786b,CUST_00628,2026-03-04,account,I need to update my business address and tax ID.,resolved,high,3.0
33cad5c2-5f41-4621-9998-105904556991,CUST_00628,2025-03-14,account,How do I add a second user to my account?,resolved,high,1.0
06800552-eb36-40d5-89d4-cf4712825521,CUST_00628,2025-11-13,billing,I was charged twice this month and need a refund immediately.,pending,high,5.0
e8ae81b6-1b8e-46b0-add9-8ea3f35b1c04,CUST_00628,2026-05-09,feature,Is there a way to export data to Excel automatically?,pending,high,11.0
2f84a850-bb99-4283-84d9-28a7d581b095,CUST_00628,2025-01-10,account,I need to update my business address and tax ID.,pending,high,8.0
5c50c0f1-7fab-4b73-a4b4-51ef4b87ab8e,CUST_00628,2025-12-11,account,I need to update my business address and tax ID.,open,medium,2.0
ae1ba13f-e018-433e-b1f8-54761d8803b0,CUST_00629,2026-02-25,billing,Why did my subscription price increase without notice?,open,high,5.0
6c88b060-9e74-457e-9b98-9b469f8b311f,CUST_00629,2026-02-25,feature,Please add a dark mode to the dashboard.,pending,low,11.0
f4b2bde8-9644-42d8-82be-e9d6629560c1,CUST_00631,2026-01-07,account,Can I downgrade my plan and keep my data?,open,medium,7.0
c44aae82-8b60-43d6-859d-4039f9f52b0a,CUST_00631,2025-12-18,feature,Can you add support for multiple currencies?,resolved,low,
1ad7cb02-e7e2-4c97-a515-52911df10d76,CUST_00631,2025-11-10,billing,I was charged twice this month and need a refund immediately.,open,medium,1.0
acdbd6e5-48a4-42fe-b22f-9251c435842a,CUST_00632,2026-04-06,feature,I need the ability to set recurring transactions.,open,low,5.0
a9b5c142-c792-4235-8725-4b2e9a8c5851,CUST_00632,2026-05-13,account,I need to update my business address and tax ID.,open,low,3.0
0d146e6a-ce38-41be-a29e-9a069a8e3fe0,CUST_00633,2025-10-21,billing,I was charged twice this month and need a refund immediately.,open,low,9.0
a07f96e3-d591-48ba-8052-fcbab50cf453,CUST_00634,2026-03-10,billing,I was charged twice this month and need a refund immediately.,resolved,low,
92c77dbd-9813-4718-8e63-a5006a0454d4,CUST_00634,2026-02-01,billing,"My invoice shows the wrong amount, please help.",pending,high,
915a0358-0d5f-43f7-b2c4-9bc87266e1a9,CUST_00634,2026-03-05,technical,Reports are not loading and just show a blank screen.,resolved,high,6.0
20c1c50a-e8b8-4ff2-b7e2-a4c2d62787cd,CUST_00634,2026-04-28,feature,Can you add support for multiple currencies?,open,high,12.0
7922dee6-1627-4c97-94cd-80f0ae0c65da,CUST_00634,2026-05-13,account,I need to update my business address and tax ID.,resolved,high,7.0
d336d82b-7051-4f4d-8417-0cc1053f398a,CUST_00634,2026-01-28,account,I need to update my business address and tax ID.,resolved,low,12.0
79b7fb33-cc26-4f54-ac34-6d84a6e2477e,CUST_00635,2025-07-02,account,How do I export all my data before cancelling?,open,medium,5.0
966ba8ed-ed7d-4737-b7df-63d355acadbb,CUST_00635,2025-09-17,technical,My bank connection keeps disconnecting every few days.,open,medium,4.0
ce5ed752-b6d7-4be9-9a77-3ce47560a957,CUST_00635,2026-03-17,feature,Is there a way to export data to Excel automatically?,resolved,medium,8.0
627eb72a-b516-415f-8e18-1898248a0764,CUST_00635,2025-08-10,technical,Reports are not loading and just show a blank screen.,resolved,medium,12.0
bef917f7-ed29-48cc-9749-60e891770602,CUST_00636,2026-03-19,billing,Why did my subscription price increase without notice?,resolved,high,13.0
3d542270-8d99-4cc8-a20d-32ba5b320e9b,CUST_00637,2025-02-17,technical,"I cannot log in to my account, password reset is not working.",pending,high,11.0
141e2508-df4b-4cb1-9c16-292d617089c3,CUST_00638,2025-09-20,technical,My bank connection keeps disconnecting every few days.,open,high,6.0
637287f1-9eae-4df4-b2fd-9a0c430e31e6,CUST_00638,2026-03-25,account,How do I export all my data before cancelling?,open,medium,10.0
ef251867-deb0-4f29-93b8-874c91d2191e,CUST_00638,2026-05-03,feature,Can you add support for multiple currencies?,open,medium,
d4ee6fb9-577d-49a9-b0ba-12a061eacc40,CUST_00638,2025-12-14,account,I need to update my business address and tax ID.,open,high,
5ad5432e-04a2-42d8-b660-5a916422a5a1,CUST_00639,2025-12-12,billing,Why did my subscription price increase without notice?,resolved,medium,10.0
03197432-1209-4709-8b71-10d55632c7c0,CUST_00639,2025-01-17,billing,I cancelled but was still billed. Please reverse this charge.,resolved,high,11.0
61133325-cf6a-4a84-bca5-91be33bb528f,CUST_00639,2025-07-27,account,Can I downgrade my plan and keep my data?,pending,low,7.0
e0f7e0e2-b4b6-4ae0-8f82-a99a2a63f91e,CUST_00639,2024-11-03,account,How do I export all my data before cancelling?,resolved,medium,13.0
31e5db2a-4a8d-4c9d-9c02-9b417734e16d,CUST_00640,2025-09-26,billing,Why did my subscription price increase without notice?,pending,medium,4.0
21948d04-9089-4c15-b6a7-e1b6e642a547,CUST_00640,2026-02-19,account,How do I add a second user to my account?,open,medium,4.0
7a713571-379e-4af5-bf8d-ffdc189a2a90,CUST_00641,2026-03-04,account,How do I export all my data before cancelling?,pending,high,
50258d58-0ad0-4903-960a-2174c72b2959,CUST_00641,2026-04-07,feature,Please add a dark mode to the dashboard.,open,medium,
311545cd-2b20-42bb-968e-0b9d68f92c1f,CUST_00641,2026-04-02,account,How do I export all my data before cancelling?,open,high,9.0
9e577d91-6b65-4e73-ad4a-30227794c057,CUST_00641,2026-03-29,technical,Reports are not loading and just show a blank screen.,open,low,8.0
40b9f2ef-5c8a-4910-a914-16ac85bc44f6,CUST_00641,2026-02-16,billing,Why did my subscription price increase without notice?,pending,low,12.0
72dfff81-c7bb-4682-a06c-3b5e2fc66a92,CUST_00641,2026-02-16,account,I need to update my business address and tax ID.,resolved,high,11.0
4d25bcf0-a3ec-4297-bbba-278af6c5cdf8,CUST_00642,2025-06-18,billing,I cancelled but was still billed. Please reverse this charge.,pending,low,7.0
f0ad20a9-e6e4-4725-ac2d-93172306f9c4,CUST_00642,2026-03-27,billing,I cancelled but was still billed. Please reverse this charge.,pending,medium,
7e998f4c-dea3-4338-a05f-52251310fdce,CUST_00643,2026-04-01,feature,I need the ability to set recurring transactions.,pending,medium,9.0
99fa7656-0cfb-4829-a859-9cdaf946f468,CUST_00643,2026-04-23,account,Can I downgrade my plan and keep my data?,pending,medium,5.0
5f457f68-cd8b-4d7e-88d0-900a1471ba6a,CUST_00643,2025-09-29,feature,Please add a dark mode to the dashboard.,resolved,medium,10.0
115e5d6b-ff42-4d1c-8414-72f46d35841b,CUST_00643,2026-02-26,billing,"My invoice shows the wrong amount, please help.",pending,high,12.0
70c1889d-ff71-416f-8a9e-06f4f27d9492,CUST_00643,2025-12-29,technical,"I cannot log in to my account, password reset is not working.",open,high,
adf9a7fa-b496-4b05-97db-06630437051d,CUST_00644,2025-08-10,account,How do I export all my data before cancelling?,pending,high,10.0
1f12f8af-1785-4137-9fe5-dbcd82400b8e,CUST_00644,2025-10-13,technical,My bank connection keeps disconnecting every few days.,pending,high,11.0
098429b5-cade-49a9-a8de-c3164060ef20,CUST_00644,2025-02-24,feature,Please add a dark mode to the dashboard.,pending,low,13.0
9080b66a-5415-4714-94fe-2ac8702a15d8,CUST_00644,2025-03-19,technical,My bank connection keeps disconnecting every few days.,resolved,medium,4.0
fee2aa71-e1b4-434b-92fb-f139405ea8eb,CUST_00644,2026-01-01,account,Can I downgrade my plan and keep my data?,resolved,high,5.0
5157b5b0-e036-4f00-8dc0-eb87b07da937,CUST_00644,2025-03-30,feature,Can you add support for multiple currencies?,pending,low,12.0
04dc5a6f-34e3-4497-b40c-56dc3c469bd8,CUST_00646,2025-03-28,account,I need to update my business address and tax ID.,pending,medium,
c8f378e9-ff91-4056-9849-bea413f348f9,CUST_00646,2025-11-06,account,How do I add a second user to my account?,pending,medium,12.0
13e1aa2d-e8ad-453b-aa97-460405aa90ba,CUST_00647,2026-05-10,technical,"I cannot log in to my account, password reset is not working.",pending,low,13.0
69f5eb7a-c53e-4d5b-9999-02915efd8cbc,CUST_00647,2026-03-29,billing,"My invoice shows the wrong amount, please help.",pending,high,5.0
cba1b647-2a2a-4b51-a00d-ce1b7ea307bc,CUST_00647,2026-04-25,feature,Please add a dark mode to the dashboard.,resolved,low,13.0
9aa4aea0-447c-4bdf-8c40-21c3bef65a74,CUST_00647,2026-04-23,account,How do I export all my data before cancelling?,open,medium,9.0
63780fb6-327b-4e6c-a7da-07a937dc349e,CUST_00648,2026-03-28,billing,I cancelled but was still billed. Please reverse this charge.,pending,low,
04fcff26-06dd-406a-b243-210dda772db0,CUST_00648,2026-02-17,billing,I cancelled but was still billed. Please reverse this charge.,resolved,high,2.0
8defd833-fbbf-4e66-8498-2d1eb3aa6993,CUST_00649,2024-08-04,billing,I cancelled but was still billed. Please reverse this charge.,resolved,low,11.0
daa05080-e18c-4712-8c69-a18d8f9dea3b,CUST_00649,2025-01-16,account,How do I export all my data before cancelling?,pending,low,13.0
43a276b0-b440-4247-af03-c8743380a850,CUST_00649,2024-11-29,billing,Why did my subscription price increase without notice?,pending,high,5.0
7a646bf5-d58e-4496-9258-d043039af1db,CUST_00649,2025-10-04,billing,I cancelled but was still billed. Please reverse this charge.,resolved,high,2.0
48df69d7-3c63-4bdd-852e-527b63dd926f,CUST_00650,2025-07-06,technical,Reports are not loading and just show a blank screen.,resolved,medium,11.0
5b9a109c-6365-4b09-a6ba-b1cc81785085,CUST_00650,2025-09-26,technical,The app crashes every time I try to run payroll.,open,low,3.0
501f57a2-6dfc-40d4-9a71-100558fd69b0,CUST_00651,2025-09-20,feature,Is there a way to export data to Excel automatically?,pending,low,5.0
d6f455f2-37e9-4ea7-b8c4-70b71a04a910,CUST_00651,2025-06-11,billing,I cancelled but was still billed. Please reverse this charge.,resolved,low,3.0
d26562fd-4e61-4a7f-b500-a81d3ad76ab7,CUST_00651,2026-03-11,billing,I was charged twice this month and need a refund immediately.,pending,medium,11.0
9acb8636-290e-4f6a-8227-c10f1a1b1579,CUST_00651,2025-11-18,account,How do I export all my data before cancelling?,pending,high,12.0
deceac6c-6ec4-42a4-9b5d-f0ecedee96cc,CUST_00651,2025-05-22,feature,Please add a dark mode to the dashboard.,resolved,low,2.0
f92980a5-3352-4afc-ac49-b1efc971f5f4,CUST_00651,2026-01-06,technical,Reports are not loading and just show a blank screen.,open,high,9.0
2d28a500-b80f-4a12-8db7-f62c32867519,CUST_00651,2025-11-15,account,How do I export all my data before cancelling?,resolved,high,
73675a24-47b8-4d71-b6d5-e73e3b0e9fb5,CUST_00651,2025-01-14,billing,Why did my subscription price increase without notice?,open,low,13.0
d95379c2-b875-4280-8485-d4a87c09f347,CUST_00652,2026-03-23,feature,Can you add support for multiple currencies?,open,medium,14.0
0ff30b2b-c0f6-423e-83d6-515756a8bbad,CUST_00653,2024-09-04,technical,My bank connection keeps disconnecting every few days.,open,low,7.0
3011c05d-479e-438d-aaab-46344c112645,CUST_00654,2026-03-17,technical,Reports are not loading and just show a blank screen.,resolved,low,
8b4f654d-ca9d-4a68-97fc-6e5a874f1d20,CUST_00654,2026-04-28,billing,Why did my subscription price increase without notice?,resolved,low,2.0
995c3c07-3bca-419e-ae17-2ed935150ad3,CUST_00656,2025-02-02,technical,Reports are not loading and just show a blank screen.,pending,medium,12.0
2d5dcd6d-d46d-4bb5-b1c2-430efcce4ceb,CUST_00656,2026-04-13,account,Can I downgrade my plan and keep my data?,resolved,low,8.0
7825aa8c-cd76-4128-b3d5-2d8bc82f3b42,CUST_00656,2025-10-23,technical,The app crashes every time I try to run payroll.,resolved,high,7.0
e8c68f06-d404-4ab4-9107-0f5c2938afc7,CUST_00656,2025-03-22,billing,"My invoice shows the wrong amount, please help.",open,low,3.0
2bb9770e-bc7f-4092-b68e-983a3afe7eda,CUST_00657,2026-03-31,billing,Why did my subscription price increase without notice?,resolved,medium,2.0
6d494955-ec4a-4502-b4f4-a39bb1f36fdc,CUST_00657,2026-05-02,technical,"I cannot log in to my account, password reset is not working.",pending,medium,1.0
0183248d-a5a8-40b4-8d5e-51d9d12dde0c,CUST_00657,2026-05-05,billing,I was charged twice this month and need a refund immediately.,open,high,11.0
24fdc872-9a5c-4ac6-8220-9fa2ec51a651,CUST_00658,2026-01-06,technical,The app crashes every time I try to run payroll.,pending,low,13.0
1faf4d63-cbed-4810-8e2c-1883bf8513e9,CUST_00658,2026-03-17,technical,The app crashes every time I try to run payroll.,open,high,
0209f07b-c5fa-424a-b95c-cc4d1d468469,CUST_00658,2026-05-04,account,I need to update my business address and tax ID.,resolved,high,12.0
22177f03-9d82-4573-91b1-c3c976af156c,CUST_00658,2026-04-15,feature,I need the ability to set recurring transactions.,resolved,high,10.0
94587f18-41ca-461c-9479-9d4b11c24a06,CUST_00659,2026-02-08,technical,Reports are not loading and just show a blank screen.,pending,high,12.0
68ef7f9c-501f-4ea2-872b-512dae425348,CUST_00659,2025-03-23,account,How do I add a second user to my account?,resolved,high,
6df712b4-112c-4a4a-87e5-b982d2a99fd6,CUST_00661,2026-04-15,account,I need to update my business address and tax ID.,resolved,high,12.0
5a49992f-c01f-41ed-a493-539b3355f9c3,CUST_00661,2026-01-27,feature,Please add a dark mode to the dashboard.,pending,high,
47fdfb54-c548-42d2-b10f-d8b36844473c,CUST_00661,2026-04-10,technical,My bank connection keeps disconnecting every few days.,pending,high,10.0
c88cd990-4f8a-4b6b-8fd5-3dda73bffce8,CUST_00661,2026-04-12,technical,The app crashes every time I try to run payroll.,pending,high,
93906b37-0700-44cc-97ee-af9915605ffa,CUST_00662,2025-12-17,account,I need to update my business address and tax ID.,pending,high,2.0
00a7a8d6-5968-4b22-8dce-f575a1d57c6d,CUST_00662,2025-09-29,feature,I need the ability to set recurring transactions.,pending,high,13.0
8935a4e8-e9e8-4710-a506-527ebe064e7d,CUST_00662,2026-04-26,feature,I need the ability to set recurring transactions.,open,low,
5b626f94-78a1-42bf-afae-d9810122548c,CUST_00663,2025-06-09,feature,Can you add support for multiple currencies?,resolved,high,
298aea42-40ba-4bd9-a10f-0ca52cb519d2,CUST_00663,2026-05-07,billing,I was charged twice this month and need a refund immediately.,resolved,medium,3.0
2b387f42-4eaa-4f51-b6ee-30b418a23bb7,CUST_00663,2026-02-13,billing,I cancelled but was still billed. Please reverse this charge.,open,high,9.0
9e8b5334-3895-48bd-ae1e-2adce6f38c60,CUST_00663,2025-11-22,feature,Can you add support for multiple currencies?,resolved,high,
c7289551-6b7c-4246-9360-edfeaf7daa29,CUST_00663,2025-09-18,account,I need to update my business address and tax ID.,open,high,13.0
fc380a08-bee7-4e7b-abaa-efdc2c0bfedd,CUST_00664,2025-06-09,feature,Can you add support for multiple currencies?,open,low,1.0
9e74e9de-738a-4d60-86a5-79097e812aeb,CUST_00664,2025-09-04,billing,"My invoice shows the wrong amount, please help.",pending,high,12.0
8188eb69-c695-4c0c-aec4-6d202c5e38bb,CUST_00664,2025-10-28,billing,"My invoice shows the wrong amount, please help.",open,low,3.0
b7c5cbbe-e5ea-4030-b228-4320d6d80acf,CUST_00664,2025-03-25,account,How do I export all my data before cancelling?,open,high,3.0
517ada51-c78b-4d1f-b896-31ddd07500e1,CUST_00665,2025-10-14,technical,Reports are not loading and just show a blank screen.,resolved,low,14.0
288a95a5-6ee4-4d1a-bcd4-b395956efcc1,CUST_00665,2025-11-10,technical,My bank connection keeps disconnecting every few days.,open,high,4.0
6e1599cb-1f65-4980-8609-e5ae4469b712,CUST_00665,2026-03-11,billing,"My invoice shows the wrong amount, please help.",open,medium,
95355c47-1b34-41f6-8a7a-f2cae2d30d2b,CUST_00667,2024-10-23,account,Can I downgrade my plan and keep my data?,pending,low,7.0
09df1cac-ace8-47cc-8ce6-88170f735746,CUST_00667,2025-03-09,feature,Can you add support for multiple currencies?,open,medium,3.0
b5d884f7-c36c-496a-b819-18f142fe04d9,CUST_00667,2025-06-26,technical,"I cannot log in to my account, password reset is not working.",resolved,medium,
c21bba7b-4974-40f7-a3aa-6f5ec23504a3,CUST_00668,2025-11-20,billing,I cancelled but was still billed. Please reverse this charge.,pending,high,10.0
0278132f-bd66-44f3-a2e7-03482d06ad7a,CUST_00668,2025-10-07,billing,I was charged twice this month and need a refund immediately.,pending,high,6.0
23b5ad4b-98b7-4553-896c-0e8ca67a86e7,CUST_00668,2026-02-20,billing,Why did my subscription price increase without notice?,open,low,5.0
9f2e84f7-69e0-4d70-85d1-32eb6ce74195,CUST_00668,2025-07-17,feature,Can you add support for multiple currencies?,resolved,high,1.0
c2083bfe-7a40-49be-ab72-8f51e38d665f,CUST_00669,2025-03-06,technical,"I cannot log in to my account, password reset is not working.",open,low,
f7af9693-22f3-4816-91ba-aea8626c1091,CUST_00669,2025-03-26,account,I need to update my business address and tax ID.,pending,high,12.0
eb9ee44e-36a4-4af9-8941-fa152796f76e,CUST_00670,2026-05-09,technical,My bank connection keeps disconnecting every few days.,pending,high,5.0
604b4f61-68f2-4dd2-a8a5-42f56eea26b3,CUST_00670,2026-01-03,account,How do I add a second user to my account?,open,low,9.0
222e19d9-0607-4be4-9ddb-a88c9da16abf,CUST_00671,2025-07-24,billing,I cancelled but was still billed. Please reverse this charge.,resolved,medium,10.0
75042e7c-302e-40d2-a133-c3777b1ce6ea,CUST_00671,2026-03-25,billing,I was charged twice this month and need a refund immediately.,open,medium,11.0
8a7ed772-5382-43bd-b891-f732c613a9d0,CUST_00671,2025-10-07,technical,Reports are not loading and just show a blank screen.,pending,low,8.0
db54e040-5dd2-40e7-a048-78a7068f18f2,CUST_00671,2026-04-17,feature,Please add a dark mode to the dashboard.,open,low,2.0
25ca37c3-1124-4d70-87f6-9cd815b04ff2,CUST_00672,2025-03-14,account,I need to update my business address and tax ID.,resolved,low,1.0
c294124d-f775-4f84-b0f7-6b6975c590e2,CUST_00672,2025-01-25,feature,Please add a dark mode to the dashboard.,open,high,4.0
c5a207ae-4d68-4ce3-9baa-96a989885bb8,CUST_00672,2024-12-02,billing,"My invoice shows the wrong amount, please help.",resolved,low,5.0
65c01112-c893-479b-855c-253eeaad8053,CUST_00672,2024-09-10,technical,My bank connection keeps disconnecting every few days.,pending,medium,7.0
34389482-44d1-4623-b0b7-4e2484939ca3,CUST_00672,2025-04-13,technical,My bank connection keeps disconnecting every few days.,resolved,low,13.0
2e32b3fe-9782-4051-a967-dcc7d5e54c0d,CUST_00672,2026-01-20,billing,Why did my subscription price increase without notice?,pending,medium,8.0
11129735-a496-43f0-80fc-009b67ec29aa,CUST_00672,2026-05-07,technical,The app crashes every time I try to run payroll.,pending,high,3.0
2780bf3f-a52a-4b8f-b8d4-58e4ecd33b1e,CUST_00672,2025-11-02,technical,The app crashes every time I try to run payroll.,pending,high,9.0
59726be6-512f-4b88-854a-3704792ad918,CUST_00673,2026-02-18,feature,Can you add support for multiple currencies?,resolved,high,8.0
5a1865d8-7bc3-4f16-b5dc-78b0404460c6,CUST_00673,2026-05-11,feature,Please add a dark mode to the dashboard.,pending,low,8.0
7d552ce7-6c14-40a3-9394-57591208e5e5,CUST_00674,2026-04-10,technical,Reports are not loading and just show a blank screen.,pending,high,7.0
37c4b245-e85c-45a7-a10d-f55d7c340e20,CUST_00674,2026-03-03,account,How do I export all my data before cancelling?,open,low,1.0
27b5c898-8910-433a-8963-64778cb0bb67,CUST_00674,2025-09-03,billing,I cancelled but was still billed. Please reverse this charge.,resolved,low,
92b7e18d-ba4c-4d30-894c-bf0c7b4f8422,CUST_00674,2026-01-02,billing,I was charged twice this month and need a refund immediately.,pending,medium,8.0
f08ec1ea-ecf6-48a9-9389-ea4362298e17,CUST_00675,2025-08-27,billing,Why did my subscription price increase without notice?,resolved,high,10.0
0f7d3993-6073-4a28-91ed-ceb36b213f2c,CUST_00676,2024-10-15,feature,Please add a dark mode to the dashboard.,resolved,low,4.0
96b1a6d9-a2f9-4b2d-8ab5-a668e03e4d52,CUST_00676,2025-05-24,feature,I need the ability to set recurring transactions.,pending,medium,
791faf20-43bc-448c-814c-48ea7d157716,CUST_00678,2026-03-11,feature,I need the ability to set recurring transactions.,pending,medium,
27096ef1-5f1f-4007-bd3f-cc662517c91c,CUST_00679,2025-09-10,billing,I cancelled but was still billed. Please reverse this charge.,pending,medium,
45d51ef6-8506-455c-b547-9bbdda6ec1bb,CUST_00679,2024-12-17,billing,"My invoice shows the wrong amount, please help.",resolved,high,4.0
3122f1ac-6933-48bb-936b-52adf564bdd6,CUST_00680,2026-05-04,account,Can I downgrade my plan and keep my data?,open,medium,6.0
bd8ea034-b048-4d74-a7aa-58771bbb09c6,CUST_00680,2025-12-29,technical,The app crashes every time I try to run payroll.,pending,low,9.0
cf194ee7-c5a1-409a-b1c0-8afa96f74a9f,CUST_00682,2025-03-13,billing,I was charged twice this month and need a refund immediately.,pending,low,13.0
7c75e687-d13a-4a45-8830-2a1c5f741962,CUST_00682,2025-12-01,billing,I cancelled but was still billed. Please reverse this charge.,open,low,8.0
ea4726fd-daa1-4e4f-8fe0-22d45cd67722,CUST_00682,2025-08-25,billing,Why did my subscription price increase without notice?,open,high,6.0
7e7289e1-0512-4b5e-b2af-ec59ccc4c878,CUST_00682,2025-09-29,account,How do I export all my data before cancelling?,resolved,high,13.0
1ade5baf-7291-4681-b68c-62298c167496,CUST_00682,2025-11-28,technical,My bank connection keeps disconnecting every few days.,pending,high,
11fc17d9-76cf-421b-a1a7-8c93d6baa952,CUST_00682,2025-12-26,billing,I cancelled but was still billed. Please reverse this charge.,resolved,medium,8.0
d89de251-9a9f-4eaf-9c17-d1bcf2648920,CUST_00683,2026-04-25,technical,Reports are not loading and just show a blank screen.,pending,high,3.0
bb7a40c8-8d33-42a6-8e75-403038cd6336,CUST_00684,2026-03-10,technical,Reports are not loading and just show a blank screen.,pending,high,13.0
b547c75d-e77e-45e5-8c32-71fc8f92dbeb,CUST_00684,2026-02-24,technical,The app crashes every time I try to run payroll.,open,medium,14.0
fb83f62f-f872-41e2-a2d5-5d9595f71369,CUST_00684,2026-04-18,feature,Please add a dark mode to the dashboard.,pending,high,6.0
b4295515-85b1-4179-8c0d-3cff92003d61,CUST_00684,2026-05-06,account,I need to update my business address and tax ID.,pending,medium,3.0
b513e9d4-3504-4fe3-84d4-0efedb2cee69,CUST_00684,2026-05-17,feature,Please add a dark mode to the dashboard.,pending,high,6.0
87106105-37ca-41d5-b4b7-4ca9b686b063,CUST_00685,2026-04-14,billing,I cancelled but was still billed. Please reverse this charge.,pending,low,3.0
a058c0cc-a73c-4014-bde5-ff68820630c7,CUST_00685,2025-09-17,billing,I was charged twice this month and need a refund immediately.,pending,low,
c7338b6f-455e-4541-97d8-611660d44be6,CUST_00685,2025-10-14,account,I need to update my business address and tax ID.,open,medium,1.0
864f176c-464c-4194-85ef-ccd4168a4b77,CUST_00685,2026-03-18,account,How do I add a second user to my account?,resolved,medium,13.0
35c47f29-9ab1-4573-8661-f8289df9b707,CUST_00686,2026-02-04,billing,Why did my subscription price increase without notice?,pending,low,14.0
c04320e7-b215-4d9d-b9a9-95b7b6e98add,CUST_00686,2025-05-20,billing,Why did my subscription price increase without notice?,open,high,5.0
8a7c4c13-29be-45b0-a182-97e56521a342,CUST_00686,2025-10-02,feature,I need the ability to set recurring transactions.,resolved,low,14.0
3ef9d001-812f-4efc-a15f-025801c92c27,CUST_00687,2025-11-04,account,Can I downgrade my plan and keep my data?,pending,high,9.0
83d8b10e-fc04-4a32-b772-41cd332fa675,CUST_00688,2025-07-24,billing,Why did my subscription price increase without notice?,resolved,high,11.0
dbf1f9dd-b66c-4a8e-9556-e57a1a3eb1f1,CUST_00688,2025-11-07,account,How do I add a second user to my account?,resolved,medium,
a935c658-fe92-4f3a-8b3f-db495917714c,CUST_00688,2025-09-04,account,How do I add a second user to my account?,open,high,
5a620cf9-ad3c-41ae-9e3f-158085ad9e72,CUST_00688,2025-02-04,feature,Can you add support for multiple currencies?,resolved,low,1.0
da47e47c-45fe-4954-8279-a0e179993201,CUST_00688,2025-07-12,account,I need to update my business address and tax ID.,pending,high,7.0
ebbc0fc9-a8c7-40ae-9b58-01fa5e6f5eca,CUST_00689,2026-01-11,feature,Is there a way to export data to Excel automatically?,pending,high,
86b5727c-7b65-40bf-a68a-5727dbd61e8d,CUST_00690,2025-12-08,technical,My bank connection keeps disconnecting every few days.,resolved,medium,2.0
fd279822-be3b-4f9c-9e2e-d21f9ac161f4,CUST_00693,2025-10-09,technical,The app crashes every time I try to run payroll.,resolved,high,1.0
99a24092-b891-4bfd-b90b-e148b1880d91,CUST_00693,2025-10-30,billing,"My invoice shows the wrong amount, please help.",resolved,high,10.0
354015d6-bb28-4aa2-8e3f-81d372875749,CUST_00694,2026-02-25,feature,Is there a way to export data to Excel automatically?,resolved,low,4.0
1bffb804-afbc-4fda-b6ad-748d5e324af6,CUST_00695,2025-11-23,feature,I need the ability to set recurring transactions.,resolved,medium,14.0
f1fb4d5e-1eac-479f-a908-7f4250f09ba3,CUST_00695,2025-10-17,account,How do I add a second user to my account?,resolved,medium,8.0
b024b629-964e-4c22-9c4e-7c0e6c0e9e8d,CUST_00695,2025-09-12,billing,Why did my subscription price increase without notice?,open,high,14.0
f0ae9474-1bb9-4d4b-90c7-42101dda5283,CUST_00695,2026-02-20,feature,Is there a way to export data to Excel automatically?,resolved,medium,1.0
fe76a5d6-cc95-4625-acd5-996ad8ed4193,CUST_00696,2026-04-03,account,I need to update my business address and tax ID.,resolved,low,
5c4643dd-54a5-4b74-9dcc-fdb353e40a97,CUST_00696,2026-04-21,billing,I was charged twice this month and need a refund immediately.,resolved,high,13.0
01159b11-a6fb-4e22-a00a-71312bd7b600,CUST_00696,2026-03-29,technical,"I cannot log in to my account, password reset is not working.",open,medium,11.0
1e6aa31a-9fce-4f59-9442-081e78b33048,CUST_00697,2025-10-25,technical,My bank connection keeps disconnecting every few days.,pending,high,5.0
0bcb4959-2638-4d2f-8f8f-1fe545ea0c31,CUST_00697,2025-07-06,technical,My bank connection keeps disconnecting every few days.,open,low,8.0
df5cb6c5-0130-4576-a158-23a0968157d2,CUST_00697,2026-03-04,billing,I cancelled but was still billed. Please reverse this charge.,resolved,medium,
0dd41fd7-2c04-4055-ae4f-53394722e45f,CUST_00697,2025-11-23,technical,The app crashes every time I try to run payroll.,resolved,medium,14.0
830fa02e-c80f-45a0-a417-02fa8ce17fae,CUST_00698,2025-11-09,feature,Is there a way to export data to Excel automatically?,pending,high,7.0
54fb3350-2cc2-40d3-a80c-3c36b6970bfe,CUST_00698,2026-02-10,account,How do I export all my data before cancelling?,open,high,9.0
4be13372-8282-40ba-aca2-b536cd92e6ef,CUST_00699,2025-07-08,feature,Can you add support for multiple currencies?,open,medium,8.0
11151f0e-cb96-4e0c-92c5-56792ea1ae98,CUST_00699,2026-03-09,feature,Can you add support for multiple currencies?,open,high,
7cca0053-a40e-42da-9314-5024434e9e5a,CUST_00699,2025-05-14,feature,Please add a dark mode to the dashboard.,pending,medium,4.0
7f487ef5-082c-4550-a0aa-b2eda78b38e0,CUST_00700,2026-04-27,feature,Please add a dark mode to the dashboard.,pending,high,9.0
903d9e35-d745-41e7-ac73-db3e1d1cca7c,CUST_00700,2025-04-28,billing,I was charged twice this month and need a refund immediately.,open,high,
a54157fd-5df5-45cc-b046-8eef4e4684ce,CUST_00700,2026-02-04,billing,I cancelled but was still billed. Please reverse this charge.,open,low,13.0
181ae11f-c3a5-4ed6-92ec-0c6be46923f2,CUST_00700,2025-04-24,billing,I was charged twice this month and need a refund immediately.,resolved,low,13.0
b5883708-f27d-4cc3-9fa0-475245223fb9,CUST_00701,2025-04-11,account,Can I downgrade my plan and keep my data?,pending,high,7.0
044d3faa-0513-4ae6-90b4-fe6ad5d31c3d,CUST_00702,2025-05-15,account,Can I downgrade my plan and keep my data?,open,medium,1.0
5eec652c-2f9f-4f71-9e88-ef184b1be8cf,CUST_00703,2024-07-12,billing,"My invoice shows the wrong amount, please help.",pending,low,
561061eb-7a55-48c2-b94a-c2f95d916aaa,CUST_00703,2025-01-23,feature,I need the ability to set recurring transactions.,resolved,low,10.0
d5f70457-aba9-456b-a69d-5d3da2444f5a,CUST_00703,2024-10-26,feature,Is there a way to export data to Excel automatically?,resolved,medium,3.0
cf60c5f6-ca31-4f6c-817e-0098db0adf7e,CUST_00704,2025-04-04,feature,Can you add support for multiple currencies?,open,medium,
fc938d00-fcb8-4afb-be5a-3e607cefad2d,CUST_00704,2025-06-03,account,How do I export all my data before cancelling?,open,medium,4.0
cc5448bd-1ae6-4c7c-8055-1f2f3019e4bc,CUST_00705,2026-02-06,technical,The app crashes every time I try to run payroll.,pending,medium,5.0
e7903599-2db9-4743-bb7a-58f01ea113cc,CUST_00705,2025-10-03,billing,I was charged twice this month and need a refund immediately.,open,high,
ffb2739a-cbd0-45f3-9809-44c1211b46fd,CUST_00705,2026-02-16,feature,Is there a way to export data to Excel automatically?,pending,low,7.0
2495b922-8ff9-48a6-8f6b-c144aac3373b,CUST_00706,2026-03-20,feature,Is there a way to export data to Excel automatically?,resolved,medium,6.0
8862ef59-9363-4943-b1c3-6b5649280157,CUST_00706,2026-05-01,technical,My bank connection keeps disconnecting every few days.,pending,medium,
24de5b3d-540a-498b-9888-1f5dfb71ac18,CUST_00707,2025-12-03,feature,Please add a dark mode to the dashboard.,resolved,low,3.0
dd618294-97c8-41ed-a7d8-4f56132f5962,CUST_00708,2025-03-10,technical,The app crashes every time I try to run payroll.,resolved,high,3.0
ab5b59cd-0162-4e03-b86e-4a13838ae406,CUST_00708,2025-04-21,technical,The app crashes every time I try to run payroll.,pending,medium,
a6d6352b-d0ea-418a-b943-ba41f28479d9,CUST_00708,2025-02-23,feature,Please add a dark mode to the dashboard.,resolved,high,7.0
a7edec62-c17e-48e1-82f5-47cbdc46e35d,CUST_00708,2024-09-23,account,Can I downgrade my plan and keep my data?,pending,low,4.0
9baaf81d-84ca-4ff7-9a90-2cc4b72f1e3b,CUST_00709,2025-11-16,technical,The app crashes every time I try to run payroll.,pending,low,10.0
93238c49-ff35-4aa2-a151-0e744c92c9cb,CUST_00709,2025-10-08,technical,Reports are not loading and just show a blank screen.,open,low,3.0
5da8e263-80b2-4bdb-93d5-e900493b1ccd,CUST_00709,2026-05-04,feature,I need the ability to set recurring transactions.,resolved,medium,6.0
ed8b97f1-76cd-45b0-96d3-df34c4f88547,CUST_00709,2026-03-26,technical,My bank connection keeps disconnecting every few days.,pending,high,
fe13ebe2-aa71-4fa3-9fe5-9920e52e2692,CUST_00710,2026-03-27,account,Can I downgrade my plan and keep my data?,pending,high,2.0
a4e5d8a4-67b6-4b2b-afef-6038c0c91b4f,CUST_00710,2026-05-04,account,How do I add a second user to my account?,resolved,high,5.0
82dbdc40-1b54-4755-a23e-501224d551b3,CUST_00711,2026-03-22,billing,"My invoice shows the wrong amount, please help.",resolved,high,13.0
ca1355e2-2f87-4469-a0b5-bc2ac918b5fb,CUST_00712,2025-12-04,billing,"My invoice shows the wrong amount, please help.",pending,low,
66282b7c-fac5-471d-a150-3c4819c57ad6,CUST_00712,2025-04-11,technical,My bank connection keeps disconnecting every few days.,resolved,high,1.0
9b7aece6-0bbb-403d-b9ee-79d36383f7ef,CUST_00712,2025-03-16,account,How do I add a second user to my account?,pending,low,13.0
dcd820c6-84d5-4479-9306-bc49e1b15507,CUST_00713,2026-04-13,technical,My bank connection keeps disconnecting every few days.,resolved,medium,
363ff93e-b3e8-4e87-88c8-b4f0d44ec59c,CUST_00713,2026-03-12,billing,"My invoice shows the wrong amount, please help.",open,medium,11.0
7d45f139-0949-4108-9ec8-f735cfa3c252,CUST_00713,2026-04-27,account,Can I downgrade my plan and keep my data?,pending,low,4.0
a7352675-8a97-4177-9e0d-02b082b7a14b,CUST_00713,2025-11-21,feature,I need the ability to set recurring transactions.,pending,high,6.0
60a64ac5-73c5-4451-b577-5ff112b81520,CUST_00714,2025-09-22,account,How do I export all my data before cancelling?,pending,medium,10.0
f10bead8-c7be-47c0-87ce-1c8be5cfc754,CUST_00714,2025-12-04,feature,Please add a dark mode to the dashboard.,resolved,medium,
24e70761-a20f-4d05-a1c0-d2b875afd191,CUST_00714,2026-04-29,technical,The app crashes every time I try to run payroll.,open,low,
8ee70a56-ee5e-4ab6-91ae-b89caaeb64b3,CUST_00715,2025-08-11,feature,Please add a dark mode to the dashboard.,open,high,6.0
b9c2db26-0777-4221-a10c-3ea31f0ce359,CUST_00715,2025-06-16,account,I need to update my business address and tax ID.,open,medium,8.0
87520e4c-3e1b-45c2-aa25-6b0fc64d7b8f,CUST_00716,2026-03-07,account,I need to update my business address and tax ID.,open,low,11.0
a074c342-a1d4-449a-bf7b-106b6b876621,CUST_00716,2026-02-26,account,I need to update my business address and tax ID.,pending,medium,12.0
ab472dc3-94de-4d89-bb67-8942619d0588,CUST_00716,2026-02-17,feature,I need the ability to set recurring transactions.,resolved,high,10.0
2055b3b6-0896-492c-9135-386e4892539c,CUST_00717,2025-09-12,billing,"My invoice shows the wrong amount, please help.",pending,low,
e88153eb-c545-4c57-8c0d-0e270960b002,CUST_00717,2026-04-06,billing,I was charged twice this month and need a refund immediately.,open,low,10.0
1f22b681-dd40-4abb-8774-030a21a167e1,CUST_00717,2025-08-25,billing,I cancelled but was still billed. Please reverse this charge.,open,high,4.0
746362e9-4161-48fa-a71e-c26bc071cceb,CUST_00717,2025-08-03,billing,I was charged twice this month and need a refund immediately.,resolved,medium,10.0
0b8349cb-ae7c-4139-b9f0-cda7a978f6df,CUST_00718,2025-05-26,account,How do I add a second user to my account?,open,low,2.0
a0b91df8-61f6-4c37-997d-2b7a08ca6665,CUST_00718,2026-02-20,account,Can I downgrade my plan and keep my data?,open,high,8.0
ab420971-762c-406b-a977-e73aaa22a161,CUST_00718,2025-06-12,feature,I need the ability to set recurring transactions.,open,low,
f0529b7b-7b87-4d09-ba39-bc684e31bb55,CUST_00718,2025-09-07,feature,Can you add support for multiple currencies?,resolved,low,7.0
68a17a5e-444b-4878-9b16-3157153dced6,CUST_00719,2025-10-22,technical,The app crashes every time I try to run payroll.,pending,high,9.0
b3a08ea0-8247-4422-b52b-238b5237635b,CUST_00719,2026-02-25,feature,Please add a dark mode to the dashboard.,pending,high,11.0
337ebe4d-da67-4fc0-9af0-5a8b5f87c9de,CUST_00719,2025-08-10,account,Can I downgrade my plan and keep my data?,pending,high,3.0
66fc579a-5aa3-4fb9-ba59-7e4a2e6ee29c,CUST_00721,2026-04-12,account,I need to update my business address and tax ID.,open,high,
778cc4ee-eb4a-498c-bcac-21d35ee7d02a,CUST_00722,2026-03-31,technical,My bank connection keeps disconnecting every few days.,pending,high,
6f1a7b64-77bb-43a8-ad9d-515d70f955f8,CUST_00722,2025-11-30,feature,Can you add support for multiple currencies?,resolved,medium,13.0
3f5d03f3-248d-44b1-a642-a1e4e12a88f8,CUST_00722,2026-02-02,account,I need to update my business address and tax ID.,open,low,3.0
5bcabb36-c9a7-4f16-bd8b-ebfb6ee3d797,CUST_00723,2025-08-12,account,How do I export all my data before cancelling?,resolved,low,14.0
d7f6defd-8f58-4123-a7e3-5bce95afea98,CUST_00724,2025-02-16,technical,"I cannot log in to my account, password reset is not working.",pending,medium,3.0
86483609-553f-40cd-ab12-8b61ad60b05d,CUST_00724,2024-11-19,technical,The app crashes every time I try to run payroll.,pending,medium,11.0
eb231ff1-902d-48aa-ac5e-20f444ce5ac8,CUST_00724,2025-08-29,billing,"My invoice shows the wrong amount, please help.",resolved,low,9.0
c75b3135-c884-425d-a234-f1e16a92ca46,CUST_00724,2026-05-07,feature,Please add a dark mode to the dashboard.,resolved,medium,9.0
521eaf21-008a-4f23-a144-99f43881a3a2,CUST_00726,2025-05-07,billing,I cancelled but was still billed. Please reverse this charge.,open,low,12.0
5fd91b32-d2d5-4329-a720-6b3400f7a238,CUST_00726,2025-09-05,technical,"I cannot log in to my account, password reset is not working.",open,low,12.0
effa413c-697f-48a4-9b10-eb36cbf6626c,CUST_00726,2026-03-20,billing,I cancelled but was still billed. Please reverse this charge.,pending,medium,13.0
b72f601f-8885-4bc1-a12b-047d0df84b2c,CUST_00727,2026-01-11,account,How do I export all my data before cancelling?,resolved,medium,8.0
ea343f93-4dbf-41fc-aa83-41e5ca4caf3b,CUST_00727,2026-04-25,technical,My bank connection keeps disconnecting every few days.,pending,high,8.0
bd5ef831-e6e7-4c58-acb7-a0c92522e953,CUST_00727,2026-02-28,feature,Is there a way to export data to Excel automatically?,resolved,medium,11.0
2ff6ea77-12c2-4244-9c3b-c85e804fdfa0,CUST_00728,2024-10-09,feature,I need the ability to set recurring transactions.,pending,high,
0f60fd21-2367-4db0-a2d2-7109d5044d16,CUST_00728,2025-11-19,billing,I was charged twice this month and need a refund immediately.,open,low,9.0
4c69e503-6f74-4924-93be-c636004e9c03,CUST_00728,2025-08-25,feature,Can you add support for multiple currencies?,open,high,4.0
e4124613-e943-498a-9e05-6c6315fb0b00,CUST_00729,2025-11-08,feature,Please add a dark mode to the dashboard.,resolved,medium,11.0
3c503f40-066f-4bb2-a06a-72fb598ae529,CUST_00729,2026-01-27,technical,The app crashes every time I try to run payroll.,pending,medium,11.0
0174b56a-639d-4a2d-b640-4d715e1880f3,CUST_00729,2026-01-02,feature,Is there a way to export data to Excel automatically?,open,low,7.0
3c9adf92-db2c-4180-85d8-e578f3c8cc80,CUST_00730,2025-11-05,account,How do I add a second user to my account?,open,high,3.0
3e18d357-cb7e-4d0b-9b27-3c0503b19d3b,CUST_00730,2025-11-12,billing,I was charged twice this month and need a refund immediately.,resolved,low,
dceb8c0c-9c9b-470b-980a-8b12470d9be0,CUST_00730,2025-12-21,billing,I was charged twice this month and need a refund immediately.,pending,low,
e5dd120a-4cff-4971-a42f-0c4c98825dc4,CUST_00731,2026-04-24,technical,"I cannot log in to my account, password reset is not working.",pending,medium,11.0
990eac38-9bbc-4f8d-8a3d-ee68c65a3924,CUST_00731,2026-04-12,account,Can I downgrade my plan and keep my data?,resolved,high,4.0
6500751f-4e76-40fd-9977-3711e95ed072,CUST_00731,2025-08-16,account,Can I downgrade my plan and keep my data?,resolved,medium,6.0
26d25eef-57c4-4dce-9244-f88310c66728,CUST_00732,2026-03-08,technical,The app crashes every time I try to run payroll.,open,low,11.0
e918cd87-df19-4d44-8d36-9f828af38a93,CUST_00732,2025-08-06,feature,Please add a dark mode to the dashboard.,resolved,low,2.0
59a2737b-66b1-40bf-8843-1a146b77320d,CUST_00732,2025-12-01,feature,Is there a way to export data to Excel automatically?,open,low,1.0
35a91519-122b-46e0-9904-c73d90310a39,CUST_00732,2025-08-30,billing,"My invoice shows the wrong amount, please help.",pending,high,12.0
81ff1598-3f14-4c1b-a762-ef30828df3c5,CUST_00733,2025-09-04,feature,Is there a way to export data to Excel automatically?,open,low,2.0
4d90344d-45b3-4046-8432-520f8268494d,CUST_00733,2026-03-14,feature,Is there a way to export data to Excel automatically?,resolved,low,7.0
2ac90bd7-8c4b-4bcf-8bf6-ecb850bc7c26,CUST_00733,2024-10-24,billing,"My invoice shows the wrong amount, please help.",pending,high,13.0
d694f642-a2c0-4777-956e-a09e32322fb3,CUST_00733,2025-12-19,technical,My bank connection keeps disconnecting every few days.,open,high,10.0
e46e1533-b34a-4d49-aef1-5db2805e482f,CUST_00733,2024-07-29,technical,Reports are not loading and just show a blank screen.,resolved,low,8.0
02ba6835-2082-46ee-9a15-89a09fc7c758,CUST_00733,2025-04-15,feature,Can you add support for multiple currencies?,pending,medium,
2c467ef1-31bb-4a9c-a51e-139ebb1ca9b1,CUST_00734,2025-01-24,account,Can I downgrade my plan and keep my data?,pending,medium,6.0
631197ca-3520-44ff-b3ff-80cfd83219fd,CUST_00734,2026-03-04,account,How do I add a second user to my account?,resolved,low,6.0
66a900a5-a932-469d-9d1c-be99ebfcc4cd,CUST_00734,2024-12-12,account,How do I add a second user to my account?,resolved,medium,4.0
75a09bbf-222c-490a-8fca-d330bc69db90,CUST_00735,2025-07-12,billing,I cancelled but was still billed. Please reverse this charge.,open,medium,13.0
664009e2-70b5-4c81-b946-0773132f8ebe,CUST_00735,2025-11-24,account,How do I export all my data before cancelling?,resolved,high,2.0
1b7e6656-4c21-4939-944a-9a681d8dc82d,CUST_00735,2026-04-24,feature,Can you add support for multiple currencies?,resolved,medium,7.0
b8a358bb-e125-42f0-8cbe-532de22e8aa3,CUST_00735,2026-02-17,technical,My bank connection keeps disconnecting every few days.,open,medium,1.0
fe09fca2-a8d0-461e-bff6-279ad2c53022,CUST_00736,2025-09-28,account,I need to update my business address and tax ID.,resolved,medium,6.0
cabab58e-8b54-41e4-9cb5-644fb324b32a,CUST_00737,2025-02-02,technical,"I cannot log in to my account, password reset is not working.",resolved,low,
2543552a-032b-4524-86de-2fb76a0936f3,CUST_00737,2026-03-30,billing,Why did my subscription price increase without notice?,pending,high,7.0
ab31a1d5-6472-475c-85dd-a08ade4f3472,CUST_00737,2024-12-21,technical,Reports are not loading and just show a blank screen.,resolved,high,5.0
c217c29e-d3f2-4335-8a1b-c3d0cf3ff14e,CUST_00737,2025-07-03,billing,I cancelled but was still billed. Please reverse this charge.,resolved,low,1.0
c577c8c8-c4b0-4289-b5c9-26d35615f12e,CUST_00738,2026-01-28,feature,Can you add support for multiple currencies?,open,medium,7.0
41bb7373-1cfe-4146-a097-5f84f77265aa,CUST_00738,2026-04-26,account,I need to update my business address and tax ID.,pending,medium,7.0
7faca587-7998-4624-ac68-549b17dca362,CUST_00738,2026-04-29,account,How do I add a second user to my account?,pending,medium,5.0
9a2378fb-e529-47a3-be4e-77a237615405,CUST_00738,2026-04-09,account,I need to update my business address and tax ID.,open,high,11.0
3d866451-9686-4504-9f9d-6be999b756a3,CUST_00739,2025-08-30,feature,Please add a dark mode to the dashboard.,pending,low,4.0
2021397f-2dd5-42c0-95e3-0f99a82a8ad5,CUST_00739,2025-10-20,account,How do I export all my data before cancelling?,pending,high,4.0
6c2885c1-7545-4cdb-9dad-a60c71d192d4,CUST_00739,2025-10-17,billing,Why did my subscription price increase without notice?,pending,low,3.0
7182850a-3dff-486b-bbc9-9cf8b6288a84,CUST_00739,2026-03-15,feature,Is there a way to export data to Excel automatically?,pending,low,6.0
e965e07f-880d-4bb9-9b89-e70350ff3c60,CUST_00740,2025-08-11,account,Can I downgrade my plan and keep my data?,pending,low,11.0
bfa45675-e96e-4b20-b5f8-1459807918c9,CUST_00740,2025-05-27,billing,"My invoice shows the wrong amount, please help.",pending,high,
ffaec90d-2381-478d-8f49-f43af6d94ff3,CUST_00740,2025-05-06,feature,Is there a way to export data to Excel automatically?,resolved,high,1.0
bf1f3894-79c9-4b20-af2d-832d86cf0060,CUST_00740,2025-12-20,billing,"My invoice shows the wrong amount, please help.",open,low,7.0
0e529c21-67d7-4f44-b195-80346ae63296,CUST_00741,2026-04-22,billing,"My invoice shows the wrong amount, please help.",pending,medium,
fe73f42e-a7b6-42b6-a82b-0e706ee4a8a1,CUST_00741,2026-05-03,technical,Reports are not loading and just show a blank screen.,resolved,medium,9.0
9ebc172e-3431-419e-a261-1ea8e639bf14,CUST_00742,2024-08-31,feature,Is there a way to export data to Excel automatically?,pending,high,11.0
b8c59fe8-22d8-4f61-bdd9-0821b7178643,CUST_00742,2025-03-23,technical,My bank connection keeps disconnecting every few days.,resolved,high,9.0
dc1e6ba1-fd65-4620-bedf-28b99063eb9f,CUST_00742,2025-09-15,billing,Why did my subscription price increase without notice?,resolved,high,13.0
9ed186d5-549f-4e20-9a54-54a656b8e9e9,CUST_00743,2026-02-02,technical,The app crashes every time I try to run payroll.,pending,medium,13.0
cb038785-f88e-47da-88a6-aab30261b67f,CUST_00744,2025-02-18,billing,Why did my subscription price increase without notice?,open,low,1.0
9f9cfc01-cb63-4a92-9d91-58d7a229375b,CUST_00745,2026-04-02,feature,I need the ability to set recurring transactions.,resolved,low,10.0
1ea26b47-8398-4de4-9a7a-b0b746231d3b,CUST_00745,2026-05-04,account,I need to update my business address and tax ID.,resolved,low,7.0
41347baf-5b5b-4869-aad8-aa344fcedac8,CUST_00745,2026-04-06,account,How do I export all my data before cancelling?,pending,high,
602b8bef-d954-466f-838e-a2c960e7ff12,CUST_00745,2026-03-23,account,How do I add a second user to my account?,open,low,11.0
33ba5e0c-9756-4b94-9010-b28afb71f06b,CUST_00746,2025-10-16,billing,Why did my subscription price increase without notice?,pending,medium,7.0
a71a0c42-6b0e-4364-9ec6-ca3960f1dd18,CUST_00747,2024-12-23,feature,I need the ability to set recurring transactions.,open,medium,
e2570fbd-b277-488b-8263-38821ad486a4,CUST_00747,2026-04-02,technical,My bank connection keeps disconnecting every few days.,open,medium,8.0
10c6a09d-3dbf-46be-97e9-6ef82030c2ed,CUST_00747,2025-11-10,technical,"I cannot log in to my account, password reset is not working.",open,low,5.0
4532995a-a8f7-45a2-b9e1-027c8d717435,CUST_00747,2025-10-19,account,How do I add a second user to my account?,resolved,medium,7.0
de6c53eb-9ff6-4e4e-80de-e3160cb5ea5e,CUST_00748,2026-01-31,account,I need to update my business address and tax ID.,resolved,high,8.0
3179c739-66b5-448d-a886-19e074890aba,CUST_00748,2026-01-28,account,I need to update my business address and tax ID.,open,high,
cfa1da89-402d-4f72-987c-be8566f19d7c,CUST_00748,2026-02-06,feature,Can you add support for multiple currencies?,resolved,medium,
81d00a06-3e5d-4352-b632-5b740c81adbd,CUST_00748,2026-04-05,billing,I was charged twice this month and need a refund immediately.,open,high,
a4efdd55-452e-4761-970e-c3468f5e608a,CUST_00748,2026-05-05,billing,"My invoice shows the wrong amount, please help.",open,high,
709aec66-5a2a-4c0b-b027-608e01e994df,CUST_00749,2026-03-28,account,I need to update my business address and tax ID.,open,low,6.0
d8899107-d5b2-4191-a8c7-5dac24688ac8,CUST_00749,2026-05-18,account,How do I add a second user to my account?,open,low,3.0
c03df951-6499-427e-b653-9e6bbc12549f,CUST_00749,2026-04-10,feature,Is there a way to export data to Excel automatically?,open,medium,
a165001c-6e9c-49a9-95b4-f3bebb4b643d,CUST_00749,2026-04-23,billing,I cancelled but was still billed. Please reverse this charge.,open,low,13.0
2f2065d5-a8ff-4fc0-85dc-37de5a1ebe57,CUST_00750,2026-04-08,billing,I cancelled but was still billed. Please reverse this charge.,pending,medium,4.0
6c399576-5d68-40e2-bbe1-4009990cb798,CUST_00750,2026-04-10,billing,I was charged twice this month and need a refund immediately.,resolved,low,9.0
f1e24ad0-bfa0-4029-bc0c-d050210b19ea,CUST_00750,2026-01-01,technical,"I cannot log in to my account, password reset is not working.",open,low,
cb379b6e-67e2-42f3-9e53-c3043bdfb52d,CUST_00751,2026-03-16,technical,The app crashes every time I try to run payroll.,pending,medium,4.0
e378663e-54ac-4028-aabf-349cd44dd0a6,CUST_00751,2025-12-02,feature,Can you add support for multiple currencies?,open,low,2.0
bc3bf2d9-28e6-4d32-a1ec-d2b1f94cce03,CUST_00751,2026-01-20,account,How do I export all my data before cancelling?,pending,low,8.0
fee32ef2-9ea3-44ff-a8ff-e88aac8b983a,CUST_00751,2026-02-27,technical,My bank connection keeps disconnecting every few days.,resolved,high,9.0
a54ec4e0-6fff-4c9e-915b-f8b10e47b61f,CUST_00752,2026-04-04,technical,Reports are not loading and just show a blank screen.,pending,low,14.0
5891b946-aa91-4619-bced-fad2b99ba1d3,CUST_00753,2025-02-12,feature,Please add a dark mode to the dashboard.,pending,high,4.0
5eeeebdd-1acd-4e4b-bb6e-82799b506a8d,CUST_00754,2025-01-09,technical,"I cannot log in to my account, password reset is not working.",open,high,10.0
1270377b-b226-4366-bdbe-06220db93f17,CUST_00754,2025-03-17,billing,Why did my subscription price increase without notice?,resolved,high,
1ce2b4c1-a06e-4f82-84b7-9610a1abb18f,CUST_00754,2025-06-25,feature,I need the ability to set recurring transactions.,open,medium,13.0
57ebd4b7-8e42-40b0-9a88-ad911eaffb95,CUST_00754,2026-02-22,feature,Is there a way to export data to Excel automatically?,pending,low,8.0
97670474-cbc6-480d-8c6d-cab1d89f198c,CUST_00757,2025-12-17,billing,I cancelled but was still billed. Please reverse this charge.,resolved,low,14.0
d83e014c-5683-405e-b0df-7a72f37fac23,CUST_00757,2025-12-27,billing,I was charged twice this month and need a refund immediately.,open,medium,13.0
e7b53b33-0233-479b-bf58-f7580a577467,CUST_00758,2025-04-09,feature,I need the ability to set recurring transactions.,resolved,low,7.0
486d8d6e-1023-4d0d-b1b6-d39c2f11c62c,CUST_00758,2025-10-22,feature,Please add a dark mode to the dashboard.,open,medium,4.0
938965b4-a6a7-47f3-b065-fbe3152416b6,CUST_00759,2026-05-18,billing,"My invoice shows the wrong amount, please help.",pending,low,2.0
460a59a5-e149-4d8d-8d8e-c9ee1698dc81,CUST_00760,2025-07-11,account,How do I add a second user to my account?,open,high,
94cc0ce4-a8bf-4c7a-8e07-2fa8d08af2db,CUST_00760,2025-12-27,account,Can I downgrade my plan and keep my data?,pending,high,7.0
719a0127-f01c-4d0d-87d3-05bcf765e848,CUST_00760,2025-04-18,billing,I cancelled but was still billed. Please reverse this charge.,open,low,14.0
4a01ae3b-e8c9-45a4-96ab-15eab04f04aa,CUST_00760,2025-06-01,account,How do I export all my data before cancelling?,open,high,10.0
0af71e68-5759-4ece-82e1-0cc983ae635b,CUST_00760,2025-03-12,account,I need to update my business address and tax ID.,open,high,7.0
723d12f2-02c7-43a1-a765-1cfe995aa59d,CUST_00761,2026-02-08,account,I need to update my business address and tax ID.,pending,high,13.0
bbc2ddc6-9c0a-43e7-bd05-2549880e24b1,CUST_00761,2025-10-24,account,How do I add a second user to my account?,resolved,high,
970c7173-4111-4400-8c52-a210916fd2cd,CUST_00761,2025-11-27,feature,I need the ability to set recurring transactions.,open,high,
8cbbba50-ee5f-4434-88d2-c09d4f1ef656,CUST_00761,2026-04-02,account,How do I export all my data before cancelling?,open,medium,4.0
41de4362-aa61-4c07-9d30-0efd78793adb,CUST_00761,2026-05-09,account,I need to update my business address and tax ID.,resolved,high,
857b9a41-5a5e-47f3-be41-fdf05977609f,CUST_00761,2026-03-16,account,I need to update my business address and tax ID.,resolved,high,9.0
e8aaee62-effc-4b10-8af4-43b92acbc42e,CUST_00761,2026-01-25,feature,I need the ability to set recurring transactions.,open,low,1.0
0e9ec186-0f0e-4e49-849e-401648fbfe71,CUST_00762,2025-12-06,feature,Please add a dark mode to the dashboard.,open,high,
2407546b-5b8c-47d0-b709-3ac21eb0088e,CUST_00762,2026-05-02,billing,"My invoice shows the wrong amount, please help.",pending,high,13.0
eb6f85c2-2055-4b03-9de3-ff3721e6e656,CUST_00763,2026-04-07,technical,"I cannot log in to my account, password reset is not working.",open,low,5.0
afac6d22-8ec3-44df-abdc-52ee94887161,CUST_00764,2025-09-28,billing,I was charged twice this month and need a refund immediately.,pending,medium,7.0
019207d4-9e58-414f-b16a-767a8d4f6834,CUST_00764,2026-03-24,account,Can I downgrade my plan and keep my data?,open,low,2.0
9ece3ec6-6ff7-40a8-846d-6cccd240722d,CUST_00765,2025-12-26,billing,I cancelled but was still billed. Please reverse this charge.,open,high,
b35bf2e0-f077-4fa5-ba0b-677c45c52ed0,CUST_00765,2026-02-01,feature,I need the ability to set recurring transactions.,open,high,13.0
e4ac545f-2cf3-4d24-8da1-a823cb41a1d1,CUST_00765,2025-03-17,feature,I need the ability to set recurring transactions.,pending,low,4.0
0efcf1f7-fde6-4bf7-88a7-77426f574655,CUST_00765,2026-03-13,billing,"My invoice shows the wrong amount, please help.",open,medium,7.0
52e4ac95-f76c-404f-9132-b4144b33dd99,CUST_00766,2025-08-13,technical,Reports are not loading and just show a blank screen.,resolved,low,4.0
0fa67b24-f012-4cfd-9392-c2fe739e591f,CUST_00766,2025-03-07,account,I need to update my business address and tax ID.,resolved,low,
b01657a5-d542-4b39-b9fe-bdeac5a5aef3,CUST_00766,2025-11-15,billing,Why did my subscription price increase without notice?,open,low,
6b1ae0f9-6825-45c3-9287-e2ccf12a511a,CUST_00768,2026-03-29,account,How do I export all my data before cancelling?,open,low,9.0
2c039bbc-59f2-4a71-b69d-095d2ce4ae0d,CUST_00768,2025-11-30,account,I need to update my business address and tax ID.,pending,low,1.0
c5790e7f-5172-487b-99b3-ceab7cdb9b54,CUST_00770,2026-03-08,account,Can I downgrade my plan and keep my data?,open,low,1.0
810dca6c-f188-4e33-9fc3-02e2926e756a,CUST_00770,2025-06-14,feature,Can you add support for multiple currencies?,pending,low,1.0
641ced39-f157-4dfe-8ab7-8e0df674e66f,CUST_00771,2025-11-25,account,Can I downgrade my plan and keep my data?,pending,low,7.0
9da656ff-90b6-4378-a2ab-9b1effb1908d,CUST_00771,2025-11-09,technical,Reports are not loading and just show a blank screen.,open,high,6.0
727127ca-f946-4183-ab9e-f4aa8c1b6acd,CUST_00771,2025-05-31,billing,I was charged twice this month and need a refund immediately.,resolved,high,10.0
07f1b27b-0d6e-4350-be11-79fd45a266e8,CUST_00771,2026-02-11,account,Can I downgrade my plan and keep my data?,pending,high,10.0
c8c54151-5e79-43dd-ad9e-7099a0bd63dc,CUST_00772,2026-03-04,feature,Is there a way to export data to Excel automatically?,pending,low,1.0
3dff74c1-e017-4d84-9344-c88565e5d6e1,CUST_00773,2026-05-16,feature,Can you add support for multiple currencies?,open,low,13.0
2dc75d1d-92da-4d42-b473-0a744c74312f,CUST_00773,2025-06-02,account,How do I export all my data before cancelling?,open,high,3.0
9ce46494-0d48-4b8b-84b6-4f5740a54bb2,CUST_00773,2025-09-11,feature,Can you add support for multiple currencies?,pending,medium,4.0
0dcf9c3f-06bc-45a8-a097-416a33f6838f,CUST_00773,2025-07-24,account,How do I add a second user to my account?,resolved,high,9.0
8932db4c-a2a5-4b0d-9654-600ece5aa3ad,CUST_00774,2026-03-10,billing,"My invoice shows the wrong amount, please help.",pending,low,9.0
9f2a24f8-d67c-42ba-8056-73a7d40b998d,CUST_00775,2026-04-25,feature,Please add a dark mode to the dashboard.,resolved,low,
4c01b9e0-9e40-44f9-a79f-258fd26ecd77,CUST_00775,2026-04-04,feature,Is there a way to export data to Excel automatically?,resolved,high,
96ed5309-c094-4c1b-a777-f402844243a4,CUST_00775,2026-04-23,billing,I cancelled but was still billed. Please reverse this charge.,resolved,medium,7.0
707ab819-05bf-4bf7-a349-87f2ea68ef74,CUST_00775,2026-04-11,account,How do I add a second user to my account?,resolved,medium,10.0
1990d907-1c8a-4dd3-9aba-8fbe1f589d65,CUST_00777,2025-08-05,feature,I need the ability to set recurring transactions.,resolved,high,6.0
e3f66961-505f-497b-a4f6-b08ddad4057c,CUST_00777,2026-05-06,account,I need to update my business address and tax ID.,open,low,12.0
bc7f4478-2bf7-4d5a-887d-9af3979c3684,CUST_00777,2025-08-15,billing,Why did my subscription price increase without notice?,resolved,low,4.0
caa842ce-1250-48bf-a9d0-00a4a72fcfda,CUST_00778,2025-12-16,technical,Reports are not loading and just show a blank screen.,resolved,low,1.0
b8f0d35a-b07c-4ad8-8eed-57230721d5c8,CUST_00779,2025-11-21,feature,Is there a way to export data to Excel automatically?,open,medium,5.0
caa09d82-183c-460c-9329-0b20d281ec68,CUST_00780,2024-09-23,billing,"My invoice shows the wrong amount, please help.",resolved,low,7.0
448db069-0e07-4e2c-8ad8-8fb0b3a2263c,CUST_00780,2025-09-04,account,I need to update my business address and tax ID.,resolved,medium,12.0
f91dc18a-1a76-4ad2-9110-d357848d8f47,CUST_00780,2025-01-13,account,Can I downgrade my plan and keep my data?,pending,high,8.0
ac636c45-5e73-4791-8321-bed489458015,CUST_00781,2026-03-17,feature,I need the ability to set recurring transactions.,resolved,high,
c1eab81a-0de8-4e72-9c6b-6dd75e42626a,CUST_00781,2025-10-19,account,I need to update my business address and tax ID.,open,high,12.0
0a6999f8-f86a-4380-ab58-eb75db4c029c,CUST_00781,2025-06-05,account,I need to update my business address and tax ID.,pending,high,8.0
fdff9056-ddd6-4404-8a1e-91ba10956c8c,CUST_00781,2025-08-16,technical,Reports are not loading and just show a blank screen.,pending,medium,11.0
7552c303-65e6-412e-bc7e-c7664c3661f2,CUST_00781,2025-09-20,account,How do I export all my data before cancelling?,open,medium,3.0
91c7ccba-1368-4748-b7ac-9201cc7d33af,CUST_00781,2025-07-03,billing,I cancelled but was still billed. Please reverse this charge.,open,high,9.0
0ec81141-7ba7-41d5-8611-c3750be6b457,CUST_00781,2026-02-15,feature,Is there a way to export data to Excel automatically?,pending,high,2.0
8b2b5f74-20b3-4ab7-b84f-c79b045c6415,CUST_00781,2025-11-16,technical,The app crashes every time I try to run payroll.,pending,medium,11.0
c9894913-285e-452a-a7e7-69a47f42f07f,CUST_00782,2026-04-30,feature,Is there a way to export data to Excel automatically?,open,high,
b3ecfb93-3652-4822-ae85-2d4ee885196d,CUST_00782,2025-05-28,feature,I need the ability to set recurring transactions.,open,medium,4.0
249057b7-0530-426a-8d87-10e910ece376,CUST_00782,2024-12-19,technical,Reports are not loading and just show a blank screen.,open,high,6.0
dc496bfa-9773-47c7-a6b0-f5480e4dbd9a,CUST_00782,2025-04-22,feature,I need the ability to set recurring transactions.,open,high,2.0
f96ddab3-dc01-4fa5-8a8b-de5bee7a5e24,CUST_00782,2025-04-06,account,Can I downgrade my plan and keep my data?,pending,high,3.0
64dd6d5a-2f2c-472e-929f-91d4d769b69e,CUST_00782,2026-03-15,technical,The app crashes every time I try to run payroll.,resolved,high,2.0
527005e6-0291-4848-9158-b15023c1c8a4,CUST_00783,2025-03-20,billing,Why did my subscription price increase without notice?,pending,medium,10.0
f080899e-d3ca-41f5-92f6-c08efbf122e9,CUST_00784,2026-02-24,account,Can I downgrade my plan and keep my data?,pending,low,
2cd271f5-b1f2-432c-9d83-3cc32a8e8211,CUST_00784,2025-12-08,technical,My bank connection keeps disconnecting every few days.,resolved,high,1.0
c0e0df03-c1fb-4f24-9c31-07d4a1d5612c,CUST_00784,2026-03-03,feature,Please add a dark mode to the dashboard.,open,low,4.0
3c2a6c03-540d-4019-800c-822fab7278c9,CUST_00785,2026-01-15,billing,"My invoice shows the wrong amount, please help.",resolved,low,
374579d6-cfd2-4aa8-9cb5-70582cf99bd2,CUST_00785,2026-03-11,account,How do I add a second user to my account?,pending,high,11.0
3cc8eb6e-02b4-4d80-9bc6-b2e9445a1d5d,CUST_00785,2026-04-08,feature,Please add a dark mode to the dashboard.,open,medium,
92b226dc-367e-45bd-9725-13d64342d9ca,CUST_00786,2026-05-07,account,How do I add a second user to my account?,resolved,medium,4.0
33cb677f-08be-49a7-b2cf-92e22ac8511d,CUST_00786,2026-01-25,billing,Why did my subscription price increase without notice?,pending,low,10.0
a9653b79-8433-453f-969d-737ce6f94f97,CUST_00786,2025-03-07,technical,Reports are not loading and just show a blank screen.,resolved,low,6.0
d157563e-f487-4ab1-8197-f4a9431b002e,CUST_00787,2026-03-15,billing,I cancelled but was still billed. Please reverse this charge.,pending,medium,14.0
a380f6b1-339e-4e27-93aa-3bc814f58c0d,CUST_00787,2026-03-25,billing,I cancelled but was still billed. Please reverse this charge.,open,low,6.0
378dcc07-5e8c-4a05-8411-d9f765cf1e6f,CUST_00787,2026-05-10,technical,Reports are not loading and just show a blank screen.,open,low,8.0
1fca7c5c-474b-447f-99c7-ecee06a9a04c,CUST_00787,2025-10-05,feature,Is there a way to export data to Excel automatically?,resolved,low,4.0
cfa92187-d47c-4b63-8a9f-a550f4f015bc,CUST_00788,2025-11-02,billing,"My invoice shows the wrong amount, please help.",pending,high,13.0
db970cc5-475b-4826-8204-38422a106415,CUST_00789,2025-08-29,technical,"I cannot log in to my account, password reset is not working.",resolved,high,11.0
4eea7834-4605-4dd0-b534-878bf84d7743,CUST_00789,2025-08-31,technical,My bank connection keeps disconnecting every few days.,resolved,high,14.0
6d1986de-72f7-442f-80de-9d0ae60bd571,CUST_00789,2026-02-23,technical,My bank connection keeps disconnecting every few days.,pending,medium,13.0
9b0ecf20-5658-44e1-8474-8f65f4270310,CUST_00789,2026-01-12,technical,The app crashes every time I try to run payroll.,pending,high,13.0
01dcd6c6-15af-42a6-8397-9c4c568c75e3,CUST_00789,2026-05-03,feature,I need the ability to set recurring transactions.,resolved,low,4.0
82037113-f6f2-42e7-85b7-2c15f060bf0c,CUST_00789,2025-12-20,account,Can I downgrade my plan and keep my data?,open,high,8.0
bd6277dc-6007-48d3-98df-08094958f220,CUST_00789,2025-05-03,technical,"I cannot log in to my account, password reset is not working.",resolved,high,
d66d9539-89bb-4fa7-9445-b6d3c8c41a45,CUST_00791,2024-12-31,feature,Is there a way to export data to Excel automatically?,open,high,4.0
968951e3-a231-4ca2-8ea1-ebd30b88453e,CUST_00792,2025-06-25,technical,My bank connection keeps disconnecting every few days.,pending,medium,
1ce4e703-a58b-40ed-97b9-0ad9ef7a6e92,CUST_00794,2025-11-04,feature,Can you add support for multiple currencies?,open,high,6.0
3c050959-1b22-4286-a2ef-50e6b0ab1a0e,CUST_00795,2025-07-04,billing,I was charged twice this month and need a refund immediately.,open,high,12.0
0f33df09-4952-4822-a689-f64bc9c95c50,CUST_00795,2026-01-27,billing,I was charged twice this month and need a refund immediately.,open,low,14.0
ffad911f-30a0-4f54-9be4-a1796098152c,CUST_00797,2026-02-06,technical,The app crashes every time I try to run payroll.,resolved,medium,10.0
e24f731d-a4ee-4150-9e87-c9c09e6e7111,CUST_00797,2025-07-20,feature,I need the ability to set recurring transactions.,open,high,3.0
1c08e816-2e3b-4f8c-9a1a-a7d604887a4d,CUST_00798,2026-04-28,technical,"I cannot log in to my account, password reset is not working.",open,high,12.0
251f98cb-e615-4242-aef7-c000c020a17e,CUST_00798,2026-01-06,technical,Reports are not loading and just show a blank screen.,pending,high,8.0
06a0a04a-6024-427c-ad5d-499dd9c55f98,CUST_00798,2026-01-29,feature,Can you add support for multiple currencies?,resolved,low,12.0
c3da7fbd-538b-4114-971c-17753ccf28a8,CUST_00799,2025-12-11,technical,My bank connection keeps disconnecting every few days.,open,low,1.0
b8f1c7f1-eda5-497e-a5e0-190f793070d0,CUST_00799,2026-05-04,feature,I need the ability to set recurring transactions.,resolved,low,10.0
9fe7ea31-7024-4c35-a5b5-b64071736755,CUST_00800,2025-11-30,account,How do I add a second user to my account?,open,medium,12.0
e3000f8f-97f4-4ac6-9b5a-781814b0f48c,CUST_00800,2025-12-25,technical,Reports are not loading and just show a blank screen.,pending,high,10.0
725ade6d-3c98-4582-af98-b9f4af34b343,CUST_00800,2025-11-18,technical,My bank connection keeps disconnecting every few days.,pending,high,7.0
87f8dfc6-f3cf-453c-8db8-46b1d3d84817,CUST_00800,2025-05-24,technical,Reports are not loading and just show a blank screen.,open,low,14.0
0ad0d688-012e-461d-9112-e97c040b7301,CUST_00801,2025-01-29,feature,I need the ability to set recurring transactions.,resolved,high,8.0
1c154c39-9ae1-49df-a958-d717061fd263,CUST_00801,2025-12-14,billing,"My invoice shows the wrong amount, please help.",open,medium,6.0
bfb20494-211a-4cab-87a6-eb89ca9179d6,CUST_00801,2025-12-24,billing,"My invoice shows the wrong amount, please help.",resolved,high,8.0
df52716e-c22e-48a8-b875-b2bf0ac094fe,CUST_00801,2025-01-18,account,I need to update my business address and tax ID.,open,high,
e100000a-8395-4ff9-9175-e4ab5d2d8c72,CUST_00801,2026-01-12,technical,"I cannot log in to my account, password reset is not working.",open,low,8.0
6bb40e71-a3da-4880-bf69-ede8095ba503,CUST_00802,2026-02-02,account,Can I downgrade my plan and keep my data?,resolved,high,1.0
6116fd02-e6dc-47f4-9ed0-8e8dc184bbc1,CUST_00802,2026-03-19,billing,I was charged twice this month and need a refund immediately.,pending,high,2.0
8d911d7f-c625-43f6-89fc-21832fe13e0e,CUST_00802,2026-04-15,account,Can I downgrade my plan and keep my data?,resolved,high,12.0
ac6ed7cc-201b-459e-959a-7628006d0033,CUST_00803,2025-03-25,account,I need to update my business address and tax ID.,pending,high,2.0
ef644e6f-bf5f-40e3-9c97-ba5abe9f5562,CUST_00803,2026-01-07,billing,"My invoice shows the wrong amount, please help.",open,high,11.0
cab5fe65-d78f-494b-ba50-ca25e66485c5,CUST_00803,2026-05-09,billing,I was charged twice this month and need a refund immediately.,resolved,high,11.0
2127dd3f-c0d5-42b0-bc96-e7d25203b1ab,CUST_00804,2026-04-25,account,How do I export all my data before cancelling?,open,low,11.0
dbf08ed8-4ea2-4a00-8214-a196d84af3fd,CUST_00804,2025-05-09,technical,My bank connection keeps disconnecting every few days.,open,medium,5.0
9397a294-44ec-49fd-b131-6345cd4eb57c,CUST_00805,2025-04-07,billing,I cancelled but was still billed. Please reverse this charge.,pending,high,
5370aa27-af61-464f-985d-a6b0686a0570,CUST_00805,2024-08-20,technical,The app crashes every time I try to run payroll.,resolved,low,3.0
c7fd0f9c-83f3-4678-a16a-46ee930e2e0c,CUST_00805,2026-03-03,billing,Why did my subscription price increase without notice?,open,medium,8.0
2cf0af39-801f-4b6f-9d66-cf2875f97c0d,CUST_00805,2025-03-19,technical,Reports are not loading and just show a blank screen.,pending,medium,
32d2dbeb-99cd-4b95-b78d-a9bd7b6bdbaa,CUST_00805,2025-07-20,technical,My bank connection keeps disconnecting every few days.,open,high,3.0
b76e6be5-7f49-474f-8f2c-6fb02d142837,CUST_00805,2025-09-09,billing,I was charged twice this month and need a refund immediately.,open,high,
c82b5758-70a3-420a-b89a-150da55c586d,CUST_00805,2025-05-25,billing,Why did my subscription price increase without notice?,resolved,high,9.0
d7a9fad2-e0fc-4c92-b588-d989a4eedb86,CUST_00805,2025-09-30,account,I need to update my business address and tax ID.,resolved,medium,11.0
d3dcc40c-b5dc-466a-bf01-0ed0f1e9c01a,CUST_00806,2025-11-09,billing,I cancelled but was still billed. Please reverse this charge.,pending,medium,
1f44d978-e7ef-4f65-a418-19d88ff7275a,CUST_00806,2026-02-19,feature,Please add a dark mode to the dashboard.,pending,low,7.0
84479651-f2c5-48d7-a430-7417721256d6,CUST_00807,2026-01-09,billing,I was charged twice this month and need a refund immediately.,pending,high,5.0
96dc2a09-9282-4ef3-aa32-298980714a30,CUST_00807,2025-07-22,billing,Why did my subscription price increase without notice?,pending,low,14.0
196cc11d-374d-4467-9863-7d4eb43d251b,CUST_00807,2025-08-10,account,How do I export all my data before cancelling?,open,high,4.0
d4736851-6717-4463-b6ec-5891fcd78f57,CUST_00808,2026-04-15,technical,My bank connection keeps disconnecting every few days.,open,medium,7.0
85cc4ede-f1da-4c51-ab0f-c5671522ca48,CUST_00808,2025-10-08,technical,"I cannot log in to my account, password reset is not working.",open,low,
58b4c056-4278-456e-8ce6-318492be7672,CUST_00808,2025-11-05,account,Can I downgrade my plan and keep my data?,resolved,high,
77c6d4a5-ca16-4f9a-8f9c-b7ac666ed1cd,CUST_00808,2026-02-23,technical,Reports are not loading and just show a blank screen.,open,low,2.0
d36926ff-8e95-40cd-97bf-50284baa8dd1,CUST_00810,2025-08-13,technical,Reports are not loading and just show a blank screen.,resolved,low,5.0
fd137ccc-da35-4677-94fa-fd996f39a31e,CUST_00810,2026-04-13,billing,Why did my subscription price increase without notice?,pending,high,8.0
bf2f9b9a-db08-4c0c-aff8-e7858c39f346,CUST_00810,2025-10-20,account,Can I downgrade my plan and keep my data?,open,low,
c78a21a0-ae41-4bb5-870f-99d91bf0508b,CUST_00810,2025-11-22,billing,I was charged twice this month and need a refund immediately.,open,high,1.0
d66afa7f-949f-4f09-a91b-aa1910d03419,CUST_00811,2025-11-04,technical,"I cannot log in to my account, password reset is not working.",open,high,6.0
df917fd8-6856-4075-84e9-3e5b73275f7a,CUST_00811,2024-11-18,technical,"I cannot log in to my account, password reset is not working.",pending,high,14.0
ed0abedb-05b2-4206-a1c2-d4bd72a72ba4,CUST_00811,2026-03-23,feature,Is there a way to export data to Excel automatically?,open,high,
a3ad5ffc-47c6-4243-9d0c-08ac6fc948b4,CUST_00811,2024-10-11,account,How do I add a second user to my account?,resolved,low,
0687908b-f062-425b-bbf3-15537969ec9a,CUST_00811,2026-03-03,technical,"I cannot log in to my account, password reset is not working.",resolved,high,10.0
de07b0c1-5e70-42bf-9c29-3e1c78767a1b,CUST_00812,2026-03-31,feature,I need the ability to set recurring transactions.,resolved,medium,2.0
d4a5de10-3f63-4325-a526-c72d41bf7d0f,CUST_00812,2025-03-15,technical,My bank connection keeps disconnecting every few days.,pending,high,1.0
d09127a6-fe37-45d2-94df-b8393fd5062e,CUST_00812,2025-05-13,feature,I need the ability to set recurring transactions.,open,high,4.0
8a22e542-2642-4318-997b-806410458872,CUST_00812,2025-08-11,billing,"My invoice shows the wrong amount, please help.",pending,high,7.0
8effd9fa-3e90-4454-bf18-05a179534587,CUST_00813,2026-04-14,technical,"I cannot log in to my account, password reset is not working.",resolved,medium,7.0
617f5f0e-f53f-43e5-91f6-4821a821d813,CUST_00813,2026-04-18,account,How do I add a second user to my account?,resolved,low,1.0
f8a6f656-07ed-449d-abca-0984eb31d76e,CUST_00814,2026-02-05,technical,My bank connection keeps disconnecting every few days.,open,high,6.0
0b40cb3d-e9cc-42fb-b17b-d1c712972340,CUST_00814,2025-09-02,account,How do I export all my data before cancelling?,resolved,medium,13.0
ca183b4c-6f29-4b3e-8457-ed9923fe692e,CUST_00814,2026-03-05,feature,I need the ability to set recurring transactions.,open,high,4.0
5eb64859-01cd-453d-8719-26cfc25d2173,CUST_00814,2025-06-21,feature,Please add a dark mode to the dashboard.,pending,low,14.0
753cc193-83a3-4aa5-9fa2-64f2eaee58f2,CUST_00815,2025-09-21,technical,The app crashes every time I try to run payroll.,pending,low,7.0
b5fc4788-d6e8-4c14-a4c4-a9aebc5b4ec0,CUST_00815,2024-08-07,billing,I was charged twice this month and need a refund immediately.,resolved,low,
19e561ea-4057-4362-af93-c2673b2e20a2,CUST_00815,2024-10-25,account,Can I downgrade my plan and keep my data?,open,high,8.0
09fed409-d9df-414f-97be-45828a29310a,CUST_00816,2026-03-08,technical,The app crashes every time I try to run payroll.,pending,high,
76cfe9ed-867b-4ec8-9d87-d5340484dcd3,CUST_00818,2026-04-28,technical,My bank connection keeps disconnecting every few days.,pending,low,1.0
717dd252-2d73-4a9c-803d-de631ec2e4e5,CUST_00818,2025-06-16,technical,"I cannot log in to my account, password reset is not working.",resolved,high,7.0
4a520d91-05bf-4d98-bcbe-48234fe0f143,CUST_00819,2026-02-10,account,How do I export all my data before cancelling?,open,high,3.0
9e9fe04d-7781-4729-97d4-043608704b58,CUST_00819,2025-09-23,billing,I was charged twice this month and need a refund immediately.,resolved,high,
621b7bbf-98af-42b2-a75c-3076bd70583a,CUST_00819,2026-03-24,account,Can I downgrade my plan and keep my data?,pending,high,10.0
cd47c9c6-b14c-4145-99a7-e702acb1770b,CUST_00820,2025-02-15,feature,Is there a way to export data to Excel automatically?,open,medium,3.0
35b17f70-3673-4939-bdf2-2b468aaba6a0,CUST_00820,2025-08-12,technical,"I cannot log in to my account, password reset is not working.",pending,medium,
47243b04-1d5e-459b-9c37-1ce10a1673c6,CUST_00821,2025-04-16,feature,Please add a dark mode to the dashboard.,pending,high,
8b2ef8cb-3cca-48f3-963d-295205a823b0,CUST_00821,2026-04-20,billing,I was charged twice this month and need a refund immediately.,pending,high,9.0
659388d0-af4f-4f9f-bf56-4ec61b0d3757,CUST_00821,2025-02-27,billing,I was charged twice this month and need a refund immediately.,resolved,high,7.0
201d4e33-c65c-4c9d-8320-dd868d7adb48,CUST_00822,2026-02-06,billing,Why did my subscription price increase without notice?,open,medium,2.0
81d26852-ac1a-40a4-a204-8fbfc0065ff3,CUST_00822,2025-09-02,account,Can I downgrade my plan and keep my data?,open,medium,14.0
973e6e50-f2df-482d-b9f5-2357ddd96e7b,CUST_00822,2025-10-14,billing,"My invoice shows the wrong amount, please help.",pending,high,2.0
78c7fbfc-207a-45e2-9b7e-1d73fb50c84b,CUST_00823,2025-05-31,account,Can I downgrade my plan and keep my data?,open,medium,
511dfe23-3108-4d49-891d-a3e4c6fbc313,CUST_00823,2025-12-28,feature,Is there a way to export data to Excel automatically?,open,high,3.0
f05cdf88-2af0-4afc-99ca-6ad832afe81f,CUST_00823,2025-09-04,account,How do I add a second user to my account?,open,high,6.0
8a00526b-25b4-4185-b1e3-0f02263ccf9d,CUST_00823,2025-11-15,feature,Is there a way to export data to Excel automatically?,open,medium,
1a489cfe-c86f-4b80-9219-854fe2944b3a,CUST_00826,2026-02-20,billing,"My invoice shows the wrong amount, please help.",pending,high,12.0
751a0b7e-6c8e-4992-8a0d-6b199d5a2cb0,CUST_00826,2025-10-23,account,Can I downgrade my plan and keep my data?,open,high,11.0
deb2fe7d-1f69-46e2-9aa6-b323146de6e8,CUST_00827,2024-08-24,feature,Is there a way to export data to Excel automatically?,open,high,12.0
cae2e15d-9464-4c43-94bb-fecbd20bb851,CUST_00827,2026-02-27,account,Can I downgrade my plan and keep my data?,pending,low,11.0
2385a34c-ff78-47c9-b3e6-ff2d516457f4,CUST_00827,2026-03-15,billing,I cancelled but was still billed. Please reverse this charge.,resolved,medium,9.0
38ce0d7e-6a2f-4270-897a-129ea975a4e7,CUST_00827,2025-04-29,technical,My bank connection keeps disconnecting every few days.,pending,low,10.0
febeeacc-abb1-478b-98ec-2b50d08723a7,CUST_00827,2026-01-29,technical,The app crashes every time I try to run payroll.,resolved,high,10.0
f824e8fe-c934-4de4-8769-008fc18ce7f4,CUST_00827,2025-03-14,account,I need to update my business address and tax ID.,pending,high,2.0
ab9f7750-1e73-4f53-9ed6-0adf3a7264e5,CUST_00828,2025-07-11,feature,I need the ability to set recurring transactions.,open,low,5.0
300920ef-609c-42c8-b878-7401075a4ed8,CUST_00829,2026-04-06,billing,I cancelled but was still billed. Please reverse this charge.,open,low,4.0
88d0311b-7ee2-4fae-894b-b085c43d0d2e,CUST_00829,2025-11-23,technical,The app crashes every time I try to run payroll.,open,medium,
a653b6d9-76ad-4c71-a76c-c4623bf789e8,CUST_00829,2025-04-16,account,I need to update my business address and tax ID.,open,low,14.0
a9a6903a-c838-4287-a695-d922616c12b7,CUST_00830,2026-02-20,account,How do I export all my data before cancelling?,resolved,low,14.0
8689a41c-5aad-4344-b78c-5a3679923c7b,CUST_00830,2025-09-01,feature,Is there a way to export data to Excel automatically?,open,high,
e44eefaf-e43e-4679-8c40-4448d1e47784,CUST_00830,2025-10-13,account,I need to update my business address and tax ID.,resolved,low,2.0
5e1e4471-90fe-4f02-98aa-be0d25d46344,CUST_00830,2026-01-23,technical,My bank connection keeps disconnecting every few days.,pending,medium,13.0
570014f9-b538-421c-b859-3c8b006c8498,CUST_00831,2026-05-11,billing,Why did my subscription price increase without notice?,open,low,9.0
d6cf9ccf-81ce-41e2-90f6-301eab36c7ac,CUST_00831,2025-08-29,billing,Why did my subscription price increase without notice?,open,high,2.0
63411597-783c-4f13-a65b-cff2175b1f2b,CUST_00831,2025-10-19,account,How do I export all my data before cancelling?,pending,medium,11.0
62955e67-266e-4229-9b6f-b17f8df4eea2,CUST_00831,2026-04-03,account,How do I export all my data before cancelling?,resolved,high,12.0
46a215a5-057f-433b-970f-45a318a4a5c2,CUST_00833,2026-01-29,account,I need to update my business address and tax ID.,open,medium,
5fab215c-7547-4ad4-b9a6-9c5fd98d7f72,CUST_00833,2025-06-15,technical,"I cannot log in to my account, password reset is not working.",resolved,high,10.0
17d6ab43-3a1b-4faa-9a43-7f64f01e990d,CUST_00835,2026-03-24,technical,My bank connection keeps disconnecting every few days.,resolved,low,11.0
4798b73b-6c11-4d79-a7ba-c086c08befcd,CUST_00835,2025-07-26,account,How do I export all my data before cancelling?,open,high,6.0
a6a9f543-99f1-4178-b44f-78bfc27e9783,CUST_00835,2025-10-14,account,How do I export all my data before cancelling?,open,medium,
528b6efd-cc58-4c31-b23c-3441ca9d0814,CUST_00835,2025-05-23,account,I need to update my business address and tax ID.,resolved,high,13.0
7647abe3-dbdb-4d22-8fa1-6199de13dcf0,CUST_00836,2025-05-19,technical,Reports are not loading and just show a blank screen.,open,high,11.0
8feba9e3-498d-4779-88a6-0df2e8c75aae,CUST_00836,2024-11-04,feature,Please add a dark mode to the dashboard.,resolved,low,6.0
7cbd5a0d-124b-4f49-aa82-09aa1708718b,CUST_00836,2025-04-03,account,Can I downgrade my plan and keep my data?,pending,low,3.0
dd14bb38-1c5e-4273-a19b-a3edde562d17,CUST_00838,2025-10-03,account,Can I downgrade my plan and keep my data?,open,high,12.0
741bee88-359f-4a18-9d0a-15838512e194,CUST_00838,2025-09-08,billing,Why did my subscription price increase without notice?,open,high,
5108a646-607e-48a8-a16c-356534b3ab6d,CUST_00838,2025-09-30,technical,"I cannot log in to my account, password reset is not working.",pending,medium,
d671c3ee-4d95-4b1c-a9d9-b501a6f8e8ff,CUST_00838,2025-04-07,account,How do I add a second user to my account?,pending,medium,7.0
9cf1c271-0120-4c0f-a530-bed84421ebae,CUST_00839,2026-03-16,account,How do I export all my data before cancelling?,pending,low,13.0
c87a152e-ebe6-455c-9919-45c6cb9a6a98,CUST_00839,2026-04-27,billing,I cancelled but was still billed. Please reverse this charge.,pending,high,9.0
026b566b-f355-4dbc-9116-6e88eb5fe461,CUST_00839,2026-04-06,feature,Is there a way to export data to Excel automatically?,open,medium,5.0
f8def370-f3c8-43c4-80ca-fdc2a3498005,CUST_00840,2026-02-16,account,How do I add a second user to my account?,pending,medium,3.0
bd4ed3be-5ba4-43e4-b02b-354904099c99,CUST_00840,2025-12-21,account,I need to update my business address and tax ID.,resolved,high,8.0
1335acd9-1775-40a4-9bc0-06a2483e7e90,CUST_00840,2025-12-09,billing,I cancelled but was still billed. Please reverse this charge.,resolved,high,9.0
67d96b2a-dd3c-457c-9a0c-ecf806c707bd,CUST_00840,2026-01-23,feature,I need the ability to set recurring transactions.,resolved,high,9.0
99c14b9a-9e1e-4d44-8f39-aaa2a9f15e93,CUST_00841,2026-04-22,technical,My bank connection keeps disconnecting every few days.,resolved,medium,4.0
e4b33edf-3048-497c-9598-95262f36a066,CUST_00841,2026-03-24,feature,Is there a way to export data to Excel automatically?,open,high,3.0
bb28df92-156d-4577-a0b1-189675d0a540,CUST_00841,2026-04-18,account,Can I downgrade my plan and keep my data?,resolved,high,11.0
9191c4c6-1446-4171-b9ca-bb99562527b6,CUST_00841,2026-04-01,account,I need to update my business address and tax ID.,pending,high,9.0
923d69f7-0baf-437e-acdd-e91351e506ff,CUST_00841,2026-03-26,technical,Reports are not loading and just show a blank screen.,resolved,high,13.0
fc4c0d98-2e56-4842-9ba2-a321ee1a3ed1,CUST_00841,2026-03-18,account,How do I export all my data before cancelling?,pending,high,2.0
9a5220bc-2a5c-4835-be5b-6f0f46d615e8,CUST_00841,2026-03-27,feature,Can you add support for multiple currencies?,open,low,1.0
39b998c9-4b79-42b6-bbb7-0e2fd03d8fe8,CUST_00841,2026-04-27,feature,I need the ability to set recurring transactions.,resolved,medium,7.0
50331036-f79e-4316-adbb-82c9d776e4b0,CUST_00842,2025-01-23,feature,Is there a way to export data to Excel automatically?,pending,medium,11.0
2f3cd650-4c32-457c-a371-1ba8897c1cbb,CUST_00842,2025-01-27,feature,Can you add support for multiple currencies?,resolved,medium,10.0
efd384ec-212d-41fc-b7d1-943e04c5750e,CUST_00842,2025-05-02,billing,"My invoice shows the wrong amount, please help.",pending,low,11.0
3bddbd9b-88d5-49c0-b8e4-9ac617346870,CUST_00844,2025-10-25,account,How do I export all my data before cancelling?,resolved,medium,12.0
848f1bd2-f4fb-4ff2-bc85-a82c824c6ca2,CUST_00844,2025-06-13,feature,Can you add support for multiple currencies?,pending,medium,8.0
2bbf51b6-09cc-4b37-8ec2-b520f66889e5,CUST_00844,2025-04-18,feature,I need the ability to set recurring transactions.,pending,high,8.0
37392c75-c1dc-48de-a061-be674f3485e8,CUST_00845,2025-11-13,billing,I was charged twice this month and need a refund immediately.,resolved,medium,2.0
e5b1aa8f-87e5-4b7c-ab39-a78185e9a97a,CUST_00845,2025-09-13,technical,Reports are not loading and just show a blank screen.,open,high,5.0
dc5a89a8-1471-485f-8faa-a1a478f62023,CUST_00846,2025-01-04,account,How do I add a second user to my account?,pending,high,5.0
e61b0266-d8eb-483e-a1c1-bb32079ac988,CUST_00847,2026-05-13,billing,I was charged twice this month and need a refund immediately.,open,high,
5ccbc4cf-8eee-4a8b-bd5f-59b1b69634d7,CUST_00847,2026-03-22,technical,The app crashes every time I try to run payroll.,resolved,high,13.0
e81060b9-69d8-420e-88a3-9ad7169b6b87,CUST_00847,2026-05-13,technical,My bank connection keeps disconnecting every few days.,resolved,high,3.0
24c35e0a-df6f-401f-a25e-478bbc40cdff,CUST_00848,2026-05-16,billing,I cancelled but was still billed. Please reverse this charge.,resolved,medium,4.0
34a4b82f-845b-4d61-a055-0bb7825fc239,CUST_00848,2025-09-11,technical,"I cannot log in to my account, password reset is not working.",open,high,
bc42a0ec-e14e-49ac-a13c-a3d502ac129c,CUST_00849,2024-12-16,account,I need to update my business address and tax ID.,resolved,low,9.0
aa0dacfe-20fe-4f17-8cfc-fb9137b39bdb,CUST_00849,2025-12-08,billing,Why did my subscription price increase without notice?,open,low,6.0
4e293b43-9dc8-4229-8476-4fc47a2b6169,CUST_00849,2025-08-17,billing,Why did my subscription price increase without notice?,open,medium,7.0
a1ff89d5-7f6c-4bb6-a0f2-1b0df52142e7,CUST_00849,2026-02-16,account,I need to update my business address and tax ID.,resolved,high,7.0
a9a1156f-2548-46c7-844b-27194021ac84,CUST_00850,2025-03-21,technical,Reports are not loading and just show a blank screen.,pending,high,12.0
5fae9314-2fa3-4464-b6f9-d37cf800dc15,CUST_00850,2025-09-23,feature,I need the ability to set recurring transactions.,open,medium,3.0
b1ccac7d-e025-49ed-95f4-bf79dd88da8d,CUST_00850,2025-06-17,technical,The app crashes every time I try to run payroll.,open,high,8.0
dbba3cc4-1ce2-4bfa-be86-beb225b25210,CUST_00851,2026-03-10,account,I need to update my business address and tax ID.,open,low,6.0
527554a6-4fa3-407f-9dc0-dc10ce6eb089,CUST_00852,2026-03-18,technical,My bank connection keeps disconnecting every few days.,open,medium,5.0
a62343fb-a116-41ed-8a41-f9a2e3f45a3b,CUST_00852,2025-06-05,billing,"My invoice shows the wrong amount, please help.",resolved,medium,5.0
c5889775-7277-405f-990d-42602fe0d0a6,CUST_00852,2025-12-24,billing,I was charged twice this month and need a refund immediately.,pending,medium,11.0
5ea244a7-d1f9-494e-9f1c-5b5790dd7f4d,CUST_00853,2025-12-19,technical,"I cannot log in to my account, password reset is not working.",resolved,low,
043c3d0b-37ce-46b6-9f21-a4431a38814c,CUST_00853,2025-12-23,billing,"My invoice shows the wrong amount, please help.",pending,high,9.0
797a6d81-3b13-420b-b0d7-293d77dc7f2c,CUST_00853,2026-01-05,billing,I cancelled but was still billed. Please reverse this charge.,open,high,12.0
436b707a-4a0a-4817-bfc6-d9483f3cd8a6,CUST_00854,2026-04-16,feature,Can you add support for multiple currencies?,resolved,high,8.0
c1ff36ca-fed2-4803-bc0e-1005df9fc2bf,CUST_00854,2025-11-26,feature,Please add a dark mode to the dashboard.,pending,low,
5737bd42-419a-4851-b79f-a8216610d2f7,CUST_00854,2026-03-03,feature,I need the ability to set recurring transactions.,open,low,14.0
58f62453-b571-4a37-b09a-6d20b92da048,CUST_00855,2026-03-31,feature,Can you add support for multiple currencies?,resolved,low,10.0
ccbbfb52-17e0-45f5-9de3-1292cd115ffd,CUST_00855,2026-02-28,billing,"My invoice shows the wrong amount, please help.",resolved,medium,2.0
c1df4af2-41d4-410e-a32c-af1511090ccd,CUST_00855,2024-12-14,technical,The app crashes every time I try to run payroll.,pending,low,7.0
92b0573f-0b74-4bc0-ab7f-b0ac57c5f790,CUST_00855,2025-07-17,billing,I was charged twice this month and need a refund immediately.,pending,low,4.0
4f6f1a9a-64ed-42a8-8cb4-fcd70e730602,CUST_00856,2024-11-07,feature,Can you add support for multiple currencies?,pending,high,7.0
4b1a8420-adf0-48a6-a5bc-66268125c471,CUST_00856,2026-01-30,billing,Why did my subscription price increase without notice?,resolved,high,7.0
c05d21a1-0fb9-4911-ae72-097ece0d2673,CUST_00856,2025-05-18,feature,I need the ability to set recurring transactions.,pending,low,3.0
453ddf78-606a-4e35-bfa1-12f8af8de1cc,CUST_00857,2025-07-17,feature,Is there a way to export data to Excel automatically?,resolved,high,7.0
e2450605-f292-4564-bf0e-580cfa708e64,CUST_00857,2025-12-20,technical,My bank connection keeps disconnecting every few days.,resolved,medium,12.0
73c643bf-273d-44cf-b4d7-f316b9dc0e18,CUST_00858,2026-01-24,billing,"My invoice shows the wrong amount, please help.",pending,medium,
6aeb252a-37f6-4513-ada9-7dfa640d80f2,CUST_00858,2026-03-08,technical,My bank connection keeps disconnecting every few days.,open,low,2.0
fd5b0a32-987d-41aa-be36-452bb07cf632,CUST_00859,2026-01-22,account,I need to update my business address and tax ID.,open,high,1.0
d9f469f0-576d-402a-8b55-d503b430ac10,CUST_00859,2025-12-09,account,I need to update my business address and tax ID.,resolved,low,7.0
437a4c7a-7109-42df-af48-1633d09cae20,CUST_00859,2026-04-03,account,Can I downgrade my plan and keep my data?,pending,medium,7.0
fbbbaeae-8217-41fb-b943-21c3bf18dab5,CUST_00860,2026-05-15,account,Can I downgrade my plan and keep my data?,resolved,high,8.0
d5cdb607-7172-4ddf-80e4-da510bd2dce3,CUST_00860,2026-04-26,technical,Reports are not loading and just show a blank screen.,resolved,high,
7edbcd21-8723-440b-b874-148f9f9ee193,CUST_00860,2026-02-11,technical,Reports are not loading and just show a blank screen.,resolved,high,
ae81bf44-3baf-43c8-bc67-6d8591c9ecc9,CUST_00861,2026-01-27,billing,"My invoice shows the wrong amount, please help.",resolved,high,
0a52f56f-dcb5-4cfb-8cb6-7e2a4719b5cc,CUST_00861,2026-05-01,feature,Please add a dark mode to the dashboard.,open,low,13.0
b019bbbb-d15e-4e8e-a2c7-45b6e9b2b56e,CUST_00861,2026-05-02,billing,"My invoice shows the wrong amount, please help.",pending,medium,8.0
baed9ae3-bd2b-44dd-883d-abed7525b067,CUST_00862,2025-09-16,technical,The app crashes every time I try to run payroll.,resolved,medium,
87b7d526-82a6-46ee-9641-c36089d260df,CUST_00862,2026-01-19,feature,Is there a way to export data to Excel automatically?,resolved,low,4.0
a76274e1-9a18-419f-88f4-1430eaf87ff4,CUST_00863,2026-02-19,account,How do I export all my data before cancelling?,resolved,high,7.0
e760ac8b-9549-4f4e-bd12-a09762c15cd6,CUST_00863,2025-05-25,account,How do I export all my data before cancelling?,pending,medium,
25075bdd-1b8a-42af-bcb9-018354ad206a,CUST_00863,2025-10-17,billing,I cancelled but was still billed. Please reverse this charge.,pending,medium,
235de809-f8fe-4e73-b377-2fc7dff11562,CUST_00863,2025-01-24,feature,Can you add support for multiple currencies?,pending,low,12.0
4fa904ae-7dd6-4657-9e7e-5e029fb5365c,CUST_00864,2025-11-23,account,How do I export all my data before cancelling?,pending,medium,7.0
db513cba-fcef-48b9-b295-6055abdd8f16,CUST_00864,2025-02-03,technical,My bank connection keeps disconnecting every few days.,open,low,11.0
bd989002-5d4f-4b96-a43b-ccddad448e53,CUST_00864,2024-10-09,account,How do I add a second user to my account?,pending,low,
b714fbca-012c-4ea9-83db-613510442501,CUST_00864,2024-07-12,billing,I was charged twice this month and need a refund immediately.,open,high,13.0
f730076a-9507-4d82-9940-8ad867e3d28b,CUST_00864,2025-02-12,billing,"My invoice shows the wrong amount, please help.",open,low,1.0
dbb992cd-a1fe-4435-b24f-8d92bd796ba7,CUST_00864,2025-04-26,feature,Can you add support for multiple currencies?,resolved,low,
d2cb11ee-bf22-4151-adb2-9656a2e3940d,CUST_00865,2025-10-06,technical,"I cannot log in to my account, password reset is not working.",resolved,low,3.0
7e6d7804-92b2-44eb-b8a3-5c2d580fae9a,CUST_00865,2026-01-02,account,I need to update my business address and tax ID.,resolved,low,7.0
9458558f-c753-4323-bfed-28eed2374203,CUST_00865,2025-07-08,technical,"I cannot log in to my account, password reset is not working.",pending,high,5.0
b0cbeead-00d1-487e-8487-5a45ade3b067,CUST_00866,2025-07-06,technical,The app crashes every time I try to run payroll.,resolved,high,
70611022-f3b3-4945-a9a4-ceb654168b44,CUST_00866,2024-12-10,billing,I cancelled but was still billed. Please reverse this charge.,pending,high,12.0
d8ee9bc8-8f5c-49bf-af41-b59a71da4e69,CUST_00866,2026-02-18,technical,The app crashes every time I try to run payroll.,pending,high,4.0
3416f59e-1824-43e8-b4ae-deea3cd465ff,CUST_00867,2025-03-31,billing,Why did my subscription price increase without notice?,pending,low,
6d5b478c-9f61-49ce-9aa9-a46f9bf1bb81,CUST_00868,2025-08-19,feature,Is there a way to export data to Excel automatically?,resolved,medium,3.0
f959c572-42f8-4081-8344-38357bf2c8e3,CUST_00868,2026-02-03,technical,My bank connection keeps disconnecting every few days.,resolved,medium,
7e292cbc-43b8-4b9a-95f7-f68125a84188,CUST_00869,2026-04-24,feature,Is there a way to export data to Excel automatically?,open,medium,1.0
b5f800ed-095d-4f1a-8300-c5513fb1eb45,CUST_00871,2026-03-29,feature,Can you add support for multiple currencies?,open,high,2.0
2df5d91e-e4f2-42b8-bddc-c1b566a14dc5,CUST_00871,2025-05-03,billing,Why did my subscription price increase without notice?,open,high,2.0
47cadd5b-8673-475f-8acd-041fad09a6e1,CUST_00871,2026-01-25,account,I need to update my business address and tax ID.,resolved,high,6.0
07181e36-5436-487a-91a3-4af6811df66d,CUST_00871,2025-07-22,technical,Reports are not loading and just show a blank screen.,pending,high,8.0
b932f4c4-d5f4-4c80-8a20-5fe848aeb108,CUST_00871,2025-06-30,account,Can I downgrade my plan and keep my data?,resolved,high,13.0
f30bcb78-a074-4aea-be68-d15885ae7bf4,CUST_00871,2026-01-02,feature,Is there a way to export data to Excel automatically?,resolved,high,8.0
6d2924ea-4ff0-44d4-821a-5ad263d45258,CUST_00871,2025-11-14,feature,I need the ability to set recurring transactions.,open,low,
b7d2aa77-3a70-4763-bcc6-c1cf0c4b5a17,CUST_00871,2025-10-06,technical,My bank connection keeps disconnecting every few days.,open,high,2.0
ca095989-4bb9-4636-a73d-9c1a4edaa5ee,CUST_00873,2024-09-02,billing,I cancelled but was still billed. Please reverse this charge.,pending,high,11.0
b7580e4a-f8db-42ae-87b4-b71dff1b0deb,CUST_00873,2025-05-02,billing,I was charged twice this month and need a refund immediately.,pending,medium,3.0
b7a81b10-2f2e-4043-a61a-b56c42d1a3ec,CUST_00874,2026-03-25,technical,My bank connection keeps disconnecting every few days.,pending,medium,
a85770ae-5c2c-49cc-a012-ecba144e830b,CUST_00875,2026-05-03,feature,Please add a dark mode to the dashboard.,open,high,4.0
9795fdb4-4329-46dc-b6e3-942b78e838c3,CUST_00875,2026-03-30,account,How do I add a second user to my account?,open,high,12.0
90550523-78bc-4fd5-b7d9-91a6935b4033,CUST_00875,2025-11-16,feature,Is there a way to export data to Excel automatically?,open,high,2.0
3e6b588b-649f-4021-a824-96ae10e4216d,CUST_00876,2025-08-02,billing,I cancelled but was still billed. Please reverse this charge.,pending,high,4.0
2239bf17-d579-4ef8-9491-ea2a9f22fc69,CUST_00876,2025-06-04,billing,Why did my subscription price increase without notice?,open,low,13.0
560475f0-8112-4dc4-85f0-63ea70b02f44,CUST_00878,2026-03-20,feature,Please add a dark mode to the dashboard.,open,low,4.0
a86ad54a-07dc-4126-bfad-c56a37e3b857,CUST_00878,2026-05-05,account,How do I add a second user to my account?,open,high,11.0
b2cce49a-a8d4-4d94-938a-98b5538722b3,CUST_00878,2026-04-20,account,How do I export all my data before cancelling?,open,high,9.0
dffdcda4-2f22-4c8b-86e6-94a6621f4571,CUST_00879,2025-10-22,technical,My bank connection keeps disconnecting every few days.,open,high,8.0
7a1b8d58-0344-4bee-8d66-9ff3af29d1b7,CUST_00879,2025-11-17,technical,The app crashes every time I try to run payroll.,pending,high,10.0
e006335d-2e3a-4214-bcb7-8eb9cca8be85,CUST_00879,2026-02-22,account,How do I add a second user to my account?,open,high,9.0
645e6172-3f29-46b5-aa30-448cd1728eb0,CUST_00880,2026-04-10,account,How do I add a second user to my account?,pending,high,5.0
39ed2296-dd0a-43af-9769-fe8a30071d90,CUST_00880,2025-04-20,feature,Can you add support for multiple currencies?,resolved,high,6.0
6e6a8f14-d500-4da0-b139-bdfaf36dcb06,CUST_00880,2025-02-11,account,Can I downgrade my plan and keep my data?,pending,medium,8.0
7b8a86af-5291-48aa-a95a-4523b6279711,CUST_00880,2026-01-30,account,Can I downgrade my plan and keep my data?,open,high,11.0
20bae4a8-9d1c-4242-bac4-9d9140c45f2d,CUST_00881,2025-08-04,account,Can I downgrade my plan and keep my data?,resolved,high,7.0
c42b7a05-25fd-4729-9a77-a5d777d54a8b,CUST_00882,2026-04-13,billing,Why did my subscription price increase without notice?,resolved,medium,3.0
0f1e4dca-ef8f-423c-9f49-9e4a5daf8283,CUST_00884,2026-03-01,feature,I need the ability to set recurring transactions.,open,low,
bb4dec1a-730a-4755-b367-16b04f4f8870,CUST_00885,2025-11-05,billing,I cancelled but was still billed. Please reverse this charge.,open,low,
bec6a554-fa0c-4152-b627-b7b4edbff60d,CUST_00887,2025-11-21,feature,Please add a dark mode to the dashboard.,pending,low,1.0
f8a9e054-96e2-44c4-8428-09b0e1cdb64b,CUST_00888,2025-01-30,technical,My bank connection keeps disconnecting every few days.,pending,low,8.0
dbf35dd6-78a2-4014-a793-47cc5371121e,CUST_00889,2025-02-24,feature,Is there a way to export data to Excel automatically?,resolved,high,12.0
1d16b020-dd33-4abe-a8ed-f35de52f6c5f,CUST_00889,2025-11-03,feature,Can you add support for multiple currencies?,pending,low,6.0
316871cf-56b5-4b89-817d-d6afac281160,CUST_00889,2025-04-14,billing,I was charged twice this month and need a refund immediately.,resolved,high,1.0
28827e50-75b2-4767-99ae-dd6c69c87c58,CUST_00890,2025-09-07,account,I need to update my business address and tax ID.,pending,medium,
1f9204b3-5de8-479c-bb63-cc499c219138,CUST_00890,2026-04-11,feature,Can you add support for multiple currencies?,pending,low,6.0
104ef81b-aacc-4a08-b39b-a06ba6edeb4a,CUST_00890,2025-09-11,technical,The app crashes every time I try to run payroll.,pending,high,10.0
578ba9b5-447b-4ee0-896a-8b454a120fb6,CUST_00891,2025-06-26,technical,My bank connection keeps disconnecting every few days.,pending,low,
719d4cd6-e27c-4a37-9dc7-431d9404e361,CUST_00892,2026-05-06,account,I need to update my business address and tax ID.,resolved,medium,13.0
241a308c-c655-474c-b20d-2da70f534a9f,CUST_00893,2026-03-09,technical,The app crashes every time I try to run payroll.,open,low,
a7f8593c-5f19-4713-a28b-bd7c4d8a063e,CUST_00893,2026-02-02,technical,"I cannot log in to my account, password reset is not working.",open,high,5.0
b6fcf0a9-b241-4b13-9141-bbbdb32e0cba,CUST_00893,2025-02-13,technical,Reports are not loading and just show a blank screen.,pending,medium,2.0
e8895213-22f6-4ae3-bb26-3750bc642b2c,CUST_00893,2025-02-02,technical,The app crashes every time I try to run payroll.,open,high,
49c6d973-aacd-44ab-acf7-b9c8fec39e54,CUST_00894,2026-01-28,feature,Please add a dark mode to the dashboard.,pending,high,6.0
eedf9e2b-862b-4ec6-b195-769824556ae2,CUST_00894,2025-05-20,technical,Reports are not loading and just show a blank screen.,resolved,high,
300e8b74-ce8c-49d7-b9ab-367a44a4ac83,CUST_00896,2025-09-16,technical,The app crashes every time I try to run payroll.,pending,medium,8.0
c2b6f242-2f81-4b8c-b8df-4b3857f8f941,CUST_00896,2026-03-21,feature,Can you add support for multiple currencies?,resolved,high,6.0
6a65e81f-c7dd-406d-960f-91c0e79de6c2,CUST_00897,2025-08-02,account,How do I add a second user to my account?,resolved,high,14.0
702dd32b-d0f2-4b10-8d97-9935f0ef08b8,CUST_00897,2025-02-27,feature,I need the ability to set recurring transactions.,pending,high,4.0
8838d371-2092-48d4-ac6b-416864edfaad,CUST_00897,2025-02-08,feature,Please add a dark mode to the dashboard.,resolved,high,5.0
ff549f86-8bfd-4538-8471-038b41d76929,CUST_00897,2025-06-07,account,How do I add a second user to my account?,open,high,4.0
ca6b4330-983b-48c4-a5b0-6e7f28be6b88,CUST_00897,2024-11-25,account,I need to update my business address and tax ID.,open,high,12.0
1160319b-737b-4746-924d-5560eabf7be8,CUST_00897,2026-03-29,account,I need to update my business address and tax ID.,resolved,high,2.0
e1166a1f-8307-44b2-8a8b-1f6eb83591df,CUST_00899,2026-05-08,feature,Please add a dark mode to the dashboard.,pending,high,9.0
8ec75072-e4a1-4fe3-8451-8dd69959c0d5,CUST_00899,2026-05-12,account,How do I export all my data before cancelling?,pending,low,1.0
5f37028b-51e0-4af0-878c-490a6595372c,CUST_00899,2026-04-08,technical,My bank connection keeps disconnecting every few days.,resolved,low,6.0
e545a502-134f-4ffe-a8b2-1b394376b241,CUST_00899,2026-04-20,account,How do I export all my data before cancelling?,pending,high,9.0
4fb2c010-bc5e-4e5e-8551-8d7ef7d234d3,CUST_00900,2025-11-28,billing,I was charged twice this month and need a refund immediately.,pending,high,
79c86213-51b6-4392-8502-f003d5244412,CUST_00901,2025-12-14,feature,Please add a dark mode to the dashboard.,resolved,high,6.0
4eecb3ae-6f16-4b08-be20-d2d07c07f9ba,CUST_00901,2026-02-28,billing,I was charged twice this month and need a refund immediately.,resolved,low,
13b8f954-eccd-4051-946b-43de77cf86d8,CUST_00901,2025-12-24,account,I need to update my business address and tax ID.,pending,high,7.0
31ac43ce-1f74-4b56-ae4a-51761d63399a,CUST_00901,2025-12-26,technical,The app crashes every time I try to run payroll.,resolved,high,12.0
bd061aaa-1c9b-4df0-b2a2-198c7799708e,CUST_00902,2025-12-19,billing,I was charged twice this month and need a refund immediately.,pending,medium,4.0
6b46c9fb-709a-485b-984c-42a27c4b2cad,CUST_00902,2026-03-22,account,Can I downgrade my plan and keep my data?,pending,medium,11.0
7e0aed21-77b5-4aad-bf64-4a749d8ea492,CUST_00902,2025-10-20,billing,"My invoice shows the wrong amount, please help.",resolved,medium,5.0
e430e1a0-f7fb-4208-bbd0-7f347b7b3bb7,CUST_00903,2024-11-06,technical,My bank connection keeps disconnecting every few days.,pending,low,
12beb54c-9477-4ad5-9317-2c37d7eb2f7a,CUST_00904,2026-02-14,technical,Reports are not loading and just show a blank screen.,open,high,2.0
9eaf1be8-4458-4813-befc-f466a4d0fd4a,CUST_00904,2026-01-16,feature,Please add a dark mode to the dashboard.,open,high,3.0
98bafdbf-dc85-49b7-aca1-ed3944a6bd0b,CUST_00904,2025-06-30,feature,Can you add support for multiple currencies?,resolved,high,7.0
89b747e3-0450-45c4-aa4d-19a6886acc4d,CUST_00904,2025-09-29,billing,Why did my subscription price increase without notice?,pending,medium,11.0
e3f55554-db23-4ec0-8f93-1ee829c7b422,CUST_00906,2026-02-06,account,How do I export all my data before cancelling?,pending,low,1.0
bb110b93-f18e-4878-b0c2-02c4ed8322a3,CUST_00906,2025-12-21,technical,The app crashes every time I try to run payroll.,open,high,6.0
5bb401a4-c94e-4ae0-9b51-b7e7cafa3c97,CUST_00907,2025-04-16,account,I need to update my business address and tax ID.,resolved,medium,11.0
933f88f6-ff17-4632-8938-bb8139916750,CUST_00907,2026-01-24,account,Can I downgrade my plan and keep my data?,resolved,high,3.0
742e1b81-8630-48c2-8c51-8f9e79cd9a3f,CUST_00908,2026-03-09,technical,Reports are not loading and just show a blank screen.,open,medium,3.0
1b79bc5f-9b27-4c1d-9205-5c68384a764a,CUST_00908,2026-03-06,billing,I was charged twice this month and need a refund immediately.,resolved,low,8.0
c2ea8a8f-23df-4cf1-8dd7-db0e6a175399,CUST_00908,2026-03-24,billing,Why did my subscription price increase without notice?,open,high,10.0
031ddd9d-af05-4c3a-a6f3-fc73687df011,CUST_00909,2025-10-11,technical,My bank connection keeps disconnecting every few days.,resolved,high,5.0
b753b397-7afe-42f0-856d-227a1bfbf9a6,CUST_00909,2024-11-26,technical,My bank connection keeps disconnecting every few days.,pending,low,4.0
7064f833-308c-4b7f-8d79-4f2a886282c2,CUST_00909,2026-01-22,feature,Please add a dark mode to the dashboard.,open,low,12.0
7a605b3e-5867-4ac0-9052-b399d3d22a01,CUST_00909,2024-08-05,feature,I need the ability to set recurring transactions.,resolved,low,4.0
b5488f93-10e8-4230-b5ba-da9d22ea5f91,CUST_00910,2025-05-18,billing,I was charged twice this month and need a refund immediately.,resolved,low,9.0
f11d35cb-f762-43b7-9c80-3d1959049ae2,CUST_00910,2025-01-26,account,Can I downgrade my plan and keep my data?,open,high,
12c558e8-6bdd-4303-b4f5-8ea98d907183,CUST_00910,2025-12-21,account,How do I export all my data before cancelling?,pending,medium,5.0
54171c34-6853-4783-9891-efbd5d8c2f1a,CUST_00910,2026-02-02,feature,Please add a dark mode to the dashboard.,open,low,5.0
d94dfada-6863-488f-b33d-6f2a672cc98a,CUST_00911,2025-12-07,feature,I need the ability to set recurring transactions.,pending,high,13.0
a8765cf1-97a2-403d-ab0f-0817f88a031f,CUST_00911,2025-09-16,technical,My bank connection keeps disconnecting every few days.,resolved,high,
a5325b49-0a3b-407a-8a17-a8d1d3544797,CUST_00911,2025-05-08,account,How do I export all my data before cancelling?,open,high,14.0
e818c599-5c40-4e6a-b83b-deb615366f67,CUST_00911,2025-12-08,feature,I need the ability to set recurring transactions.,resolved,high,12.0
ab0feaf3-0a8a-471a-9b42-44546107195d,CUST_00912,2025-02-03,feature,Can you add support for multiple currencies?,resolved,high,10.0
4b76dfb4-e8f0-4985-831d-f59b5bab70ed,CUST_00912,2025-08-13,billing,I cancelled but was still billed. Please reverse this charge.,pending,high,
eb977ade-3916-4001-94a4-98ceed00090c,CUST_00913,2026-05-09,feature,I need the ability to set recurring transactions.,resolved,low,4.0
0bd45739-8b58-453b-a2b5-ff531bc41669,CUST_00913,2026-04-20,account,Can I downgrade my plan and keep my data?,resolved,high,10.0
4bc06c7b-4824-46cb-934c-5eca80f983f1,CUST_00914,2024-09-14,billing,I was charged twice this month and need a refund immediately.,pending,high,
ffad3860-0666-4194-8526-c5a39c0abfcc,CUST_00914,2025-04-17,feature,I need the ability to set recurring transactions.,open,low,1.0
f7dc13dd-298c-4c60-9561-634f26a50088,CUST_00914,2024-12-30,feature,Please add a dark mode to the dashboard.,pending,low,13.0
086e6841-e291-4fe7-b93a-c32e41752bcd,CUST_00915,2025-07-09,account,I need to update my business address and tax ID.,resolved,medium,
d5e9e0d6-1c3d-41b9-9e6a-a8fff1e0b411,CUST_00915,2024-12-06,account,How do I export all my data before cancelling?,pending,low,11.0
5f87b255-da60-4b9f-8330-4c8d8c2d512c,CUST_00916,2026-03-07,feature,Can you add support for multiple currencies?,open,low,7.0
6572636f-184d-4b62-934f-978807adc302,CUST_00917,2026-03-12,feature,Please add a dark mode to the dashboard.,resolved,high,5.0
bb7a77db-c317-4ea9-b5bd-20ce652d8782,CUST_00917,2026-02-24,feature,Can you add support for multiple currencies?,open,high,
ca0908ec-37a9-4257-8896-a89e5c62cdf4,CUST_00917,2026-04-06,feature,I need the ability to set recurring transactions.,resolved,high,7.0
0b4dfdc3-6934-4829-9dde-c3c1fd5d7630,CUST_00917,2026-03-08,billing,I was charged twice this month and need a refund immediately.,open,low,3.0
b8bc4929-79c6-40e7-a040-9fc6163bdffe,CUST_00918,2026-02-11,billing,"My invoice shows the wrong amount, please help.",pending,high,
07e858c5-505e-41aa-a93e-8910eb4147eb,CUST_00918,2025-08-31,technical,The app crashes every time I try to run payroll.,resolved,medium,3.0
2bd93ca2-8662-421c-af31-a31a51bc64da,CUST_00918,2025-10-15,billing,I was charged twice this month and need a refund immediately.,open,medium,7.0
f6772c5d-1a46-4da4-8ff2-b2e887555613,CUST_00919,2026-02-20,account,I need to update my business address and tax ID.,resolved,high,13.0
7e0e947c-3fd8-4a80-ba31-4cb6109fc5f8,CUST_00919,2026-02-19,technical,Reports are not loading and just show a blank screen.,pending,medium,
5809a20e-5bfc-4e5b-bfc5-c56676dba207,CUST_00919,2026-04-26,technical,The app crashes every time I try to run payroll.,pending,low,14.0
09790dcd-ba6c-4df3-a66c-273ea1ab490d,CUST_00919,2026-02-19,billing,I cancelled but was still billed. Please reverse this charge.,open,low,8.0
822bdfd2-ad34-4e01-b5f7-227194fe8ade,CUST_00920,2025-12-28,billing,I was charged twice this month and need a refund immediately.,resolved,high,7.0
0645f488-b9b8-4a7a-851d-540587b26da1,CUST_00920,2026-03-31,technical,My bank connection keeps disconnecting every few days.,resolved,medium,
64f792eb-3b5f-4099-ae99-40e141cfc67a,CUST_00920,2026-02-23,account,I need to update my business address and tax ID.,open,medium,7.0
f124cb7c-1f11-49c0-8eba-b751be6ba7f4,CUST_00920,2025-12-11,billing,Why did my subscription price increase without notice?,open,high,9.0
5a4053c5-e0dd-4832-b7f4-81ac370f95a3,CUST_00920,2026-02-01,billing,I cancelled but was still billed. Please reverse this charge.,open,medium,3.0
2f252a3c-f58b-467a-ad95-3db694374697,CUST_00920,2026-04-13,account,How do I export all my data before cancelling?,open,high,12.0
ccb22c1a-ddf7-4173-a15c-1a11423160a8,CUST_00920,2026-01-28,feature,Please add a dark mode to the dashboard.,pending,high,9.0
3d558eaf-497e-4f00-a270-92e25553270a,CUST_00921,2024-12-16,account,How do I export all my data before cancelling?,resolved,high,6.0
9539f8a1-d625-4a93-a282-9c708011f022,CUST_00921,2026-04-10,feature,Can you add support for multiple currencies?,pending,high,3.0
9a6ed79a-3c27-46a8-b2a4-f5ef714d0a69,CUST_00921,2026-04-20,feature,Is there a way to export data to Excel automatically?,open,high,10.0
78907018-deed-442f-b8e6-9a8b0fb36ba6,CUST_00921,2025-03-28,feature,Please add a dark mode to the dashboard.,open,high,
4162d54c-e11b-4356-afff-0195ca35e5b8,CUST_00921,2025-05-13,account,Can I downgrade my plan and keep my data?,pending,high,4.0
eac12c26-5165-4eb0-aa06-5953ccdf163f,CUST_00922,2026-05-14,account,Can I downgrade my plan and keep my data?,open,medium,6.0
83e0c363-e3b1-45c0-9e05-d286dc0292c9,CUST_00922,2026-05-09,technical,My bank connection keeps disconnecting every few days.,resolved,high,10.0
22cc1bd4-42e2-43b0-8710-1a1559db2736,CUST_00924,2025-11-09,account,How do I add a second user to my account?,pending,low,2.0
11d209c8-dce9-439a-b149-a7a6fa2fc391,CUST_00924,2025-03-28,feature,Is there a way to export data to Excel automatically?,resolved,high,6.0
a6d168aa-5425-4cb8-9a43-8c66b4f26acd,CUST_00925,2025-07-29,feature,Please add a dark mode to the dashboard.,open,high,
cb7e4675-d3d8-48d4-9382-7b249df71aa1,CUST_00925,2025-07-28,billing,Why did my subscription price increase without notice?,resolved,medium,
b8efce95-30a2-4d91-86b0-cde528220514,CUST_00925,2026-02-10,account,How do I add a second user to my account?,resolved,high,11.0
1981fc99-6510-4140-812d-37b4e9da6b51,CUST_00927,2026-03-24,account,How do I export all my data before cancelling?,open,high,7.0
7adfef32-94e5-40c4-8876-0a784d5928a3,CUST_00927,2026-05-10,technical,Reports are not loading and just show a blank screen.,resolved,medium,13.0
1a0a2e2f-8cd3-4493-9d66-11be4d6df0d0,CUST_00927,2026-03-10,account,How do I add a second user to my account?,resolved,high,1.0
21beb98f-617a-4629-9a59-5532b8468a56,CUST_00927,2026-05-17,feature,Please add a dark mode to the dashboard.,resolved,high,11.0
1ce2e65b-7310-4074-bea8-ad7935b259fb,CUST_00927,2026-01-15,billing,I cancelled but was still billed. Please reverse this charge.,pending,low,1.0
6021353a-aaf6-4f30-b2b9-a4dbbcd13fa0,CUST_00927,2026-01-21,billing,I cancelled but was still billed. Please reverse this charge.,pending,low,9.0
21722975-bf9c-4282-a9a9-4685d28d28ce,CUST_00927,2026-04-01,feature,Is there a way to export data to Excel automatically?,pending,high,11.0
8667a0f5-5ce4-4b3d-a41e-ccaaae1b0730,CUST_00928,2025-12-24,account,I need to update my business address and tax ID.,open,high,
8a9e6011-cc8c-426d-b6e5-50cb3f4a791f,CUST_00928,2026-03-08,feature,Is there a way to export data to Excel automatically?,open,high,2.0
499116e4-88e1-4b9f-99ae-ae676861dd59,CUST_00929,2025-11-28,technical,Reports are not loading and just show a blank screen.,pending,high,13.0
d016e6ae-4fb0-442c-a50e-d764211fcf69,CUST_00929,2026-03-05,feature,Please add a dark mode to the dashboard.,pending,high,10.0
a8b19331-f73d-4faf-8ddb-11d130820134,CUST_00929,2025-07-25,feature,I need the ability to set recurring transactions.,resolved,medium,12.0
ac4e7387-3b47-441b-8abd-2e1d48ce8733,CUST_00930,2025-10-18,billing,Why did my subscription price increase without notice?,pending,high,1.0
3b8a6fb6-08ce-41e8-a21b-e605fa003ad8,CUST_00930,2025-11-09,technical,Reports are not loading and just show a blank screen.,pending,high,14.0
9ebcc3bc-83a2-4f7b-9fcb-152dc58ec437,CUST_00930,2025-12-22,technical,"I cannot log in to my account, password reset is not working.",open,medium,8.0
b92a5e4b-7ace-447f-a978-7019b610b59d,CUST_00930,2025-11-25,account,How do I add a second user to my account?,pending,medium,9.0
f5f71f6d-0a3d-49ec-8ead-18fee549b8d1,CUST_00930,2025-10-27,billing,Why did my subscription price increase without notice?,resolved,low,
f450cfed-5133-4a28-9a60-2e9e407cdcb1,CUST_00931,2025-07-17,account,I need to update my business address and tax ID.,resolved,medium,4.0
f1acd9f7-6a06-4139-a818-f02188088c9d,CUST_00931,2026-02-23,feature,I need the ability to set recurring transactions.,pending,low,10.0
74e390d6-d724-4b7c-b447-8ff58940a16c,CUST_00932,2025-08-15,account,Can I downgrade my plan and keep my data?,resolved,medium,8.0
de6606b0-69f1-48ea-9cb8-fe33330eace3,CUST_00932,2025-11-12,account,How do I add a second user to my account?,pending,high,
b5c5be12-6e38-4183-853a-c75d8d59c532,CUST_00932,2026-04-27,technical,Reports are not loading and just show a blank screen.,pending,high,12.0
fe6585ee-273d-4f39-ae25-2e6f3b6d92b8,CUST_00932,2026-03-05,technical,"I cannot log in to my account, password reset is not working.",resolved,high,
57c9fde4-0a91-4894-bc71-fd63010ec608,CUST_00933,2026-05-16,feature,Can you add support for multiple currencies?,pending,medium,13.0
b5340399-9a26-4f24-a780-cfa98cd349ee,CUST_00933,2026-04-13,technical,The app crashes every time I try to run payroll.,pending,medium,1.0
2b9f112b-cfb2-4bbd-810f-26a9c15b3bbe,CUST_00933,2026-04-08,account,How do I export all my data before cancelling?,open,low,
afd60156-8117-4484-b2b8-cd426db58d4e,CUST_00933,2026-05-13,technical,My bank connection keeps disconnecting every few days.,open,high,8.0
c522bf36-b7c9-45ea-b408-50766c0aae25,CUST_00934,2026-02-11,technical,My bank connection keeps disconnecting every few days.,open,high,2.0
b15029b8-85b1-4995-a289-64aa4598176e,CUST_00934,2026-03-11,technical,"I cannot log in to my account, password reset is not working.",pending,high,12.0
67bca05c-9450-4c4e-b0e2-255360f2bd69,CUST_00934,2026-04-11,technical,"I cannot log in to my account, password reset is not working.",pending,high,12.0
52dbb7a7-b147-4a95-8063-308396ae0c5f,CUST_00935,2025-03-22,billing,"My invoice shows the wrong amount, please help.",open,low,12.0
23a1b040-1a90-41fc-a177-c9ccd337286f,CUST_00936,2026-03-11,account,Can I downgrade my plan and keep my data?,resolved,low,2.0
2d3a1375-607c-45ea-847c-5ce18e6d5567,CUST_00936,2026-02-16,account,Can I downgrade my plan and keep my data?,resolved,low,5.0
0e616347-2098-47a4-835b-a2087bab08ab,CUST_00936,2026-03-01,account,I need to update my business address and tax ID.,resolved,high,
9984eec5-4b15-48b7-8549-6ab6ff19bb29,CUST_00936,2026-02-04,billing,"My invoice shows the wrong amount, please help.",pending,high,2.0
037ffbed-dc08-4513-9211-d7a069706ec1,CUST_00937,2026-04-25,account,Can I downgrade my plan and keep my data?,pending,high,8.0
8d545d31-aa05-4f03-b094-277b7b5602f3,CUST_00937,2026-05-01,technical,The app crashes every time I try to run payroll.,open,high,10.0
a85617eb-71b9-495d-8c7b-ae5a7904adb6,CUST_00937,2026-04-30,technical,The app crashes every time I try to run payroll.,pending,high,7.0
1c3d93ef-f326-4a3e-93ff-0b47eef509b8,CUST_00937,2026-05-18,billing,"My invoice shows the wrong amount, please help.",pending,medium,2.0
b0302aad-e018-4ffd-9890-be8f4fdb77cd,CUST_00937,2026-04-29,feature,I need the ability to set recurring transactions.,pending,low,8.0
afbf7488-456f-4cbb-8dc8-e2d52799caa8,CUST_00937,2026-04-20,technical,My bank connection keeps disconnecting every few days.,open,high,9.0
cef9fe08-1a75-426e-a157-cce4d35f0dde,CUST_00937,2026-04-12,technical,My bank connection keeps disconnecting every few days.,open,medium,3.0
b7d0fac4-afea-4992-b132-97614902d35e,CUST_00938,2025-11-30,technical,My bank connection keeps disconnecting every few days.,pending,high,
cfd2b8d5-63bd-45d2-8350-5ce6db4f2880,CUST_00938,2025-12-06,feature,Is there a way to export data to Excel automatically?,open,medium,1.0
39960945-e849-4d93-8002-d1ecf02a2c31,CUST_00938,2025-10-10,billing,I cancelled but was still billed. Please reverse this charge.,open,high,5.0
69ebfad8-edfa-46f9-919e-69b67a326adf,CUST_00941,2026-04-03,technical,"I cannot log in to my account, password reset is not working.",open,low,4.0
06831e18-937b-4411-ba99-31ebf241378b,CUST_00942,2025-12-19,feature,Can you add support for multiple currencies?,resolved,high,14.0
f87b3acd-53d2-4783-bd7f-de2b97d5b811,CUST_00942,2025-12-05,billing,I was charged twice this month and need a refund immediately.,open,low,11.0
b4fa7031-f742-4802-950f-a33e996d9fe0,CUST_00942,2025-09-02,account,How do I export all my data before cancelling?,pending,medium,14.0
0f0439de-4cab-4b42-912e-1df4e230059e,CUST_00943,2025-04-08,technical,Reports are not loading and just show a blank screen.,pending,low,4.0
2e57218c-3f4e-4899-b49e-49a2b1477248,CUST_00943,2024-12-19,feature,Can you add support for multiple currencies?,open,low,6.0
86c37152-8f55-40e2-b736-469c9cfbfc87,CUST_00944,2026-05-04,account,How do I add a second user to my account?,open,high,7.0
5722d870-79a3-4d35-967b-22ad79bc07e0,CUST_00945,2024-11-12,technical,The app crashes every time I try to run payroll.,pending,low,4.0
1992fb4a-88cc-4907-90c0-4757a84c4486,CUST_00945,2025-04-27,account,Can I downgrade my plan and keep my data?,pending,low,6.0
c5750a7b-a774-4ff5-ba22-5f1f1d2c043a,CUST_00945,2024-11-10,technical,Reports are not loading and just show a blank screen.,open,high,4.0
d35dd1b1-8181-4e7d-83a7-88ec590d70ee,CUST_00945,2025-08-04,account,Can I downgrade my plan and keep my data?,open,medium,1.0
75a09e6c-6330-4946-8e2b-ebe4a9246693,CUST_00946,2025-10-24,feature,Please add a dark mode to the dashboard.,resolved,high,9.0
e3a7980b-67ab-4f76-83e9-0bf14f47a454,CUST_00946,2025-05-13,billing,"My invoice shows the wrong amount, please help.",resolved,medium,1.0
3d5f68c3-4e56-4c8a-bd39-5a574c8af92b,CUST_00948,2026-04-12,feature,Can you add support for multiple currencies?,resolved,medium,8.0
4814861e-aa1a-4744-8c54-f88cc0771b9c,CUST_00948,2025-10-29,account,How do I export all my data before cancelling?,resolved,high,3.0
347f132e-0106-4f01-8725-66523f08d39f,CUST_00948,2025-07-09,feature,Please add a dark mode to the dashboard.,pending,medium,14.0
c3e658af-7eaf-4853-95ed-d546bce357df,CUST_00949,2025-12-06,technical,Reports are not loading and just show a blank screen.,resolved,high,6.0
04d77611-5aba-4c46-b459-2bf23e8eadea,CUST_00949,2026-03-02,account,How do I add a second user to my account?,resolved,low,
8d22d0fb-bd4b-4082-b590-cdc7a8525ca4,CUST_00950,2025-10-21,account,How do I add a second user to my account?,resolved,high,9.0
961fe1e8-e075-4546-adf8-02326c5cdd97,CUST_00950,2026-04-22,account,Can I downgrade my plan and keep my data?,pending,medium,11.0
a4ea9631-f399-491a-9e0f-57a1809533fa,CUST_00950,2026-03-10,technical,Reports are not loading and just show a blank screen.,open,medium,3.0
a2d073a0-404a-4a04-8711-a4e5c88eeee7,CUST_00951,2026-05-14,feature,I need the ability to set recurring transactions.,resolved,high,5.0
cf6b643f-4446-4bd1-9989-4544759d292f,CUST_00951,2026-03-13,billing,I cancelled but was still billed. Please reverse this charge.,resolved,low,
4bb601ec-a3f0-4c4d-9543-78e1e6d2b2b0,CUST_00951,2025-12-28,billing,"My invoice shows the wrong amount, please help.",resolved,high,4.0
927923ad-086b-403c-aa44-7a7420e001f3,CUST_00952,2026-05-15,technical,My bank connection keeps disconnecting every few days.,pending,low,14.0
ca74e2b1-0fec-4e49-95e3-aa813c64ae55,CUST_00954,2025-04-30,billing,Why did my subscription price increase without notice?,pending,low,6.0
0ed575cd-6134-48b3-a99d-f91322b52be6,CUST_00954,2025-09-29,feature,Please add a dark mode to the dashboard.,open,high,8.0
302d0a63-ce46-4fab-928d-99aae3b88773,CUST_00954,2025-11-20,technical,My bank connection keeps disconnecting every few days.,open,low,11.0
159bf0d6-addc-42af-ba1d-13bd2fe67c31,CUST_00954,2025-05-20,billing,I cancelled but was still billed. Please reverse this charge.,resolved,high,3.0
3f2b88a9-ba06-40e2-b209-fdf8108bd1f4,CUST_00955,2026-02-21,billing,Why did my subscription price increase without notice?,pending,high,14.0
448900b7-ccb2-45e2-9e44-51ef65463a43,CUST_00955,2026-05-16,technical,Reports are not loading and just show a blank screen.,resolved,medium,2.0
3787f0a9-2808-4f25-b0ec-8c1f4075bfc9,CUST_00955,2026-02-06,account,Can I downgrade my plan and keep my data?,open,medium,6.0
e50347d7-9dc5-4dd5-a8cd-43b90a75d83a,CUST_00955,2026-02-10,account,Can I downgrade my plan and keep my data?,open,medium,5.0
7acced5b-03d4-41d5-b9ee-6b7ebd40b5e2,CUST_00956,2026-02-18,feature,Please add a dark mode to the dashboard.,open,low,
e2128198-faf5-434e-b8f3-54b279c867d1,CUST_00957,2026-01-11,account,I need to update my business address and tax ID.,open,low,8.0
89b95c77-6819-4c9d-b4f8-1ea7763bca4e,CUST_00957,2025-07-01,account,Can I downgrade my plan and keep my data?,open,low,1.0
9b6b2acf-c7bc-4a13-9091-aa7f008d6067,CUST_00957,2025-10-14,technical,My bank connection keeps disconnecting every few days.,resolved,medium,2.0
84e5c806-42f0-4891-900c-32dda3246f5a,CUST_00960,2025-10-09,technical,My bank connection keeps disconnecting every few days.,resolved,low,
3eda70fa-cf9f-4e28-a53f-c8bdaa556f81,CUST_00961,2025-11-21,technical,My bank connection keeps disconnecting every few days.,pending,high,6.0
ff2dea1a-c5cb-4f63-b460-f4f910391fce,CUST_00962,2025-08-25,billing,Why did my subscription price increase without notice?,open,high,2.0
7223186b-ee37-4471-a7c7-c72993d031fe,CUST_00962,2026-04-15,feature,Is there a way to export data to Excel automatically?,open,high,5.0
fc5d223f-66fe-426c-a64a-390fe2c7b698,CUST_00963,2026-03-06,technical,Reports are not loading and just show a blank screen.,resolved,high,
118a9e1a-cb77-47c4-a851-2af08a1a3076,CUST_00964,2025-10-09,billing,I cancelled but was still billed. Please reverse this charge.,open,high,
aac04eca-c13c-496d-a113-b655df83170d,CUST_00964,2025-02-04,billing,I cancelled but was still billed. Please reverse this charge.,resolved,high,10.0
6f381011-e0f8-4d0e-96e2-79945bfd66f2,CUST_00964,2024-10-15,feature,Can you add support for multiple currencies?,resolved,high,12.0
acfd1455-3cbb-44a3-bde4-273aff97fe4b,CUST_00965,2026-04-06,account,I need to update my business address and tax ID.,open,low,
124e24a1-5a91-4eb6-b88c-6b1df80497f0,CUST_00965,2025-08-09,account,Can I downgrade my plan and keep my data?,pending,low,8.0
0276e8eb-5cc4-44f9-b572-8d86bf384693,CUST_00966,2026-03-26,account,How do I export all my data before cancelling?,open,high,12.0
da7cc4dc-3141-4065-8e1f-531e8cf84739,CUST_00966,2026-01-16,billing,I cancelled but was still billed. Please reverse this charge.,open,low,3.0
4ccc27f5-8d62-4f5f-9d0a-28c25e931629,CUST_00966,2026-01-13,technical,The app crashes every time I try to run payroll.,pending,medium,
c4184312-8719-40bd-b9de-ed594fe4b1e4,CUST_00966,2026-01-08,feature,I need the ability to set recurring transactions.,open,high,7.0
c004ab2b-35fd-4fc2-8dca-9b31944f5daf,CUST_00966,2026-01-12,technical,Reports are not loading and just show a blank screen.,pending,medium,2.0
64b1631d-93e1-4340-984e-0f2ceac0ebc8,CUST_00966,2026-02-02,account,I need to update my business address and tax ID.,resolved,low,1.0
335add68-b76a-4e14-95ce-9f37f80dd036,CUST_00967,2026-03-19,feature,Please add a dark mode to the dashboard.,resolved,high,14.0
2cc9e290-b920-4cf4-8b5e-d1cd1a98e7e6,CUST_00967,2026-03-16,technical,The app crashes every time I try to run payroll.,pending,medium,6.0
9c6361a8-c11b-47da-b060-cc8b0f51eabf,CUST_00967,2026-03-06,feature,Please add a dark mode to the dashboard.,resolved,high,7.0
2aa9fa1a-9933-4df4-8c89-d5de206ea710,CUST_00967,2026-04-28,billing,Why did my subscription price increase without notice?,open,low,
6711b246-74ff-4403-b536-1d8df113bd4f,CUST_00968,2026-02-21,billing,I was charged twice this month and need a refund immediately.,resolved,medium,14.0
9acc2833-c1f5-4590-83bd-b00f80c8d044,CUST_00968,2026-02-09,account,How do I export all my data before cancelling?,open,medium,
fd87cc72-b11c-4595-af3c-95d97ca8755c,CUST_00968,2026-02-15,feature,Can you add support for multiple currencies?,open,high,
0aea9c9c-cb2a-4910-98ee-5dbc55f9568a,CUST_00968,2026-04-26,billing,I cancelled but was still billed. Please reverse this charge.,pending,high,4.0
821f8a50-ddc3-4350-bc95-0de892249578,CUST_00970,2025-06-06,billing,"My invoice shows the wrong amount, please help.",resolved,high,
046afbb3-92fc-4762-aaa2-b4cd2beff700,CUST_00970,2025-12-23,billing,Why did my subscription price increase without notice?,resolved,high,4.0
3a64c6b6-bc81-45cd-994b-e77088f74d21,CUST_00970,2025-05-03,billing,Why did my subscription price increase without notice?,open,low,5.0
db996179-57cb-4de7-8905-43954eea876f,CUST_00971,2026-02-13,account,How do I add a second user to my account?,open,high,13.0
daa34182-dcd1-4acd-983e-1f01a14c34fe,CUST_00971,2026-03-23,feature,I need the ability to set recurring transactions.,pending,low,
8419c721-8aee-481f-a8ed-dea37296d252,CUST_00972,2026-02-24,feature,I need the ability to set recurring transactions.,open,low,10.0
20d001b8-beb1-4882-97f8-97de62953455,CUST_00972,2025-12-18,billing,Why did my subscription price increase without notice?,open,high,1.0
05cec621-cb2b-4a4a-ba93-d00fdc2f9b52,CUST_00972,2026-03-27,account,How do I add a second user to my account?,pending,high,4.0
ef99d56f-aa71-488d-ba85-ad567bf1b86a,CUST_00972,2026-03-30,feature,I need the ability to set recurring transactions.,pending,high,
c991ccc8-ff7f-4283-8663-9e4e10141f04,CUST_00972,2026-02-23,account,I need to update my business address and tax ID.,open,low,
7e1cfea3-da88-4105-b978-5a199994d8b5,CUST_00973,2025-12-07,billing,Why did my subscription price increase without notice?,resolved,medium,
aa2be496-aa2c-497f-bf1f-d3bd3ce80fb1,CUST_00973,2025-12-17,account,Can I downgrade my plan and keep my data?,pending,low,7.0
e464b7f8-688d-4312-9d3f-ae43399ca126,CUST_00973,2026-02-22,technical,My bank connection keeps disconnecting every few days.,resolved,medium,12.0
fcdce7af-c9fb-420b-ad0b-55b764fe277e,CUST_00974,2026-04-13,billing,Why did my subscription price increase without notice?,resolved,low,7.0
e4484c72-faad-4559-b846-e4efd68a3447,CUST_00975,2026-04-09,feature,Is there a way to export data to Excel automatically?,pending,low,
809cd663-20fc-4f5a-ab27-7b8979006372,CUST_00975,2025-06-15,billing,I cancelled but was still billed. Please reverse this charge.,pending,medium,14.0
d503505c-8b93-4450-862c-5036c7c3c754,CUST_00977,2024-11-18,account,I need to update my business address and tax ID.,pending,low,5.0
ab64cd89-90f3-4dbf-ab30-311580952b08,CUST_00977,2025-04-17,feature,Is there a way to export data to Excel automatically?,pending,high,8.0
f4d1527b-73ea-4d94-97fe-a8c35c3c601d,CUST_00978,2025-09-16,account,Can I downgrade my plan and keep my data?,pending,medium,7.0
04d49d27-eebf-4bb6-aa94-718e63a4f943,CUST_00978,2025-04-07,feature,Please add a dark mode to the dashboard.,pending,high,1.0
685448f0-c900-463c-8244-74bd896cbece,CUST_00978,2026-01-09,technical,My bank connection keeps disconnecting every few days.,resolved,high,5.0
68d69ccb-4c25-414f-8764-374d29d1bf87,CUST_00978,2026-01-06,feature,Please add a dark mode to the dashboard.,open,medium,9.0
d1cef1fb-5398-4125-9c94-f4241abeb4a1,CUST_00979,2026-05-09,account,Can I downgrade my plan and keep my data?,open,high,13.0
759a91d3-51fe-43e1-9a71-1c35d3fba70b,CUST_00979,2026-04-28,technical,Reports are not loading and just show a blank screen.,resolved,high,10.0
493e4bf2-469a-4738-ab53-026e28cec010,CUST_00979,2026-04-23,feature,I need the ability to set recurring transactions.,pending,medium,6.0
68ccb23d-27f5-47ab-82ad-9065ebcf9299,CUST_00979,2025-12-23,billing,"My invoice shows the wrong amount, please help.",resolved,high,
e3385290-e2dd-4de8-a1c3-75355303ae67,CUST_00979,2026-01-11,billing,"My invoice shows the wrong amount, please help.",pending,medium,8.0
5a4a75f4-295e-4981-b891-5ea917a90bb5,CUST_00979,2025-11-06,billing,I cancelled but was still billed. Please reverse this charge.,open,high,
c249f14a-d249-4afc-9b22-568c069fe8b2,CUST_00980,2025-08-09,technical,"I cannot log in to my account, password reset is not working.",resolved,high,
7447fe4e-0080-452c-bb3c-bba4cac6de06,CUST_00980,2025-12-23,billing,I cancelled but was still billed. Please reverse this charge.,open,low,1.0
6ff2b117-1c7e-467f-9217-83eed06a0a65,CUST_00980,2025-11-12,feature,I need the ability to set recurring transactions.,resolved,medium,4.0
771ebb4e-e44f-4419-b0d0-091cf2bcb455,CUST_00980,2025-11-09,account,How do I export all my data before cancelling?,pending,high,12.0
15e7eea8-f10c-4fd1-931e-e143b894cf47,CUST_00981,2024-10-30,account,I need to update my business address and tax ID.,resolved,low,3.0
a8301519-6e17-4e57-9d11-2ea4f151bfa0,CUST_00981,2024-11-15,billing,"My invoice shows the wrong amount, please help.",pending,low,1.0
a44f2028-8d23-4947-bfbb-e416fc6ff665,CUST_00981,2025-06-07,technical,My bank connection keeps disconnecting every few days.,pending,high,10.0
1f303523-5e84-4ed9-a1eb-da2132029dbf,CUST_00982,2025-11-11,feature,Is there a way to export data to Excel automatically?,resolved,medium,5.0
bad25fbc-98ae-4b0c-aff3-3903afc9fa42,CUST_00983,2026-04-12,feature,Please add a dark mode to the dashboard.,pending,high,12.0
7088cd36-411f-4150-a83f-0fe68ce9ac7b,CUST_00983,2026-04-03,feature,Please add a dark mode to the dashboard.,pending,low,
59f11068-3f70-4c98-9b85-e5075b623dbf,CUST_00983,2026-05-17,billing,"My invoice shows the wrong amount, please help.",pending,high,
cf7dd947-ad81-463c-b9e4-a481b8524772,CUST_00984,2025-12-28,account,Can I downgrade my plan and keep my data?,resolved,medium,13.0
6050f66b-79cd-4396-aaa4-8ee76b3b2a66,CUST_00985,2026-04-08,billing,"My invoice shows the wrong amount, please help.",open,high,
e86897c0-fc68-4abb-942c-8284e9153365,CUST_00985,2026-05-17,feature,Can you add support for multiple currencies?,pending,high,2.0
ec58fc44-0d37-477e-b36e-8b4f60ac8792,CUST_00985,2026-05-15,technical,The app crashes every time I try to run payroll.,resolved,high,
9f6eab43-4d84-4bc9-940a-4e818c2da1c5,CUST_00985,2026-03-23,feature,Please add a dark mode to the dashboard.,open,high,2.0
883573c3-9e05-40ff-8bb1-a80a8085b810,CUST_00985,2026-05-04,account,How do I add a second user to my account?,open,low,
8a37fd6e-47e8-4c92-865a-be20fe61c3e9,CUST_00985,2026-03-30,account,How do I export all my data before cancelling?,resolved,high,11.0
648f55d2-7121-4bb6-89d6-563cee565491,CUST_00986,2026-02-12,technical,The app crashes every time I try to run payroll.,open,high,9.0
905bd4e5-b7cc-4a5c-86f8-aa172783e779,CUST_00986,2026-01-11,billing,Why did my subscription price increase without notice?,resolved,medium,9.0
07a446a3-3124-400c-b09f-075521663dfc,CUST_00988,2026-04-07,technical,Reports are not loading and just show a blank screen.,resolved,high,8.0
70755fcc-d798-4ea5-9965-35ede3602c3f,CUST_00990,2026-03-30,account,I need to update my business address and tax ID.,pending,medium,8.0
956f4501-841d-4f55-8c8d-994805e08137,CUST_00990,2026-03-01,billing,I cancelled but was still billed. Please reverse this charge.,open,low,7.0
ad476da4-d3a1-4670-955e-db9db9960c37,CUST_00990,2026-03-11,account,How do I add a second user to my account?,open,high,8.0
3eaf8147-30d8-4201-8bb1-9580569d915b,CUST_00992,2025-08-06,feature,I need the ability to set recurring transactions.,resolved,high,6.0
4dcb00d1-77f2-4d76-b2a6-df1acba5d1ac,CUST_00992,2025-02-14,account,How do I add a second user to my account?,open,high,6.0
61d3ab50-aedc-434a-b477-8960188ceb50,CUST_00992,2025-10-22,account,How do I add a second user to my account?,open,high,13.0
e1ef88ff-827b-4550-bbfc-0aedc16b08a3,CUST_00992,2025-10-13,billing,I was charged twice this month and need a refund immediately.,open,low,9.0
9529ed1e-733b-401f-9f38-76cca0f63b50,CUST_00993,2026-04-28,technical,"I cannot log in to my account, password reset is not working.",resolved,high,
ede1c1bd-fbd9-4a11-81a1-6d9a3abcf11f,CUST_00993,2026-03-20,billing,I cancelled but was still billed. Please reverse this charge.,resolved,medium,6.0
2b8b1221-e719-4736-ae9d-92ac1688c242,CUST_00993,2026-01-06,billing,Why did my subscription price increase without notice?,open,high,4.0
9c02bfbb-e31c-437a-af50-15a6d58789b4,CUST_00994,2024-10-20,account,Can I downgrade my plan and keep my data?,resolved,high,1.0
d65edbe1-dce4-449e-ac2f-e4e271f0473a,CUST_00994,2024-08-07,feature,Can you add support for multiple currencies?,resolved,high,8.0
41077590-275c-47ce-a8fa-f525a352feb0,CUST_00994,2025-11-14,billing,I was charged twice this month and need a refund immediately.,open,high,4.0
4366f08d-c0c9-48ce-908d-7aec9722451e,CUST_00994,2025-05-17,feature,Is there a way to export data to Excel automatically?,resolved,high,3.0
dc8d5a6e-3314-4b05-a5a9-b2b03b8aab25,CUST_00994,2024-10-15,technical,"I cannot log in to my account, password reset is not working.",pending,high,
85c6f7e2-04d4-4bf9-9a16-b6f1abebcc14,CUST_00995,2025-08-16,feature,Please add a dark mode to the dashboard.,resolved,low,6.0
c22f0382-47b0-4dc5-8bc4-ed08cf07f4c9,CUST_00995,2025-04-06,account,How do I export all my data before cancelling?,pending,high,2.0
6d631eb4-3fa5-4a4d-adbe-f0569f8ad199,CUST_00995,2026-04-06,feature,Is there a way to export data to Excel automatically?,open,medium,
5cf3193a-cde8-4cbd-a167-a6794193601d,CUST_00995,2025-03-28,account,Can I downgrade my plan and keep my data?,resolved,medium,7.0
904114e1-eefc-4c45-876a-cfb21fa2b76e,CUST_00996,2025-10-15,technical,Reports are not loading and just show a blank screen.,open,medium,1.0
66535a4b-ebba-4158-9eaa-947ccdb9fb7b,CUST_00999,2026-01-25,account,How do I export all my data before cancelling?,resolved,high,14.0
9a883448-b585-4717-b8ee-0f45937f2603,CUST_00999,2025-11-18,account,How do I add a second user to my account?,resolved,medium,14.0
610ad2f6-0c47-4c1f-89ab-400a3d7dbfc6,CUST_01000,2026-03-02,feature,Is there a way to export data to Excel automatically?,open,low,
b4f717c4-a9e4-4e07-974f-31f38415abca,CUST_01000,2026-03-22,billing,I was charged twice this month and need a refund immediately.,resolved,low,7.0
e69368e7-51fe-4c86-bcd9-139e8129fd48,CUST_01000,2025-12-21,billing,I was charged twice this month and need a refund immediately.,pending,high,14.0
af552fad-086e-4326-8ffe-a655230fef87,CUST_01002,2026-02-02,account,How do I export all my data before cancelling?,open,high,
12197e88-5707-493a-8c7d-d0b3b992678b,CUST_01006,2026-03-09,billing,"My invoice shows the wrong amount, please help.",open,high,
352b9ca5-b43d-451b-bee7-12a22c20da72,CUST_01006,2025-06-01,feature,Is there a way to export data to Excel automatically?,pending,high,11.0
a08866b3-4d2e-4b55-8e12-99d0ff9a01bd,CUST_01006,2025-09-04,billing,I cancelled but was still billed. Please reverse this charge.,open,high,
d5cb7e15-2a9c-4a5b-ae52-7634519d6fd1,CUST_01006,2026-03-15,account,Can I downgrade my plan and keep my data?,resolved,medium,8.0
7b621155-68b0-4c55-a867-d1c8eed46ca0,CUST_01006,2024-07-04,feature,Can you add support for multiple currencies?,open,high,6.0
bc2a0a09-6579-4e2f-99e3-19074e753b0d,CUST_01006,2025-07-22,feature,Please add a dark mode to the dashboard.,open,medium,
29a686d0-0578-472a-9d19-46ad71e0b5df,CUST_01006,2025-08-24,feature,Please add a dark mode to the dashboard.,resolved,high,13.0
ab77b6ce-1ab3-47b0-bdfe-0d285ea9bbbe,CUST_01006,2025-04-25,account,Can I downgrade my plan and keep my data?,pending,high,2.0
51eb7565-4843-46a3-9cb4-5ad790e77ad7,CUST_01007,2026-01-13,billing,I cancelled but was still billed. Please reverse this charge.,resolved,medium,4.0
d13f45d4-ab9c-45a3-8f00-0e9eadcc11f8,CUST_01007,2025-02-01,technical,"I cannot log in to my account, password reset is not working.",open,low,1.0
b79a9b94-304b-41e0-99d5-2ea5e04f8df4,CUST_01007,2026-04-04,feature,I need the ability to set recurring transactions.,resolved,medium,4.0
b99d5511-c623-42de-a0f7-1af940bad5ee,CUST_01007,2024-09-20,billing,Why did my subscription price increase without notice?,open,low,14.0
3abeaa0c-38da-4dda-aaf4-8f19b853d3fc,CUST_01008,2025-10-12,billing,I cancelled but was still billed. Please reverse this charge.,open,high,3.0
6ddebcde-6d30-43ad-ba8c-5a3580aff6e6,CUST_01008,2026-04-06,feature,Can you add support for multiple currencies?,resolved,high,8.0
ed6dac03-f6ce-425a-98a3-ca132d365dc0,CUST_01008,2025-10-21,billing,Why did my subscription price increase without notice?,resolved,high,7.0
ad4833c9-2924-4bf5-a2f4-03baa149ebbd,CUST_01008,2025-09-29,technical,Reports are not loading and just show a blank screen.,pending,high,3.0
be9a7859-a129-4a52-891a-7df693551459,CUST_01008,2026-01-14,billing,Why did my subscription price increase without notice?,pending,medium,
23a8a626-8ad7-46ed-b1fc-54af89696168,CUST_01008,2026-04-27,feature,Please add a dark mode to the dashboard.,resolved,high,3.0
d5fdd488-4607-4aa7-adbc-127777db613b,CUST_01009,2025-06-11,account,I need to update my business address and tax ID.,open,medium,
8653258a-a368-40d4-92dd-76275c9ff382,CUST_01009,2025-07-10,technical,My bank connection keeps disconnecting every few days.,open,medium,13.0
2dce49d3-2799-406b-bfa7-d50bd0c82b18,CUST_01009,2025-06-06,billing,"My invoice shows the wrong amount, please help.",open,high,12.0
ce6e1547-e06e-4fd8-9ffd-4fc9d6e2dfd3,CUST_01009,2024-12-23,technical,"I cannot log in to my account, password reset is not working.",resolved,high,14.0
5bd2f760-ede2-4b05-80d0-ac976aa00956,CUST_01009,2025-10-01,billing,I cancelled but was still billed. Please reverse this charge.,open,high,2.0
14bfdfa4-7de1-4bc7-8fd3-14694bc4c84f,CUST_01009,2025-07-02,account,Can I downgrade my plan and keep my data?,pending,high,3.0
aa01a09d-6b2d-4d73-98d0-bef2f671cc8b,CUST_01010,2025-12-15,account,How do I export all my data before cancelling?,pending,high,8.0
78d0e00e-ff21-4fc5-af94-9a64b2c6bd57,CUST_01010,2025-09-11,account,How do I export all my data before cancelling?,open,high,
d0bf68ea-d83d-4dc1-b30e-5f79b20f454a,CUST_01010,2025-07-03,billing,I was charged twice this month and need a refund immediately.,open,high,14.0
0d98c5ef-3670-43bb-9553-3a73b08fd3dd,CUST_01010,2026-03-03,account,I need to update my business address and tax ID.,resolved,medium,
036fe62b-6f28-410b-accd-5997ad6b89d5,CUST_01010,2024-10-25,account,Can I downgrade my plan and keep my data?,open,medium,
ddbdd446-260c-45ae-b218-afc0d6d66a31,CUST_01010,2025-08-03,feature,Please add a dark mode to the dashboard.,open,low,9.0
eb1b81cc-ae1a-4806-b05c-7370fd548b8d,CUST_01010,2024-08-15,feature,Is there a way to export data to Excel automatically?,pending,low,11.0
5a8201c4-e95d-4518-8982-7e161f9870eb,CUST_01011,2026-02-22,billing,Why did my subscription price increase without notice?,open,medium,13.0
0960ca0e-7d3b-4f20-bfa6-b2dd32d89ff0,CUST_01011,2025-11-18,account,Can I downgrade my plan and keep my data?,pending,high,3.0
49a93d0c-6e81-4e06-be57-8ce81eb0cac9,CUST_01011,2026-05-04,technical,Reports are not loading and just show a blank screen.,open,high,3.0
efd866a2-5151-42b7-b71c-1e6ccad9ceb1,CUST_01012,2024-09-18,feature,Please add a dark mode to the dashboard.,open,high,11.0
d87215d5-c19f-4293-9512-3cb338407cde,CUST_01014,2025-02-21,technical,My bank connection keeps disconnecting every few days.,open,high,2.0
305b583c-ec01-4ac7-bdb0-c90785a2275f,CUST_01014,2025-12-17,feature,Please add a dark mode to the dashboard.,resolved,high,8.0
575da9a1-d1fc-460b-8342-edec49e107c9,CUST_01014,2025-01-17,feature,Please add a dark mode to the dashboard.,resolved,low,4.0
dddb948a-1d13-4a65-88e6-983679cdb203,CUST_01014,2025-03-16,feature,Can you add support for multiple currencies?,open,low,
7761e769-d2ee-45d1-b229-5fc2a434af87,CUST_01014,2025-02-24,account,How do I export all my data before cancelling?,pending,high,1.0
7a8618a2-fa9f-4a09-b10b-12bc2911362d,CUST_01015,2026-05-08,account,I need to update my business address and tax ID.,pending,high,10.0
cd9a0fb0-2ca9-46ea-8338-f78f406e757d,CUST_01015,2025-12-24,technical,My bank connection keeps disconnecting every few days.,resolved,medium,
bc437f78-8911-4e73-bf04-2c6e67a8c69f,CUST_01015,2025-08-23,billing,Why did my subscription price increase without notice?,open,high,4.0
03f727bd-1aeb-4c77-ab46-d566daad2853,CUST_01015,2025-07-12,feature,Is there a way to export data to Excel automatically?,open,medium,14.0
42617e43-5e74-41a8-b375-a3d530ab723d,CUST_01015,2025-07-09,feature,I need the ability to set recurring transactions.,pending,low,1.0
8b99c756-2715-4770-bd4c-0658120c390f,CUST_01015,2025-06-22,feature,Is there a way to export data to Excel automatically?,open,low,4.0
0e8e1921-71e5-4eaa-b1f9-b6ff7999fb6b,CUST_01015,2025-10-15,technical,Reports are not loading and just show a blank screen.,resolved,low,6.0
34ea31e1-a655-45d4-b682-16f0a4fe84c1,CUST_01015,2025-04-21,technical,The app crashes every time I try to run payroll.,open,medium,
d851dfb6-020c-4526-8660-fbfe8620e35a,CUST_01017,2025-08-07,account,How do I add a second user to my account?,pending,low,6.0
a2874155-6759-49c1-bbc8-a450a50d25f6,CUST_01019,2024-09-22,feature,Is there a way to export data to Excel automatically?,open,high,11.0
32735deb-4df7-4e14-9942-41839c98886e,CUST_01020,2024-10-14,account,I need to update my business address and tax ID.,resolved,medium,9.0
e2755787-053a-4756-a1c9-a08903b876aa,CUST_01020,2026-01-02,feature,I need the ability to set recurring transactions.,resolved,medium,7.0
1d234a7b-c018-4d0a-accf-65ca5882198c,CUST_01020,2024-11-22,technical,"I cannot log in to my account, password reset is not working.",pending,medium,13.0
5b97bcbe-c008-4ab3-b119-1be36499bf79,CUST_01020,2025-12-31,technical,Reports are not loading and just show a blank screen.,resolved,medium,2.0
5fb1d311-5b07-482a-8b1b-50882a237e7f,CUST_01020,2025-11-14,account,I need to update my business address and tax ID.,pending,high,12.0
66d40156-a109-4ae4-b125-23e1bd61abea,CUST_01020,2025-02-11,billing,I was charged twice this month and need a refund immediately.,open,high,7.0
a5eb4878-2121-4d2a-9b6d-eb754a766716,CUST_01020,2026-05-07,technical,My bank connection keeps disconnecting every few days.,resolved,high,2.0
6e81940b-0cd2-4117-a7b8-a266963f06a0,CUST_01021,2025-04-13,technical,Reports are not loading and just show a blank screen.,pending,low,3.0
343bddc0-13d1-47b6-b966-fbaa50901dd6,CUST_01021,2025-10-04,account,I need to update my business address and tax ID.,pending,high,
7f873e9e-3df5-4871-ac47-a94ef452a2f3,CUST_01021,2025-03-19,billing,I was charged twice this month and need a refund immediately.,open,high,6.0
c74c10e1-486b-417e-abbd-c4a63d71b8fa,CUST_01022,2026-05-15,technical,The app crashes every time I try to run payroll.,resolved,medium,8.0
0f1cbf0f-3531-4377-86d0-1669eba06401,CUST_01022,2026-04-02,technical,The app crashes every time I try to run payroll.,open,medium,
4bf6d3ab-92bb-4db3-a959-92b7f3b9d2fa,CUST_01022,2026-05-09,technical,"I cannot log in to my account, password reset is not working.",resolved,high,10.0
fe872463-5ffb-4804-910e-0b8ab938c212,CUST_01022,2026-03-04,feature,Can you add support for multiple currencies?,pending,medium,6.0
2a8d1da4-1bbb-4617-9fe9-cb89bebd10c0,CUST_01022,2026-04-29,technical,"I cannot log in to my account, password reset is not working.",open,high,5.0
cfa4bad4-723e-4e28-817e-a1cd96fe1765,CUST_01022,2026-03-16,technical,My bank connection keeps disconnecting every few days.,resolved,medium,4.0
df05eb52-59c1-4283-b2db-1858ba11b525,CUST_01022,2026-05-16,account,Can I downgrade my plan and keep my data?,pending,high,13.0
d6f97853-9a42-4969-9157-94d83aea0557,CUST_01023,2026-02-09,technical,"I cannot log in to my account, password reset is not working.",pending,high,5.0
08381b82-d49e-468a-8bbf-48ea9b7a41f4,CUST_01024,2025-09-14,billing,I cancelled but was still billed. Please reverse this charge.,pending,medium,
94c01971-ed65-47e0-a2d0-cfac41e91888,CUST_01025,2026-03-30,feature,I need the ability to set recurring transactions.,pending,high,4.0
264cac5e-a2b3-4423-a2c6-95fb864d1466,CUST_01025,2026-04-26,account,Can I downgrade my plan and keep my data?,open,high,4.0
8c6ae164-64a1-41e3-9c96-0917b5b178bf,CUST_01025,2026-05-15,technical,The app crashes every time I try to run payroll.,open,high,6.0
39171128-dbb0-4e1c-ab48-582c6cf16fd4,CUST_01025,2026-04-10,technical,The app crashes every time I try to run payroll.,resolved,medium,3.0
2e56e30b-42d9-4ca0-8f08-1df9a13f5ccd,CUST_01026,2025-08-04,account,I need to update my business address and tax ID.,pending,medium,1.0
af70ead1-aabe-405d-b62f-ae497f7d02ab,CUST_01026,2026-03-21,account,How do I export all my data before cancelling?,pending,high,13.0
891f9d87-c2e9-4e39-8b73-6eba47e581b8,CUST_01026,2025-05-26,feature,I need the ability to set recurring transactions.,open,low,12.0
27391522-1c0c-41b7-a8a0-8215ea86830a,CUST_01027,2026-04-08,account,Can I downgrade my plan and keep my data?,resolved,high,
aec58cb8-cbb3-427b-9486-1ff2413b7363,CUST_01027,2026-02-24,feature,Please add a dark mode to the dashboard.,resolved,low,9.0
195965f1-9f76-4855-9637-753fdcc5e314,CUST_01027,2025-08-19,feature,Please add a dark mode to the dashboard.,resolved,medium,4.0
9c77dd89-7c96-485a-b5c5-eef779d53dcb,CUST_01028,2025-07-01,account,Can I downgrade my plan and keep my data?,resolved,high,4.0
d4fa280e-712d-4d61-bf31-3a55521267ea,CUST_01029,2026-05-04,feature,I need the ability to set recurring transactions.,resolved,medium,6.0
c22b5902-498f-4434-a78e-0914759a9eb2,CUST_01030,2026-03-24,feature,Is there a way to export data to Excel automatically?,open,high,1.0
a36e370c-042b-4af7-b2f6-980d614bbc0e,CUST_01030,2026-03-04,technical,"I cannot log in to my account, password reset is not working.",open,medium,2.0
38817d82-2778-42ea-8434-7468743b6f69,CUST_01030,2026-02-25,technical,My bank connection keeps disconnecting every few days.,open,low,5.0
b170639f-572a-4532-847d-89999a5e0c8c,CUST_01030,2026-03-27,technical,"I cannot log in to my account, password reset is not working.",pending,medium,4.0
926fd8fd-5049-4b2d-a7c3-89b4b56b2e23,CUST_01030,2026-02-14,feature,Please add a dark mode to the dashboard.,open,high,2.0
a6c453b8-65dc-4a48-a33a-099ec56ca5ab,CUST_01030,2026-04-14,billing,I was charged twice this month and need a refund immediately.,resolved,medium,4.0
51eaf4b4-2a96-429c-9f51-ac96110ed677,CUST_01030,2026-03-24,technical,Reports are not loading and just show a blank screen.,pending,medium,3.0
bd731cc9-50e5-4524-bd69-a2158bffae74,CUST_01031,2026-05-16,technical,"I cannot log in to my account, password reset is not working.",resolved,high,10.0
4c1a66f6-961f-4536-8f53-6d583d856e7b,CUST_01031,2026-01-03,feature,Is there a way to export data to Excel automatically?,open,high,11.0
2c36c962-9662-4af3-a2c2-fe840cff17e6,CUST_01031,2026-04-07,feature,Can you add support for multiple currencies?,open,high,4.0
4f5aca34-6883-47d5-bb98-3eb64a957a12,CUST_01032,2026-04-10,account,Can I downgrade my plan and keep my data?,resolved,medium,9.0
9bf89843-002a-4b70-9cb2-1b614bab7d0e,CUST_01032,2026-04-12,technical,"I cannot log in to my account, password reset is not working.",resolved,high,2.0
d0106bba-2213-45c4-b99a-67697d1fab31,CUST_01032,2026-03-19,account,Can I downgrade my plan and keep my data?,pending,low,3.0
1006bd77-fd3d-4331-bd31-a79a117f390f,CUST_01033,2026-02-03,account,How do I export all my data before cancelling?,pending,high,2.0
6f6db3cd-1c76-48c1-9759-3afb6a30cd52,CUST_01033,2025-09-13,feature,Please add a dark mode to the dashboard.,open,high,11.0
8a06eb59-86f4-41f0-926e-e2254c09b9cc,CUST_01033,2025-05-25,technical,"I cannot log in to my account, password reset is not working.",pending,low,
0921c837-11c3-492d-858c-d86ac7717c15,CUST_01033,2025-12-14,feature,Please add a dark mode to the dashboard.,resolved,medium,11.0
89d40a59-e01a-4887-8751-09b9a0f9b1a0,CUST_01033,2025-11-07,feature,Please add a dark mode to the dashboard.,resolved,high,
d24f05c2-5b87-4518-81f1-24979e6dd498,CUST_01034,2026-05-02,billing,I was charged twice this month and need a refund immediately.,open,low,3.0
02542462-cff4-4ca4-a72d-e714126db643,CUST_01034,2026-05-16,feature,Can you add support for multiple currencies?,open,medium,2.0
114a7ed8-f15a-4908-b283-ecbd91dbc63d,CUST_01034,2026-05-03,account,How do I export all my data before cancelling?,resolved,low,1.0
3585178d-84ee-4e10-b06f-bdabca1aa01d,CUST_01034,2026-04-09,technical,The app crashes every time I try to run payroll.,resolved,high,6.0
14cf11fd-b4fa-4db6-ba78-694ae02167d5,CUST_01035,2026-02-18,feature,I need the ability to set recurring transactions.,resolved,medium,5.0
c8e040f7-8294-4fa6-a46c-e66c4d1dcdea,CUST_01036,2025-03-10,billing,Why did my subscription price increase without notice?,open,medium,6.0
2e7591cd-dbc6-4159-b7f0-889446a3bb43,CUST_01037,2026-04-21,account,How do I export all my data before cancelling?,pending,low,4.0
2149e690-b021-4c31-8df8-62cbacb41693,CUST_01037,2026-05-16,account,I need to update my business address and tax ID.,pending,medium,13.0
e147b709-47be-4075-86f0-eb10cbfed78f,CUST_01037,2026-04-30,feature,Can you add support for multiple currencies?,pending,medium,14.0
d8a6a97a-2b28-4710-98f6-63fa708fe8d4,CUST_01037,2026-02-20,feature,Is there a way to export data to Excel automatically?,resolved,medium,
fd1f2586-6d4d-4622-823b-42f02e969fb3,CUST_01038,2026-04-22,billing,I was charged twice this month and need a refund immediately.,pending,low,
fb7efa95-aad8-4091-81ca-2cd2fd995111,CUST_01039,2026-01-27,billing,Why did my subscription price increase without notice?,open,medium,12.0
1d8542df-265f-418f-89ee-f4ed96ad1ce5,CUST_01039,2026-01-03,account,I need to update my business address and tax ID.,open,medium,7.0
65d4d594-c037-478e-b8cc-1e23b41221af,CUST_01039,2026-03-16,account,How do I add a second user to my account?,pending,low,7.0
ba358b66-0f06-4703-9a53-30129cc70103,CUST_01039,2026-04-01,billing,I cancelled but was still billed. Please reverse this charge.,open,medium,2.0
0e0ee274-f58e-40cb-a5ed-cf3f8066b5df,CUST_01040,2025-11-12,feature,Please add a dark mode to the dashboard.,resolved,medium,11.0
ade2081e-1452-453d-bf42-2fc16fade47d,CUST_01040,2025-12-04,billing,Why did my subscription price increase without notice?,resolved,high,2.0
230a9229-e548-4e1b-850d-8e5a076a1ff2,CUST_01040,2026-01-31,feature,Can you add support for multiple currencies?,resolved,medium,
3fb472bd-63fb-4bc9-b8b4-791a2e042c74,CUST_01040,2026-05-14,feature,Is there a way to export data to Excel automatically?,open,high,14.0
9976ad91-1e34-4a44-b112-a48934aa84a7,CUST_01040,2025-11-07,billing,"My invoice shows the wrong amount, please help.",pending,low,13.0
6bf2e06a-2344-4f0b-9d63-ce4dbebd664d,CUST_01040,2026-01-31,technical,Reports are not loading and just show a blank screen.,resolved,high,9.0
9969338e-7aba-4f07-9599-60f6f9b57367,CUST_01040,2026-01-13,technical,Reports are not loading and just show a blank screen.,open,high,3.0
708c5761-f526-4668-81c5-4aefd20dc861,CUST_01040,2025-11-13,feature,Can you add support for multiple currencies?,pending,high,1.0
44a770f5-b22f-4fd9-8212-794a0114eaa3,CUST_01041,2026-04-19,feature,Can you add support for multiple currencies?,pending,high,2.0
cf18c369-d3db-40f5-b177-c6d2c11e3113,CUST_01042,2025-11-10,feature,I need the ability to set recurring transactions.,pending,medium,9.0
221169b7-0e19-4069-a8df-9c55774991c2,CUST_01042,2024-11-15,feature,Please add a dark mode to the dashboard.,resolved,low,9.0
c73a64ad-5eff-4a6c-8b25-da993c586b57,CUST_01042,2025-07-24,technical,Reports are not loading and just show a blank screen.,open,low,10.0
b5ec32a4-73af-4e5d-8702-d7b754aadb44,CUST_01043,2026-04-22,technical,"I cannot log in to my account, password reset is not working.",open,low,10.0
1439c389-14bd-4da9-83f7-215f9d10c847,CUST_01043,2026-04-02,billing,Why did my subscription price increase without notice?,open,high,7.0
d1405315-2981-40bb-be03-3f3722d36b53,CUST_01044,2025-08-01,billing,I was charged twice this month and need a refund immediately.,pending,low,5.0
2fdbf55c-5ab1-4662-a38a-f24263bc2fc3,CUST_01044,2026-05-15,feature,Is there a way to export data to Excel automatically?,open,low,
a66e4b28-0d77-4044-a170-0369d1f93e2f,CUST_01044,2025-03-31,feature,Is there a way to export data to Excel automatically?,resolved,low,3.0
2d8404ec-90e7-445f-af56-225a9bce902e,CUST_01046,2025-05-12,account,How do I add a second user to my account?,resolved,high,7.0
1e692211-ac80-4ab5-8444-9c202ad5e925,CUST_01046,2025-11-02,technical,"I cannot log in to my account, password reset is not working.",resolved,medium,8.0
c1375718-9db7-484c-8f76-f21ec1e78208,CUST_01046,2025-11-20,account,How do I export all my data before cancelling?,open,low,9.0
c961de32-8e91-454b-986b-5c716f4cb6e1,CUST_01046,2026-03-13,technical,"I cannot log in to my account, password reset is not working.",resolved,medium,13.0
2bc7a5f5-fb7d-4a78-b09d-f17ecbb589a3,CUST_01046,2026-04-15,account,How do I add a second user to my account?,resolved,medium,7.0
3fadcc6c-b2fd-4b1e-9fc7-48670bf66a7c,CUST_01046,2025-04-01,feature,Is there a way to export data to Excel automatically?,resolved,high,2.0
f7a4efec-06e2-4b42-81b9-55a4ca205c6f,CUST_01046,2025-07-03,feature,I need the ability to set recurring transactions.,open,high,1.0
e2d86081-03fa-45be-8abe-e7b2e45ff9cc,CUST_01046,2025-06-27,account,I need to update my business address and tax ID.,open,medium,2.0
0d44bd64-8390-4451-83b7-a48dada92db7,CUST_01048,2026-01-24,feature,Can you add support for multiple currencies?,resolved,medium,6.0
88b563f9-9604-4a8c-88dd-fa16722dc563,CUST_01048,2025-10-31,feature,I need the ability to set recurring transactions.,pending,low,4.0
f715b7b5-e5f9-4ad8-b34e-b44620c4961a,CUST_01050,2025-08-31,feature,Can you add support for multiple currencies?,resolved,medium,7.0
80cc6810-c66b-4c20-9d34-727ef252e905,CUST_01050,2026-04-17,technical,The app crashes every time I try to run payroll.,open,low,11.0
a5ab59a6-04d4-4a72-ab00-ef381e572bd9,CUST_01050,2024-11-07,technical,"I cannot log in to my account, password reset is not working.",pending,high,
e7dcb72b-8402-48e0-8e8f-0a073be2b0c6,CUST_01050,2025-10-09,account,How do I add a second user to my account?,open,high,
7f8e50c0-74c3-4180-bb95-8caa1daa065b,CUST_01050,2024-06-28,feature,Please add a dark mode to the dashboard.,pending,high,
67af9b99-c8f3-41e1-9777-0d3208e9d54a,CUST_01050,2024-11-26,billing,I was charged twice this month and need a refund immediately.,resolved,high,
5640ee14-df00-4f67-9534-89886f1e1263,CUST_01050,2026-01-24,billing,I cancelled but was still billed. Please reverse this charge.,open,high,12.0
dd13fa1f-e5ab-4371-b572-cf2e274b753b,CUST_01050,2025-12-22,feature,Is there a way to export data to Excel automatically?,resolved,high,5.0
9b619d92-08b6-4cbe-abd5-73a9f4bca839,CUST_01051,2026-01-30,account,Can I downgrade my plan and keep my data?,open,low,5.0
5f2a155b-9598-4fba-a245-42bb3f40a651,CUST_01051,2026-02-08,technical,"I cannot log in to my account, password reset is not working.",resolved,low,11.0
3f592742-036c-4e0f-8b0f-a4a8c80f1ce6,CUST_01051,2026-04-05,feature,Is there a way to export data to Excel automatically?,pending,medium,3.0
edae2e0e-c086-4519-8765-ddad7c452ab2,CUST_01052,2026-05-14,account,I need to update my business address and tax ID.,open,high,
65243076-e709-4e23-8aef-8049c9277002,CUST_01053,2025-09-29,billing,"My invoice shows the wrong amount, please help.",resolved,low,1.0
19a6902d-adec-4086-a198-68d8f5f70324,CUST_01053,2026-05-09,feature,Can you add support for multiple currencies?,pending,medium,9.0
482efefd-e772-4d97-b55d-32aff7e4ea60,CUST_01053,2025-03-12,billing,I was charged twice this month and need a refund immediately.,pending,high,3.0
227382f8-c402-4fde-9a4a-67b5f13d4ffa,CUST_01054,2025-02-14,billing,Why did my subscription price increase without notice?,pending,medium,3.0
1c741e57-fae8-424d-9ccc-26526a240177,CUST_01056,2025-11-02,account,I need to update my business address and tax ID.,open,low,2.0
eee4cbee-8122-4b22-bf6e-d99c1e8647cf,CUST_01056,2025-10-18,billing,I was charged twice this month and need a refund immediately.,resolved,low,13.0
a1199319-3449-400c-8793-8056bbe48352,CUST_01056,2025-10-15,account,I need to update my business address and tax ID.,resolved,high,3.0
d1fa5144-8b3d-4673-9f44-6f9c18338d6b,CUST_01056,2025-11-12,feature,I need the ability to set recurring transactions.,resolved,medium,10.0
6e551576-28fd-4f46-8960-28199f409919,CUST_01057,2026-03-06,billing,Why did my subscription price increase without notice?,pending,high,10.0
f7d74e51-e8b2-4822-add2-a6a8b3cf1e34,CUST_01057,2026-05-10,feature,I need the ability to set recurring transactions.,open,high,11.0
1ad410d0-3603-455f-94fd-9f272f16d5e2,CUST_01057,2026-04-18,technical,Reports are not loading and just show a blank screen.,resolved,low,9.0
f732152f-c0da-4efe-824b-aba8ca58e988,CUST_01057,2026-03-13,technical,The app crashes every time I try to run payroll.,pending,low,
cae320f1-eca9-4c43-973d-b5b05e67a07b,CUST_01058,2025-01-05,billing,Why did my subscription price increase without notice?,resolved,low,10.0
2ca89f86-aa9d-48bd-aa2d-4e95f4bca3d4,CUST_01059,2026-01-27,technical,Reports are not loading and just show a blank screen.,open,low,13.0
7caf1f2c-4d80-4360-b435-0ed01bf2aa84,CUST_01060,2025-01-18,account,I need to update my business address and tax ID.,open,low,3.0
ae426cb2-7659-4e26-91be-84b0523545dc,CUST_01060,2025-03-17,technical,My bank connection keeps disconnecting every few days.,pending,medium,10.0
3adda834-5127-482f-893f-58e7a89db3f0,CUST_01060,2025-05-13,feature,Is there a way to export data to Excel automatically?,resolved,low,4.0
7c95d98f-5d9b-4e11-9b43-3c5613b7e64c,CUST_01061,2025-05-30,account,How do I add a second user to my account?,resolved,medium,13.0
81bac091-9f01-4518-9cd3-e9d83d5cc633,CUST_01061,2026-04-12,technical,My bank connection keeps disconnecting every few days.,resolved,high,2.0
9cb1b545-98be-41dc-8620-4fffb9e952fd,CUST_01061,2026-01-25,feature,I need the ability to set recurring transactions.,resolved,medium,5.0
a76e2054-2098-4bfc-9304-16d1da37b25f,CUST_01062,2025-06-07,technical,"I cannot log in to my account, password reset is not working.",resolved,medium,1.0
e1883b66-e63d-4754-829c-1a2672d59ec1,CUST_01062,2024-11-10,feature,Please add a dark mode to the dashboard.,open,low,6.0
a44b36c5-f52d-488a-9647-a5372bca3cf4,CUST_01063,2024-11-08,account,I need to update my business address and tax ID.,pending,high,1.0
93431927-b8ee-40b5-b914-6722d522ca57,CUST_01065,2025-05-04,feature,Is there a way to export data to Excel automatically?,pending,medium,
725c251c-425d-4603-99b8-6ee1848caa2f,CUST_01065,2024-12-08,billing,"My invoice shows the wrong amount, please help.",open,high,10.0
c81395f2-7666-4b57-acf2-3e9ac6df90a1,CUST_01065,2025-02-04,billing,Why did my subscription price increase without notice?,pending,high,2.0
78e79e67-cc11-4d46-9c47-3a4a76600757,CUST_01065,2024-11-15,feature,Can you add support for multiple currencies?,pending,low,9.0
1b22ce8b-74cd-46f7-9e98-8fc183c87ae4,CUST_01066,2025-08-26,account,How do I export all my data before cancelling?,pending,high,12.0
1ed30dc4-c7a9-41d8-8e82-06938b482571,CUST_01066,2025-05-26,feature,Is there a way to export data to Excel automatically?,resolved,high,14.0
a198c9aa-bd6a-4ed0-a50d-e63d914990c4,CUST_01066,2026-01-17,feature,Is there a way to export data to Excel automatically?,resolved,low,
e526ad49-3693-4adc-a0a1-13bd1d84cc5c,CUST_01068,2025-04-06,account,How do I export all my data before cancelling?,pending,low,1.0
536ac0c8-b59c-4109-896e-7e375e9e6057,CUST_01068,2026-04-24,technical,My bank connection keeps disconnecting every few days.,pending,medium,4.0
373eca4a-ca6f-4bb1-aa6c-844817a9d8b2,CUST_01069,2025-10-03,account,How do I export all my data before cancelling?,pending,low,10.0
0a5728df-3e2b-445e-be25-88e27875843e,CUST_01069,2026-04-14,account,How do I add a second user to my account?,resolved,high,1.0
82933f27-8aca-46c6-9eb6-51d285a04c0d,CUST_01070,2026-03-27,feature,Please add a dark mode to the dashboard.,pending,medium,8.0
462f1da7-11a7-4024-a0d4-cc36ef6a399a,CUST_01070,2026-04-02,feature,Can you add support for multiple currencies?,open,low,12.0
b89caa2e-936f-40d3-b8d4-78a20bc8678e,CUST_01070,2025-09-18,account,Can I downgrade my plan and keep my data?,resolved,medium,8.0
c59983bc-4b27-4e5d-b526-05203da99dec,CUST_01071,2025-10-10,billing,Why did my subscription price increase without notice?,resolved,low,
5af3693c-1665-45e4-9a0c-f73dc496aada,CUST_01071,2025-09-27,technical,"I cannot log in to my account, password reset is not working.",open,high,12.0
71dc6bad-af11-444e-82af-a3a81f44e0c7,CUST_01071,2025-08-11,account,I need to update my business address and tax ID.,resolved,low,10.0
b5ddb87b-e45b-4065-a13a-4c1c73291f96,CUST_01071,2026-01-11,technical,My bank connection keeps disconnecting every few days.,pending,high,7.0
6f7a608c-d9ad-4e2f-92b1-2abf10634b3d,CUST_01071,2025-04-16,technical,My bank connection keeps disconnecting every few days.,open,high,7.0
02de6a07-b1b7-474a-a66e-f0c2caa70d1e,CUST_01071,2025-03-10,billing,Why did my subscription price increase without notice?,open,high,
07777569-b1af-4785-b478-83cb1df079ce,CUST_01072,2025-05-25,account,How do I export all my data before cancelling?,pending,medium,8.0
2a1e84f2-0581-4b1b-b696-1bd438aee043,CUST_01072,2025-01-09,billing,Why did my subscription price increase without notice?,resolved,high,4.0
6c0856f8-f686-4ce3-8546-63a527af80fd,CUST_01072,2026-05-11,account,Can I downgrade my plan and keep my data?,open,high,4.0
929d988b-6d03-4de7-ac53-ba83b2db4397,CUST_01072,2025-09-05,billing,I cancelled but was still billed. Please reverse this charge.,resolved,high,
f400006d-d69e-4f1f-bd9b-44f9e8695041,CUST_01072,2025-07-30,technical,Reports are not loading and just show a blank screen.,resolved,low,
72152049-9428-4055-8218-7bcae4bc1a7c,CUST_01072,2024-10-29,technical,Reports are not loading and just show a blank screen.,pending,medium,8.0
8a9df17d-985f-4254-8b69-882871e26aa7,CUST_01072,2024-09-12,account,How do I add a second user to my account?,resolved,high,12.0
117a6da1-bb65-4d9b-9af3-4ce9032c6ac3,CUST_01072,2024-11-16,billing,"My invoice shows the wrong amount, please help.",resolved,high,13.0
9d247b73-4282-424a-9402-22d87ca94c83,CUST_01073,2025-08-11,feature,Can you add support for multiple currencies?,open,high,3.0
9642d942-aa44-49e6-84ea-0b8346823aa4,CUST_01073,2025-10-18,billing,I cancelled but was still billed. Please reverse this charge.,resolved,medium,8.0
97d49082-4f28-4bac-978f-5e2bac0e9121,CUST_01073,2026-02-27,billing,"My invoice shows the wrong amount, please help.",resolved,low,
d1cc5dce-61ba-438f-b299-5ea59c41b19f,CUST_01073,2025-12-21,account,How do I add a second user to my account?,pending,low,12.0
84915196-0da4-41f3-a90f-a25177addf21,CUST_01074,2026-01-08,billing,I cancelled but was still billed. Please reverse this charge.,open,low,3.0
0a8967fe-9249-4583-9c4b-a8ba424d25a8,CUST_01074,2026-04-27,billing,I was charged twice this month and need a refund immediately.,pending,low,12.0
c2eb8d7f-7333-4743-b677-b73d26e40f08,CUST_01074,2025-12-09,feature,Can you add support for multiple currencies?,resolved,medium,9.0
32bf68d9-e47d-4233-8f56-8e99ad40e392,CUST_01074,2025-11-08,billing,Why did my subscription price increase without notice?,pending,low,10.0
5734decc-8e9c-48fd-9f8c-5df54709c7c0,CUST_01075,2025-04-15,feature,I need the ability to set recurring transactions.,resolved,medium,6.0
df818519-16d7-4755-b7f3-40657cd47600,CUST_01075,2026-01-28,feature,Can you add support for multiple currencies?,open,medium,9.0
2320bbd6-214f-45b5-8183-c9885b08f5e2,CUST_01075,2025-12-26,account,Can I downgrade my plan and keep my data?,pending,medium,1.0
a81c05a3-ced9-47a6-8091-1b7bc27a7924,CUST_01076,2026-04-15,feature,Is there a way to export data to Excel automatically?,pending,medium,2.0
31cf9556-5c81-48ea-9121-b25dc21f8bdb,CUST_01079,2024-09-15,technical,The app crashes every time I try to run payroll.,resolved,low,8.0
3196413b-dc67-42e8-808f-6573db6114ef,CUST_01079,2025-01-01,account,How do I add a second user to my account?,resolved,high,4.0
a0575d43-d354-4122-94e7-7b6cddc7d906,CUST_01080,2026-01-02,feature,Can you add support for multiple currencies?,pending,medium,10.0
20ed4193-e2fe-4010-961f-518cc3029d71,CUST_01081,2025-11-22,feature,Is there a way to export data to Excel automatically?,pending,low,
13d986f1-20d9-4418-b108-b3f4f995b55d,CUST_01081,2026-05-04,feature,I need the ability to set recurring transactions.,open,low,8.0
f3968d31-c536-44f4-8cea-93c67c36fc3e,CUST_01081,2025-10-12,technical,My bank connection keeps disconnecting every few days.,pending,medium,4.0
c43406d6-c16b-4d70-b12b-fc528b674a81,CUST_01082,2026-01-31,billing,"My invoice shows the wrong amount, please help.",resolved,low,11.0
0bfb8627-d9c2-417e-8f98-ea942c9bb1de,CUST_01082,2026-04-02,account,Can I downgrade my plan and keep my data?,resolved,medium,2.0
21b5c6dc-f3dd-4a71-a514-281cc044c22a,CUST_01082,2025-12-11,account,Can I downgrade my plan and keep my data?,pending,medium,4.0
27920679-1d8b-4552-9063-9ea9011d1dc3,CUST_01083,2025-09-21,billing,Why did my subscription price increase without notice?,resolved,medium,10.0
e3e54fa1-068b-4bd7-b7d4-00af0818568d,CUST_01083,2024-10-03,account,How do I export all my data before cancelling?,pending,low,8.0
7716d75e-b769-4268-952d-553ec17329f8,CUST_01083,2025-06-14,account,How do I add a second user to my account?,resolved,low,3.0
beeb462f-4313-477e-b193-2dc14eab5edc,CUST_01084,2026-05-15,feature,Is there a way to export data to Excel automatically?,open,high,11.0
1514cd33-ec7d-46ae-92d7-0194600f089f,CUST_01084,2025-11-02,billing,I cancelled but was still billed. Please reverse this charge.,open,low,2.0
d1e76222-fc64-4c0f-b9b4-b461158e95e3,CUST_01084,2025-09-25,account,How do I export all my data before cancelling?,pending,medium,
becc9651-78d8-48a3-ae49-6d891eb152b2,CUST_01084,2025-11-19,feature,Please add a dark mode to the dashboard.,open,high,10.0
e38859e1-2223-4df8-8e7a-a5d658c1ddf6,CUST_01085,2026-02-05,technical,The app crashes every time I try to run payroll.,open,medium,8.0
733addf1-a67a-447f-90d0-717577720c3a,CUST_01085,2026-03-14,account,How do I export all my data before cancelling?,resolved,low,14.0
8bc4d65b-9455-4c52-bf2a-32064717afbc,CUST_01085,2026-04-09,feature,Is there a way to export data to Excel automatically?,open,low,
3e3a5a75-e6d5-4b44-8cff-5c1d349d6d9e,CUST_01086,2025-11-01,technical,Reports are not loading and just show a blank screen.,resolved,low,3.0
e12ff8b3-5c97-4530-af3a-79d2aabce6e2,CUST_01086,2026-03-10,account,How do I add a second user to my account?,pending,medium,14.0
50fdb907-32ac-4f4e-90ed-7bfb04ac23e1,CUST_01086,2026-04-30,billing,I was charged twice this month and need a refund immediately.,resolved,high,3.0
5b7f127a-3bd8-4fe4-8a9b-f0f9ea8c76b6,CUST_01086,2025-07-13,technical,Reports are not loading and just show a blank screen.,pending,medium,7.0
1fa35856-3aec-41a2-8316-748a1d2754b6,CUST_01086,2025-11-06,billing,I was charged twice this month and need a refund immediately.,resolved,low,
f9beb704-7eab-4999-a95a-28f863481914,CUST_01086,2026-05-10,billing,I was charged twice this month and need a refund immediately.,open,high,13.0
30525e4f-f3d0-4eda-94c3-4cb18ca0dc84,CUST_01086,2025-10-26,account,Can I downgrade my plan and keep my data?,pending,high,6.0
9bf9b1ee-cdfd-48a8-badf-a6ef3eddb497,CUST_01088,2026-04-08,billing,I was charged twice this month and need a refund immediately.,resolved,low,7.0
3add5b9b-8aa0-42ee-b2fa-d041011c4648,CUST_01089,2026-03-06,feature,Can you add support for multiple currencies?,pending,high,11.0
26e131ab-01d8-4040-901c-755bf7721325,CUST_01089,2026-05-08,billing,"My invoice shows the wrong amount, please help.",open,high,3.0
7233a701-f9bf-4be9-a7ce-56bcbe0c5375,CUST_01089,2025-11-20,technical,"I cannot log in to my account, password reset is not working.",resolved,high,12.0
aee03fb0-cbc6-4f25-b191-04b7cf2064af,CUST_01089,2026-01-20,billing,Why did my subscription price increase without notice?,pending,low,6.0
83314218-813f-470d-b88c-64dc7ce28603,CUST_01089,2025-11-18,technical,"I cannot log in to my account, password reset is not working.",pending,high,1.0
10a009d4-c620-4938-8d5c-088276b195e7,CUST_01089,2025-12-10,technical,"I cannot log in to my account, password reset is not working.",open,high,1.0
f73f5ee6-3b34-48c5-b890-fc7cd1b66f15,CUST_01089,2025-11-30,technical,The app crashes every time I try to run payroll.,open,low,4.0
a902f120-9f30-42e4-b37e-34e0327fe6fa,CUST_01089,2026-02-14,billing,I was charged twice this month and need a refund immediately.,open,high,
edb9db41-f7d6-42ff-85ce-0a321ef1d48d,CUST_01090,2025-12-08,technical,"I cannot log in to my account, password reset is not working.",open,high,7.0
71c4d4b6-726d-4fa8-a258-339c835b98c4,CUST_01090,2026-03-09,account,I need to update my business address and tax ID.,pending,medium,11.0
addb583f-b9e4-4e5d-bc24-390e936b56cf,CUST_01090,2025-09-03,billing,I cancelled but was still billed. Please reverse this charge.,pending,low,13.0
4f8a1c40-0fc1-4570-9d9a-01c0bed82a29,CUST_01090,2025-04-13,account,How do I export all my data before cancelling?,resolved,high,5.0
4c07a9c8-1a61-4167-ba6b-cb5770774218,CUST_01090,2025-07-10,technical,"I cannot log in to my account, password reset is not working.",resolved,high,8.0
2665146d-9252-4e68-8d15-1d3bcc87bd87,CUST_01090,2026-01-16,technical,My bank connection keeps disconnecting every few days.,pending,high,9.0
d9659235-62a6-415d-aa5a-8f31baffcf4f,CUST_01090,2025-10-04,feature,Please add a dark mode to the dashboard.,pending,high,6.0
f36fe814-cffa-4229-97a7-0c78950e7e28,CUST_01091,2026-01-02,account,I need to update my business address and tax ID.,pending,medium,10.0
9a8504dc-ba3b-4cab-b07c-ab1f37e6513f,CUST_01091,2026-02-06,account,I need to update my business address and tax ID.,open,high,6.0
094a3ead-f0da-4d90-91d7-01d6254298a5,CUST_01091,2025-11-28,technical,The app crashes every time I try to run payroll.,pending,high,13.0
a67a1387-089c-4242-bc7a-5b38900af140,CUST_01091,2025-11-20,feature,Is there a way to export data to Excel automatically?,open,medium,9.0
80ad5a01-6dcb-4ae3-af6b-73a6ca8acead,CUST_01092,2026-01-17,billing,I was charged twice this month and need a refund immediately.,open,high,2.0
6936cbb9-f0d6-4bc0-b985-5d957e83cb5b,CUST_01092,2026-03-08,feature,Can you add support for multiple currencies?,open,high,2.0
5d2d987f-e202-4ce9-94a3-2f15f61b360e,CUST_01092,2026-04-05,feature,Is there a way to export data to Excel automatically?,open,low,
def292d9-4e9b-4581-8c0a-e6ca36ea48c8,CUST_01093,2026-02-14,account,How do I export all my data before cancelling?,pending,high,2.0
dd2b66bf-175f-4596-a831-9330984a6679,CUST_01093,2026-04-23,billing,Why did my subscription price increase without notice?,pending,high,
68650232-8daf-4a47-9514-b3f0a3bbb1ae,CUST_01093,2025-04-24,billing,Why did my subscription price increase without notice?,open,low,3.0
b7af43e4-2a70-413f-869c-4eb44fbb0e85,CUST_01093,2026-04-07,billing,Why did my subscription price increase without notice?,pending,high,1.0
5c6effa5-8830-4c46-b4b6-352f27bcfd1f,CUST_01093,2025-04-26,billing,I cancelled but was still billed. Please reverse this charge.,pending,medium,2.0
66506b25-2f9e-4a44-8d40-19240c433afe,CUST_01093,2025-05-03,account,How do I add a second user to my account?,resolved,low,1.0
3967210c-df00-4a7c-bf31-09856c39b2f7,CUST_01094,2025-11-19,feature,Can you add support for multiple currencies?,resolved,high,
84100741-632c-4731-83e0-ad1adee3f0d4,CUST_01094,2026-03-11,technical,Reports are not loading and just show a blank screen.,open,high,5.0
1b5cff60-e6b5-432d-aa13-52f88fcb688f,CUST_01094,2026-05-06,account,How do I export all my data before cancelling?,pending,low,11.0
2857887c-83a7-4709-9e9c-336a624fa5a9,CUST_01095,2026-05-03,technical,"I cannot log in to my account, password reset is not working.",resolved,high,8.0
520710d4-59e8-43b6-8ee2-596dabdfc2cc,CUST_01095,2026-02-23,account,How do I add a second user to my account?,resolved,low,3.0
5a12e8a0-04cf-436d-9d0d-ba61ebfe9ff2,CUST_01096,2026-02-07,account,How do I add a second user to my account?,pending,high,1.0
0c1bb0f9-bac0-4ce6-b934-3fa05a7c9de1,CUST_01096,2026-01-20,account,How do I add a second user to my account?,open,medium,5.0
836749f0-ef9d-41c6-b7bf-7e1a858dbc47,CUST_01096,2025-12-10,technical,The app crashes every time I try to run payroll.,pending,medium,11.0
cf00f6bf-3da0-4ab8-9f8a-9c4cd0a4305c,CUST_01096,2025-08-14,technical,My bank connection keeps disconnecting every few days.,resolved,low,9.0
128b1148-adc7-4ee4-8a8e-2a724ade981c,CUST_01097,2025-10-03,technical,My bank connection keeps disconnecting every few days.,resolved,low,8.0
d8f8176a-d6b9-44e8-a514-f942684e73f6,CUST_01097,2026-05-02,feature,Can you add support for multiple currencies?,open,low,3.0
ad1fcf2f-565b-4f90-877c-c40053e63df3,CUST_01098,2026-05-15,billing,I cancelled but was still billed. Please reverse this charge.,pending,medium,4.0
b93e1b5f-94d4-443a-aecd-977ebcc5b8c0,CUST_01098,2026-02-11,account,I need to update my business address and tax ID.,resolved,high,
89250e01-afca-4f33-bf50-75e3a06d0eb5,CUST_01099,2026-02-23,technical,Reports are not loading and just show a blank screen.,resolved,high,8.0
feae8e26-1abe-49a1-addf-21330f6aca18,CUST_01099,2026-05-11,technical,The app crashes every time I try to run payroll.,open,high,7.0
1e3f85ca-3454-418b-a785-60a8b8080a45,CUST_01099,2025-12-06,technical,Reports are not loading and just show a blank screen.,pending,high,1.0
c21154bd-c1e6-4cc6-862c-98933f1e0fc7,CUST_01099,2026-02-08,feature,I need the ability to set recurring transactions.,pending,medium,11.0
b67a6100-d8a5-4865-b409-bd08a9a79dc8,CUST_01100,2025-09-17,billing,Why did my subscription price increase without notice?,resolved,low,7.0
825fa4de-907a-46f1-a180-e6514d306fc4,CUST_01101,2026-02-28,billing,I was charged twice this month and need a refund immediately.,resolved,high,
24c6c59a-ec64-4410-bf04-d7a2fb288d59,CUST_01102,2026-04-25,technical,Reports are not loading and just show a blank screen.,resolved,medium,5.0
9efbfba5-abd3-4c70-8e05-ca9c40733c64,CUST_01102,2026-05-05,technical,"I cannot log in to my account, password reset is not working.",pending,low,11.0
ee3d0595-66fb-4cbe-bc2c-735eae439d8d,CUST_01102,2026-05-10,feature,Can you add support for multiple currencies?,open,medium,7.0
75ebdec1-c55f-4f6b-a39e-81ad24b7a626,CUST_01102,2026-05-18,account,How do I export all my data before cancelling?,open,high,
9f3a8ff0-45f3-4388-9a58-f2a11c5c1cf5,CUST_01102,2026-05-04,billing,I was charged twice this month and need a refund immediately.,open,high,8.0
a78a3ebf-970e-4c4c-8dfd-69bf61281a6f,CUST_01103,2025-03-29,billing,Why did my subscription price increase without notice?,resolved,high,12.0
eac1230a-0244-40d1-afad-8f18b20b7cc8,CUST_01104,2026-05-02,feature,Please add a dark mode to the dashboard.,pending,medium,6.0
e64bd129-eb50-465f-988b-7be291a99572,CUST_01104,2026-03-23,technical,The app crashes every time I try to run payroll.,pending,high,3.0
be479904-498d-490e-bec7-69a842ead32f,CUST_01104,2026-03-22,account,How do I add a second user to my account?,open,low,5.0
4e6ef1e0-2b6e-4e37-8280-643b079ff6f4,CUST_01104,2026-03-01,billing,Why did my subscription price increase without notice?,open,medium,8.0
245ffc90-c96b-4c4a-acfd-9c9d331c6b7f,CUST_01105,2025-05-26,feature,Please add a dark mode to the dashboard.,resolved,high,4.0
f1fb1c00-860d-4bd8-ac87-f92829156cf6,CUST_01105,2025-05-31,feature,Can you add support for multiple currencies?,open,low,10.0
5e6a368e-b92e-41d4-bb2f-657c07156309,CUST_01106,2026-04-03,billing,Why did my subscription price increase without notice?,open,high,3.0
515240fd-3044-4f6e-9252-a38e8cbbcdb7,CUST_01106,2026-03-01,feature,I need the ability to set recurring transactions.,pending,low,5.0
026a31b7-9952-4ad7-ac90-fc3561aba7b1,CUST_01106,2026-02-15,technical,Reports are not loading and just show a blank screen.,resolved,low,4.0
7bbc5dd3-19d5-4650-a86c-96a2d4a4db62,CUST_01107,2024-11-28,billing,I cancelled but was still billed. Please reverse this charge.,open,high,
67f71f2c-6405-4003-a645-0bc271e1a1df,CUST_01107,2025-01-02,feature,Please add a dark mode to the dashboard.,open,high,5.0
9fca6427-aa69-4434-9288-2dd3e13c2d96,CUST_01108,2025-06-21,billing,I was charged twice this month and need a refund immediately.,pending,high,3.0
4c440a79-6d56-4c30-bfc3-57bc4af2e6a4,CUST_01108,2025-06-17,technical,My bank connection keeps disconnecting every few days.,resolved,low,13.0
239610c2-c731-4c21-bd79-44278b104c26,CUST_01108,2024-12-25,account,Can I downgrade my plan and keep my data?,resolved,low,7.0
e16100e6-123b-491e-b22b-7827b23c089b,CUST_01110,2026-05-16,account,I need to update my business address and tax ID.,pending,medium,11.0
7d7a04fc-63e4-40d0-b59f-6829b1977c3d,CUST_01110,2026-04-29,billing,Why did my subscription price increase without notice?,resolved,medium,3.0
cd53d2f1-f0ca-4d1d-bcb7-a6a0ea5ff01d,CUST_01110,2026-05-13,feature,Is there a way to export data to Excel automatically?,pending,low,13.0
5a0410e6-b85d-4567-8551-7169b713e1a6,CUST_01110,2026-05-13,feature,Can you add support for multiple currencies?,open,low,
0b4e6e5d-2dc7-4afb-aebd-2a70b06933c0,CUST_01111,2025-04-12,account,I need to update my business address and tax ID.,resolved,low,3.0
9cb7dbe9-5537-4412-9189-a71aea7ba44c,CUST_01111,2025-11-07,account,How do I export all my data before cancelling?,resolved,medium,2.0
8f4892bf-b69d-4018-93cc-e03f1a53ba06,CUST_01111,2025-11-07,account,How do I add a second user to my account?,pending,high,
c64763f2-6603-482b-90aa-d86f18766944,CUST_01111,2025-05-29,billing,"My invoice shows the wrong amount, please help.",open,low,5.0
0f3c54fc-fb7e-4761-96d0-ac05aae1ff28,CUST_01111,2025-03-08,technical,The app crashes every time I try to run payroll.,pending,high,
89b20eee-505e-4f36-99ea-7eba9be73c28,CUST_01111,2025-09-06,feature,Can you add support for multiple currencies?,open,high,14.0
a6a2302e-f3ee-4001-a140-7dd106d88868,CUST_01111,2025-02-05,billing,"My invoice shows the wrong amount, please help.",resolved,medium,2.0
f0a5bc1e-0fd4-4c97-9bb6-8716cd5896fd,CUST_01111,2024-11-10,feature,I need the ability to set recurring transactions.,open,high,14.0
db9e7b2e-a7a7-414c-b672-90ec998a61f5,CUST_01112,2025-01-27,feature,Can you add support for multiple currencies?,open,low,7.0
7feef19f-2d3f-4552-9bca-69e6b0cf1ff5,CUST_01112,2024-11-15,feature,Can you add support for multiple currencies?,resolved,low,9.0
58b02c35-8989-4c63-babf-b2b6839405bd,CUST_01112,2025-03-14,account,How do I export all my data before cancelling?,resolved,medium,11.0
269402f5-ceff-47d5-a1ed-77996d2a518d,CUST_01113,2025-02-28,technical,The app crashes every time I try to run payroll.,pending,low,
c89898ed-9ebf-4848-89ee-091524776da9,CUST_01113,2024-12-14,technical,The app crashes every time I try to run payroll.,open,low,2.0
7c5376cf-713d-4c26-9cf5-98e2875d47fa,CUST_01113,2025-07-07,technical,Reports are not loading and just show a blank screen.,resolved,medium,10.0
be9ea3c8-ac7b-45a0-bce7-b85769686328,CUST_01113,2025-08-13,account,How do I export all my data before cancelling?,open,high,11.0
ff10f38d-21cd-47b5-950d-187794f85205,CUST_01114,2025-02-06,account,How do I add a second user to my account?,open,high,3.0
be9bb595-47a9-4aca-ada9-a3bf3f9814dd,CUST_01114,2026-03-23,account,How do I export all my data before cancelling?,resolved,medium,8.0
0f58162c-70b5-4f50-8b2e-16bf551de047,CUST_01115,2026-03-05,technical,"I cannot log in to my account, password reset is not working.",pending,medium,12.0
e9799a9a-4394-4152-a9fa-044b317a8e16,CUST_01115,2026-03-02,account,How do I add a second user to my account?,pending,high,12.0
a7960134-ddbb-4f60-94da-2e9160006233,CUST_01115,2025-12-22,technical,My bank connection keeps disconnecting every few days.,pending,high,
a91ad682-052a-435d-a975-04f0b3f2a694,CUST_01118,2025-09-21,feature,Please add a dark mode to the dashboard.,pending,high,1.0
2ccbe5c5-620b-4d1d-b7ee-70b27150131c,CUST_01118,2026-02-28,account,I need to update my business address and tax ID.,resolved,high,
7363b521-7d49-43ed-a0d9-4b07acde4659,CUST_01118,2026-02-22,account,How do I export all my data before cancelling?,pending,high,9.0
3a56259f-2765-48f3-b61a-477d85dbe6cf,CUST_01118,2026-01-05,billing,Why did my subscription price increase without notice?,pending,high,10.0
c743eff6-cb3a-46c9-a431-7480e1dbeb4d,CUST_01118,2025-10-28,technical,Reports are not loading and just show a blank screen.,open,high,6.0
e5e83c35-fac4-42f0-bed0-ed437a27829e,CUST_01119,2025-09-26,billing,I cancelled but was still billed. Please reverse this charge.,pending,medium,10.0
e56a5892-ee02-4208-b941-39344368752f,CUST_01119,2026-01-07,account,How do I add a second user to my account?,resolved,high,12.0
684d101c-fc9f-4bd3-b97b-813945d95c54,CUST_01119,2025-05-24,feature,Is there a way to export data to Excel automatically?,resolved,high,8.0
8e19bf99-5f2d-4ac0-9b50-89d79a6551be,CUST_01119,2026-01-03,billing,Why did my subscription price increase without notice?,open,high,13.0
4e556a20-a52e-4f2c-9332-db6ba46e1e88,CUST_01119,2025-08-06,feature,Please add a dark mode to the dashboard.,resolved,high,8.0
182f8638-3772-4f3c-878b-2d2b930cb89c,CUST_01119,2025-04-22,billing,Why did my subscription price increase without notice?,pending,medium,
4f51aad0-f3f0-4779-962b-8af43cdab7b4,CUST_01119,2025-11-24,account,I need to update my business address and tax ID.,pending,high,3.0
684d85c1-31ff-42c6-94c0-e5cfc25e7c43,CUST_01119,2025-11-24,technical,The app crashes every time I try to run payroll.,pending,low,14.0
12eaa1fa-decf-4672-8435-bf9070fc3747,CUST_01120,2026-03-21,technical,"I cannot log in to my account, password reset is not working.",pending,low,11.0
bc9b00f3-b1eb-42e0-bb09-eb5b94f11e2d,CUST_01120,2025-10-04,technical,The app crashes every time I try to run payroll.,resolved,low,
004cfcb4-109f-4f00-aa45-bbf3fb91d639,CUST_01120,2026-04-11,technical,Reports are not loading and just show a blank screen.,pending,high,10.0
ef290eef-ba15-4815-aaaf-928d04a6954f,CUST_01120,2025-12-24,billing,Why did my subscription price increase without notice?,open,high,5.0
7da968d8-f37d-46dd-a0e0-e9fcc8c08525,CUST_01120,2026-03-03,feature,Can you add support for multiple currencies?,pending,high,9.0
7a263f58-171c-400e-b87c-451e06672650,CUST_01120,2025-09-12,account,Can I downgrade my plan and keep my data?,resolved,medium,12.0
ed6b7fb8-c29b-402d-aff4-6a0821f4d540,CUST_01120,2026-01-11,account,Can I downgrade my plan and keep my data?,resolved,high,6.0
63c2abed-5856-4f87-836c-ce2e0dc49080,CUST_01120,2026-03-18,billing,I cancelled but was still billed. Please reverse this charge.,pending,high,3.0
30035f07-984c-4ae4-8a21-3143ee5a10af,CUST_01121,2025-12-22,account,I need to update my business address and tax ID.,pending,high,7.0
de7b4cfb-becf-49a1-8185-7ff4b3801f4b,CUST_01121,2026-02-21,technical,"I cannot log in to my account, password reset is not working.",open,medium,
551a817b-23fb-4baa-94b7-4ced4e3f12a0,CUST_01121,2025-10-28,billing,Why did my subscription price increase without notice?,open,high,9.0
3caab625-3f61-4a28-8529-1876772c7ed4,CUST_01122,2026-01-09,billing,"My invoice shows the wrong amount, please help.",pending,medium,4.0
04e0fc15-4bd3-416f-bccc-c3eee6487bc8,CUST_01122,2026-05-04,account,How do I export all my data before cancelling?,open,high,6.0
49b08a84-9081-48c3-aa43-4243022dbc74,CUST_01122,2026-02-22,account,How do I export all my data before cancelling?,resolved,low,4.0
03a11432-6095-4744-b108-79598efeaa4f,CUST_01122,2026-03-14,technical,My bank connection keeps disconnecting every few days.,resolved,high,
b13204a8-d661-466d-ae48-672b0744a7b4,CUST_01123,2026-03-16,technical,"I cannot log in to my account, password reset is not working.",pending,low,14.0
0cf03720-6297-48ce-9d3f-8f53345106a7,CUST_01123,2026-04-17,technical,The app crashes every time I try to run payroll.,open,medium,10.0
7df8a8e2-8128-4739-b86c-70396c1d74c2,CUST_01123,2026-04-06,technical,The app crashes every time I try to run payroll.,open,low,
97616d77-e0b1-4412-9b32-9da451e63796,CUST_01123,2025-05-05,billing,"My invoice shows the wrong amount, please help.",pending,high,3.0
5415a98f-cda4-4420-9560-57f69ea2d04f,CUST_01124,2024-08-21,account,How do I export all my data before cancelling?,pending,high,
3536ed21-7b07-4aa4-926a-851a4cc9bd2e,CUST_01125,2025-06-28,technical,The app crashes every time I try to run payroll.,resolved,high,
590cb049-bfa8-4473-8164-0379d091d9fa,CUST_01125,2025-10-11,technical,"I cannot log in to my account, password reset is not working.",open,high,10.0
2313b59b-e7d5-44b3-8da2-c21313ed0a3c,CUST_01125,2025-01-01,technical,The app crashes every time I try to run payroll.,open,medium,10.0
011c8dea-2bb6-4f5d-8a4c-b92a55217e22,CUST_01125,2025-02-11,technical,Reports are not loading and just show a blank screen.,open,high,6.0
67b1aa91-2a8d-40a6-816d-a66556a869b1,CUST_01126,2025-05-31,billing,Why did my subscription price increase without notice?,pending,high,9.0
7f510bd1-aec1-4c1c-9b92-03bafec65fef,CUST_01127,2026-03-10,account,How do I export all my data before cancelling?,open,low,8.0
424fa7c2-abc5-4069-abf5-4f0022ddf9da,CUST_01127,2024-07-20,feature,Can you add support for multiple currencies?,pending,medium,9.0
d9ee3e55-8b98-446c-b138-14f31bec3532,CUST_01128,2024-10-15,billing,I cancelled but was still billed. Please reverse this charge.,pending,medium,11.0
7b977a38-9d78-4c31-8847-e7b498f73484,CUST_01128,2025-01-14,billing,I was charged twice this month and need a refund immediately.,open,high,12.0
7c67e081-974a-49ef-a5b2-d15f95e412d5,CUST_01129,2025-06-30,account,How do I add a second user to my account?,pending,high,
93aa1483-fe00-4544-8b95-49fb537cb076,CUST_01129,2024-08-26,account,Can I downgrade my plan and keep my data?,pending,medium,13.0
44530aa2-967b-440b-8ac7-692f3c6ec792,CUST_01129,2024-09-20,feature,Can you add support for multiple currencies?,pending,low,6.0
9fcc08b1-9587-42bf-a039-85dfee419667,CUST_01129,2025-04-28,billing,I cancelled but was still billed. Please reverse this charge.,pending,low,
5a876f04-8f3b-43a5-b697-8522a4cc7849,CUST_01130,2026-02-22,feature,Can you add support for multiple currencies?,open,medium,3.0
e49a5c7a-de10-4c14-88e9-2a705a8b027f,CUST_01130,2026-03-01,account,How do I add a second user to my account?,open,low,8.0
20b325e1-cea3-4997-8665-11db70d12276,CUST_01130,2026-01-02,technical,Reports are not loading and just show a blank screen.,resolved,high,13.0
e617d42b-f508-459c-9264-dfa0d2196d89,CUST_01131,2026-02-25,account,Can I downgrade my plan and keep my data?,pending,high,1.0
0bd20885-7f16-48bb-b6f5-4d29cdc83582,CUST_01131,2026-05-08,feature,Is there a way to export data to Excel automatically?,resolved,high,
85ffc1aa-7ddb-4c3a-876c-eeeeb59cddb5,CUST_01131,2026-01-16,account,How do I add a second user to my account?,pending,high,1.0
d0d772dc-dc75-4b3f-99c0-3aeefd10511c,CUST_01131,2025-11-09,feature,Can you add support for multiple currencies?,open,medium,
db737ea6-837b-45a1-b058-c3db8411c73f,CUST_01131,2025-10-03,billing,Why did my subscription price increase without notice?,pending,high,10.0
78b85306-9923-428e-94f7-2a8aa697f607,CUST_01131,2026-01-14,technical,The app crashes every time I try to run payroll.,pending,high,
9f823a33-8faa-4608-bb27-d9e7569ff8d6,CUST_01131,2025-11-19,billing,"My invoice shows the wrong amount, please help.",pending,high,11.0
b22e1f40-153a-4086-9142-17ce1aaf0f57,CUST_01132,2025-12-02,billing,"My invoice shows the wrong amount, please help.",resolved,medium,7.0
129a709e-45e7-4224-9e36-601332868708,CUST_01132,2025-10-22,account,How do I add a second user to my account?,open,low,10.0
fac3864f-4206-4dfb-8dd4-be1c42e1fb94,CUST_01133,2026-03-26,feature,I need the ability to set recurring transactions.,resolved,high,11.0
e31be64b-4d00-4c15-aaab-69772a7c0434,CUST_01133,2026-01-02,feature,Please add a dark mode to the dashboard.,pending,high,3.0
d08edae2-c4cf-4ea4-81ad-dd7e8d4f6c1f,CUST_01133,2026-03-15,account,I need to update my business address and tax ID.,open,low,8.0
7296740d-45ba-4c61-be3a-b67cf7e8b3a4,CUST_01134,2026-01-24,technical,My bank connection keeps disconnecting every few days.,resolved,low,8.0
d98dad20-020c-4610-8459-a81d319a79d1,CUST_01134,2025-12-05,technical,"I cannot log in to my account, password reset is not working.",resolved,medium,11.0
bcbe8eed-c402-4e99-8c97-3c0a12f3afe4,CUST_01134,2025-11-28,technical,Reports are not loading and just show a blank screen.,pending,high,7.0
b12c7ce1-6a27-498e-8d90-b5901ef1453d,CUST_01134,2025-08-15,technical,Reports are not loading and just show a blank screen.,resolved,medium,5.0
a7059546-6645-4c67-b7d8-6cc129f0c7d4,CUST_01135,2025-01-18,billing,I cancelled but was still billed. Please reverse this charge.,resolved,high,6.0
2bfb0bc9-0464-4c4f-a409-508f61775f8f,CUST_01135,2025-02-07,feature,Please add a dark mode to the dashboard.,resolved,medium,4.0
41fda73f-2d75-4d2b-a434-6c7ecf6d5d54,CUST_01136,2025-12-29,feature,Can you add support for multiple currencies?,resolved,high,13.0
10e0a4ee-1d72-4e16-b07c-411554ee2fb6,CUST_01136,2026-01-07,billing,I was charged twice this month and need a refund immediately.,resolved,high,
04d37dd4-2369-4b91-83d1-1960a9309377,CUST_01136,2025-12-21,account,Can I downgrade my plan and keep my data?,resolved,high,3.0
68d2b84e-f558-4663-a2f9-f52acf575e2e,CUST_01136,2025-12-14,feature,Can you add support for multiple currencies?,open,high,5.0
e554b4ea-de53-46fc-b5aa-0216be2ababb,CUST_01136,2026-03-25,account,How do I export all my data before cancelling?,resolved,medium,5.0
54de3f8c-ecec-4e2c-8579-b6c7fbd94fc9,CUST_01136,2025-11-16,account,Can I downgrade my plan and keep my data?,resolved,low,10.0
ec4b576b-f3a1-4d91-a6a1-049023252878,CUST_01136,2026-05-11,account,How do I add a second user to my account?,pending,medium,4.0
d47d4707-f7e5-4a7d-9598-dc7ee3d0daf5,CUST_01137,2025-11-17,feature,Please add a dark mode to the dashboard.,pending,high,13.0
f2ca4620-ae3e-400a-b2c3-9f3c06025b8b,CUST_01137,2025-11-08,billing,I was charged twice this month and need a refund immediately.,open,medium,2.0
7aed364d-426d-4491-8767-ddcaa66e07f6,CUST_01137,2026-05-17,billing,"My invoice shows the wrong amount, please help.",pending,medium,
cefbb52e-da04-42a8-a5b6-c7fdd2c32660,CUST_01137,2026-02-01,technical,The app crashes every time I try to run payroll.,resolved,low,2.0
8be60c14-ebce-4d04-84f9-99e9f8e70a65,CUST_01138,2026-02-14,feature,Please add a dark mode to the dashboard.,resolved,low,10.0
5403f005-43ff-4363-9386-5ce472afa7fb,CUST_01138,2024-07-23,account,Can I downgrade my plan and keep my data?,open,high,6.0
291d3391-2a7e-481b-b5d3-b2dd0f73a05c,CUST_01138,2024-07-28,feature,Can you add support for multiple currencies?,pending,medium,10.0
4206c837-6bce-440d-b8cf-63a90e0f2e0c,CUST_01138,2026-05-14,account,How do I export all my data before cancelling?,open,low,
904e38c4-1962-49d8-baca-f57f6cb64dfc,CUST_01138,2026-02-11,technical,Reports are not loading and just show a blank screen.,resolved,medium,
bf9b218b-93c3-4740-beef-f26fafa4a0a4,CUST_01138,2025-08-13,technical,The app crashes every time I try to run payroll.,resolved,high,
43f6dd85-d6ac-42db-a2fb-d44c50dcc671,CUST_01138,2024-11-19,account,How do I add a second user to my account?,pending,medium,9.0
3cec6246-aedb-4253-bdce-7abc02217689,CUST_01138,2025-09-25,feature,Please add a dark mode to the dashboard.,resolved,high,5.0
da3bb9b6-1571-4170-beec-19d663efbc32,CUST_01139,2025-03-31,technical,"I cannot log in to my account, password reset is not working.",resolved,high,7.0
3aa9501f-559e-44af-828a-73343f83874c,CUST_01140,2024-11-02,account,How do I add a second user to my account?,resolved,high,4.0
b225c6c1-a9db-4cf6-a8b1-c8687af31dd0,CUST_01140,2026-02-06,billing,"My invoice shows the wrong amount, please help.",resolved,low,13.0
28ef2e5d-9f7c-4e1e-8da6-fb863fb349bc,CUST_01140,2025-08-23,technical,"I cannot log in to my account, password reset is not working.",resolved,high,12.0
86b6dd27-b20f-4574-b178-9a40750bb0b7,CUST_01141,2026-03-30,account,I need to update my business address and tax ID.,open,low,2.0
9ae3a8c7-ce93-43e4-8257-38db4a2a1341,CUST_01141,2025-09-22,technical,My bank connection keeps disconnecting every few days.,pending,low,
513db0c8-b3fd-4926-9b42-ee21940a41b7,CUST_01141,2025-06-16,account,I need to update my business address and tax ID.,open,high,3.0
7df710cc-da59-493a-8bc3-d1d018f168db,CUST_01142,2026-05-08,technical,"I cannot log in to my account, password reset is not working.",resolved,low,5.0
13cc705f-71f6-493d-8770-5c44ce78cd7e,CUST_01142,2026-03-03,billing,"My invoice shows the wrong amount, please help.",pending,high,
beeb7e13-bddb-4db1-b807-ec69eaf6a07e,CUST_01142,2026-02-19,account,How do I add a second user to my account?,resolved,high,11.0
27699c9d-8c52-439f-a0b3-c5970a38dffd,CUST_01142,2026-01-26,feature,I need the ability to set recurring transactions.,open,medium,
1802c78a-770b-4efc-a92e-db6f264de309,CUST_01143,2026-01-22,billing,I cancelled but was still billed. Please reverse this charge.,pending,high,1.0
d5cabfc4-1d2c-48b1-9a67-0d06fcf76b95,CUST_01143,2026-02-25,account,How do I export all my data before cancelling?,pending,high,8.0
0e16bbdd-6862-420f-8227-1149153f2f0a,CUST_01144,2025-09-02,feature,Is there a way to export data to Excel automatically?,pending,medium,11.0
44a47b98-0052-4470-b595-a0e6f3de981b,CUST_01144,2025-05-20,feature,I need the ability to set recurring transactions.,open,low,10.0
e6b8e22f-e880-4117-b5a9-dc14de79ed66,CUST_01144,2025-12-29,billing,I cancelled but was still billed. Please reverse this charge.,resolved,high,10.0
32cfbe0a-5787-4b23-9a9b-fbb08e55ea8c,CUST_01144,2025-09-13,billing,I cancelled but was still billed. Please reverse this charge.,resolved,high,1.0
44314fdf-a3c7-4e6e-aa5d-5747ddb77376,CUST_01144,2025-06-19,technical,Reports are not loading and just show a blank screen.,pending,low,1.0
ad8485f0-d411-44a1-b807-647267983fc2,CUST_01144,2025-06-16,technical,The app crashes every time I try to run payroll.,open,high,9.0
d6068d69-395d-4ab9-901e-9a44c9074e7b,CUST_01144,2025-09-20,feature,Is there a way to export data to Excel automatically?,open,high,13.0
be0c97ee-857f-4e0a-8947-cb20c9ab5aa9,CUST_01145,2025-09-27,technical,The app crashes every time I try to run payroll.,open,low,7.0
ce41229b-e12d-4bde-af79-daaa33180d2d,CUST_01145,2025-10-25,technical,My bank connection keeps disconnecting every few days.,open,medium,11.0
1a026671-0100-4a1b-9702-9507cfc4af33,CUST_01145,2025-08-20,account,Can I downgrade my plan and keep my data?,resolved,medium,11.0
dfd581ed-02ff-4d0e-b5d7-1f50db534e6b,CUST_01145,2026-05-05,feature,I need the ability to set recurring transactions.,pending,low,12.0
924a1f5b-8c3e-42da-bad4-f8af461d6e6e,CUST_01146,2025-12-12,feature,Is there a way to export data to Excel automatically?,pending,medium,
678f5786-9816-4a7c-982b-b90ed681270f,CUST_01146,2025-09-21,feature,Can you add support for multiple currencies?,pending,high,13.0
38efba7d-1a86-4879-97c3-db16061e2614,CUST_01146,2026-02-05,account,I need to update my business address and tax ID.,open,medium,12.0
ff162ad9-e95d-4e01-bd11-8365a64b5d37,CUST_01147,2025-12-21,billing,I cancelled but was still billed. Please reverse this charge.,open,high,14.0
f5212f34-2269-4170-aa2d-bf4d777df7d1,CUST_01147,2024-12-31,technical,My bank connection keeps disconnecting every few days.,resolved,high,
9a8bd6c4-cee1-4d96-904a-ca1d3cb2477c,CUST_01147,2024-09-08,technical,Reports are not loading and just show a blank screen.,pending,high,13.0
3ee5d91e-0549-43cf-ba24-077f242fce1b,CUST_01147,2025-11-19,feature,Can you add support for multiple currencies?,resolved,low,
bbc3c97d-d9fa-40bd-ad0a-3beacad121a3,CUST_01147,2025-05-01,technical,"I cannot log in to my account, password reset is not working.",resolved,high,13.0
113c6e59-9bc9-4177-9525-d60fd16620bc,CUST_01147,2025-10-17,billing,"My invoice shows the wrong amount, please help.",pending,low,12.0
8b8634b3-3cdc-4e4e-8715-84e000673858,CUST_01147,2025-05-17,technical,Reports are not loading and just show a blank screen.,pending,medium,10.0
3a5fe9df-39c0-43d9-ae6d-0e4f98ccd282,CUST_01147,2025-11-12,account,Can I downgrade my plan and keep my data?,pending,low,1.0
fcd719bd-01ef-4b29-8dd8-df85f494bbbf,CUST_01148,2026-05-01,technical,Reports are not loading and just show a blank screen.,open,high,2.0
70b571cb-c252-4804-9b5f-3d38ed36787b,CUST_01148,2026-04-16,account,How do I add a second user to my account?,open,high,13.0
ee6938bd-293b-43d2-b8f3-3b3ea190cb6b,CUST_01148,2026-04-26,technical,The app crashes every time I try to run payroll.,resolved,high,6.0
db7faa82-761c-48d3-b8d6-bce3a9fc9414,CUST_01149,2026-05-17,feature,Please add a dark mode to the dashboard.,pending,high,7.0
fe856b1c-32cd-4352-bf3f-162c16a275d7,CUST_01149,2026-04-28,technical,"I cannot log in to my account, password reset is not working.",pending,low,1.0
985f1978-f08f-4a13-8ceb-1f9352810819,CUST_01149,2026-05-11,account,Can I downgrade my plan and keep my data?,open,low,3.0
d98c5b35-8893-4d2c-abf3-f1d33a0209f7,CUST_01149,2026-04-21,feature,I need the ability to set recurring transactions.,resolved,medium,
9a5a0857-76df-4634-875f-a880b96f6a0a,CUST_01150,2025-11-13,feature,Please add a dark mode to the dashboard.,pending,medium,
d10952ed-688e-4c0e-a1f5-9949b284cefe,CUST_01150,2026-05-09,technical,"I cannot log in to my account, password reset is not working.",resolved,low,
2a4de7c1-e2c5-4475-8f0f-3308ff4f93d5,CUST_01150,2026-02-28,technical,"I cannot log in to my account, password reset is not working.",resolved,low,14.0
d0ea3a75-adb5-4d56-ad8d-54a78b3f92c8,CUST_01150,2026-04-23,billing,I was charged twice this month and need a refund immediately.,pending,medium,6.0
28916f98-f289-430d-a021-e8428f0ae729,CUST_01150,2026-04-21,billing,I was charged twice this month and need a refund immediately.,open,high,13.0
9bd9bc60-99ca-4625-9e97-06c1b15bbba8,CUST_01151,2026-04-12,feature,Is there a way to export data to Excel automatically?,pending,high,
f510e730-d1d1-460f-b3d6-651fcb6c86a8,CUST_01151,2025-08-02,feature,I need the ability to set recurring transactions.,pending,high,
edbd122a-aac8-407c-8b6f-2a30a561a034,CUST_01152,2025-04-27,feature,Please add a dark mode to the dashboard.,pending,high,
f0bec54c-2c44-4036-a8af-d54d074b39b6,CUST_01152,2025-03-31,technical,The app crashes every time I try to run payroll.,resolved,high,
811ac8ba-a801-465a-8185-a6aeb544044f,CUST_01152,2024-10-17,technical,"I cannot log in to my account, password reset is not working.",pending,low,6.0
6214f528-c578-437e-84bd-3683712e5d84,CUST_01152,2025-03-19,feature,I need the ability to set recurring transactions.,open,high,1.0
cb3c33ec-aafc-44a2-96a0-0f49898d49b7,CUST_01154,2026-04-28,account,How do I add a second user to my account?,open,high,7.0
14b994cb-b421-437d-a698-5dc452e0a7b4,CUST_01155,2025-08-22,account,How do I add a second user to my account?,resolved,low,
e963a00f-701f-4860-8e03-dd8d81246a01,CUST_01155,2026-02-05,feature,Is there a way to export data to Excel automatically?,open,high,
07cd0e15-bd37-404f-9d94-71245568b8a7,CUST_01155,2026-03-01,feature,Please add a dark mode to the dashboard.,pending,medium,6.0
0f886792-46da-417e-a04d-691b4a815a6b,CUST_01156,2026-03-22,billing,"My invoice shows the wrong amount, please help.",resolved,high,14.0
f520452c-f0aa-47c1-8800-76d7320d018a,CUST_01156,2026-02-08,technical,My bank connection keeps disconnecting every few days.,pending,low,7.0
68805925-c1a0-498d-86ae-fe70ab8ee1aa,CUST_01157,2025-02-04,technical,The app crashes every time I try to run payroll.,pending,medium,6.0
ca0caf1d-6b76-4003-b4bb-5cee78dad2a2,CUST_01157,2025-04-06,feature,Please add a dark mode to the dashboard.,pending,high,9.0
511b7bc0-e4ff-43b4-a5f2-7ca60e61858d,CUST_01157,2024-11-21,feature,Please add a dark mode to the dashboard.,open,high,9.0
0af0a691-243a-4780-8a66-cd97abe94d88,CUST_01158,2026-01-11,technical,My bank connection keeps disconnecting every few days.,pending,high,9.0
78ae933e-f2ff-40f4-a202-39ca1ce627ab,CUST_01158,2025-10-08,account,How do I export all my data before cancelling?,pending,low,11.0
0e9f9d53-4b6e-4c04-9e8e-bbab955e058b,CUST_01158,2025-09-01,billing,"My invoice shows the wrong amount, please help.",pending,high,11.0
9567a880-2a4c-4802-a557-be08813bb18d,CUST_01159,2025-09-12,feature,Please add a dark mode to the dashboard.,open,high,
d1596c1a-0666-4776-a337-5fc941bc5b10,CUST_01159,2025-12-21,feature,Is there a way to export data to Excel automatically?,resolved,high,6.0
a771aa6b-72d1-4c04-99d7-239b93f02cf9,CUST_01159,2026-05-04,account,I need to update my business address and tax ID.,pending,medium,
7a1f2855-c412-4a4d-8f6f-ff9a9b9dbf67,CUST_01160,2025-05-31,billing,Why did my subscription price increase without notice?,open,low,
a4dd9f94-e05b-429e-8abc-6899aee3004b,CUST_01160,2025-03-30,feature,Is there a way to export data to Excel automatically?,resolved,low,5.0
c0ef9e21-c22a-4e2f-8b5c-1feab4aa2826,CUST_01160,2025-06-04,technical,My bank connection keeps disconnecting every few days.,pending,high,3.0
4b068885-7e7b-432d-8a04-5ea3051fef7d,CUST_01161,2025-01-19,feature,Is there a way to export data to Excel automatically?,open,low,8.0
bb60cd64-4811-4d60-8667-cb8b000a0cfb,CUST_01162,2026-04-22,billing,I was charged twice this month and need a refund immediately.,pending,medium,9.0
b7cd4925-adfc-4a22-8983-e6fe9e3fcb1e,CUST_01162,2025-08-15,billing,"My invoice shows the wrong amount, please help.",resolved,low,6.0
cda0ae6a-b614-437a-b66f-ac0b5a2711e5,CUST_01163,2025-04-05,feature,Please add a dark mode to the dashboard.,open,medium,14.0
61ab55d4-2fcf-4046-8552-fe02461d125b,CUST_01163,2025-09-01,feature,Please add a dark mode to the dashboard.,pending,high,2.0
8e55b18f-d012-429c-b75d-04bb6222c6f4,CUST_01163,2025-09-23,feature,Is there a way to export data to Excel automatically?,pending,high,
fc19c329-40ec-4059-a3e6-a99bbd071c67,CUST_01163,2025-01-29,technical,"I cannot log in to my account, password reset is not working.",pending,high,13.0
921b4e37-24ce-4b82-8c8f-3efdb6a140d6,CUST_01163,2026-03-29,technical,My bank connection keeps disconnecting every few days.,resolved,high,10.0
cad23ba2-9948-483e-8bd6-b9abb075bf53,CUST_01164,2025-04-25,account,I need to update my business address and tax ID.,resolved,high,11.0
59e1f2bd-df10-4e2f-be25-9214e1cdbc5f,CUST_01165,2025-07-27,billing,I cancelled but was still billed. Please reverse this charge.,resolved,high,12.0
0a44090d-a32e-4158-9d13-d79e9158aee7,CUST_01165,2026-01-23,feature,Is there a way to export data to Excel automatically?,open,high,12.0
4033cfb5-8b42-4bb5-88de-ff86d01db656,CUST_01165,2025-12-23,technical,The app crashes every time I try to run payroll.,pending,high,7.0
8304604a-afb2-4223-ab84-8a12f3ceaaab,CUST_01165,2025-05-15,technical,My bank connection keeps disconnecting every few days.,resolved,high,13.0
c66890de-2b09-428d-884c-859ba910bf99,CUST_01165,2025-07-04,technical,"I cannot log in to my account, password reset is not working.",pending,medium,1.0
504a2ed2-3194-43a2-b4a2-28dfb97ddf97,CUST_01165,2025-07-03,account,How do I add a second user to my account?,open,high,6.0
8e4ff795-5c85-4bd9-a9a9-29021be7c4f9,CUST_01165,2025-04-12,account,How do I add a second user to my account?,resolved,low,8.0
16b8e151-3a57-4f7a-818b-995179dc9d21,CUST_01166,2025-12-22,technical,The app crashes every time I try to run payroll.,pending,high,11.0
604ff154-a8ee-4757-8432-c9a09eb713bb,CUST_01166,2026-05-11,billing,I cancelled but was still billed. Please reverse this charge.,resolved,medium,14.0
30ff4531-50ed-45db-8935-3a29b4105adc,CUST_01166,2026-01-06,account,Can I downgrade my plan and keep my data?,pending,low,14.0
d1aeacb4-792f-48e8-a515-86a25c210b1c,CUST_01166,2026-03-03,account,Can I downgrade my plan and keep my data?,open,medium,8.0
7d194232-74e3-4ee8-aa58-874a458023f4,CUST_01166,2026-01-25,feature,Is there a way to export data to Excel automatically?,open,low,6.0
0afd3732-b643-46a3-a021-e0684fa3f3f2,CUST_01166,2025-06-18,billing,"My invoice shows the wrong amount, please help.",open,medium,
3fd2cbff-cbc7-4163-bcc6-c12821cd1ab5,CUST_01167,2026-03-27,billing,Why did my subscription price increase without notice?,resolved,high,
bdf4e605-bd5b-4e61-8665-ea0092e6ac20,CUST_01167,2026-03-25,billing,Why did my subscription price increase without notice?,pending,medium,
77bb8ea9-a398-49f0-bc77-f7eec7386a1a,CUST_01168,2026-04-10,billing,"My invoice shows the wrong amount, please help.",resolved,medium,14.0
553e0546-545a-4877-b654-325065b3d03b,CUST_01168,2026-05-09,account,I need to update my business address and tax ID.,pending,low,4.0
3b793a6e-bb8c-4476-862a-957f884a3d03,CUST_01168,2026-04-09,technical,"I cannot log in to my account, password reset is not working.",open,low,10.0
f7211420-07ce-4bb9-95bd-69c6b50e6891,CUST_01169,2026-03-05,billing,I was charged twice this month and need a refund immediately.,pending,medium,
fb567c5b-57b1-4263-b635-60d15d9c517c,CUST_01169,2025-11-02,feature,Is there a way to export data to Excel automatically?,open,low,6.0
cae0e274-9d4f-4c48-9ed9-1eb8ad56ce86,CUST_01169,2026-03-26,technical,"I cannot log in to my account, password reset is not working.",pending,medium,8.0
9af6d7f5-dfde-4c24-8681-0a321fd5e843,CUST_01170,2026-02-10,technical,"I cannot log in to my account, password reset is not working.",resolved,low,2.0
d48b91f8-7d28-484a-91f9-17c03b4bad54,CUST_01170,2025-12-03,feature,Can you add support for multiple currencies?,resolved,high,9.0
a54d7f97-c718-4996-bb69-ab09e3c24ff4,CUST_01170,2026-04-02,feature,I need the ability to set recurring transactions.,open,low,
ba6890de-278d-43d3-9c45-7726f07e39bc,CUST_01170,2025-08-02,technical,Reports are not loading and just show a blank screen.,resolved,low,12.0
40164e60-0f3d-45cc-9a91-0c573fa04e24,CUST_01171,2025-08-29,account,I need to update my business address and tax ID.,resolved,medium,6.0
dc34661d-ca65-4848-b0e9-f46c820c96a0,CUST_01171,2025-07-29,billing,I was charged twice this month and need a refund immediately.,pending,high,12.0
0bca032a-e994-4d33-a8f2-4930edece1d8,CUST_01171,2024-11-02,billing,I cancelled but was still billed. Please reverse this charge.,resolved,medium,4.0
e5fcb7de-0758-4836-ad06-5f8d769a1a3a,CUST_01171,2025-06-24,technical,The app crashes every time I try to run payroll.,pending,low,7.0
67327536-9407-4e1d-a9ce-682233c095fa,CUST_01171,2024-10-07,billing,"My invoice shows the wrong amount, please help.",open,high,8.0
79a755dc-c974-420f-8de1-4e10645edcf5,CUST_01171,2025-08-30,account,I need to update my business address and tax ID.,open,high,8.0
31fe6c6f-efae-492f-a774-0d9b99b08624,CUST_01171,2025-11-19,billing,Why did my subscription price increase without notice?,pending,high,12.0
caa0f509-fb52-453f-8627-9fbab6a6071d,CUST_01171,2025-11-04,feature,Is there a way to export data to Excel automatically?,resolved,low,10.0
90c05c67-c442-4225-9f0e-7008edcf81ae,CUST_01172,2025-08-22,technical,My bank connection keeps disconnecting every few days.,pending,medium,
58fc89cf-e715-455c-88d7-1116a1ceaa85,CUST_01172,2025-10-22,billing,I cancelled but was still billed. Please reverse this charge.,pending,medium,
f9e715dd-5687-4f21-b4bd-a1266f885f2b,CUST_01173,2026-01-24,feature,Please add a dark mode to the dashboard.,open,high,4.0
68e2ff5a-9058-4133-bdd3-7eb6cde8cc1c,CUST_01173,2026-02-28,feature,Is there a way to export data to Excel automatically?,open,high,
913b4081-2153-4ef9-8e6e-a312870fd9dd,CUST_01174,2026-03-21,feature,I need the ability to set recurring transactions.,resolved,high,5.0
08b3744a-6673-4639-882c-f82d2f72cc6c,CUST_01174,2025-12-16,billing,Why did my subscription price increase without notice?,open,medium,3.0
742281df-c462-4643-b2e0-2357884690ec,CUST_01174,2026-04-09,billing,"My invoice shows the wrong amount, please help.",open,low,8.0
9e9432f6-cd1d-4cb5-9982-d7aa4e5e7845,CUST_01175,2025-09-20,billing,Why did my subscription price increase without notice?,open,high,12.0
5047ef56-8cb4-4513-ac03-0a1400278d00,CUST_01175,2024-11-25,technical,My bank connection keeps disconnecting every few days.,open,low,5.0
14a95306-d652-4c92-8092-a0a50106b395,CUST_01175,2025-12-09,feature,Please add a dark mode to the dashboard.,open,high,3.0
596a01ef-7d7e-4f99-8ba3-6bb8906fbdbd,CUST_01175,2024-12-02,account,I need to update my business address and tax ID.,open,high,11.0
21d270c6-9d22-4f5f-a495-e3c59dfdd2fc,CUST_01176,2025-10-25,feature,Can you add support for multiple currencies?,open,high,5.0
bf4fcd12-d3fd-472a-a284-7dc89f5a91b4,CUST_01177,2025-01-25,account,How do I add a second user to my account?,resolved,low,4.0
2bf9af75-f07a-47fa-9913-c195ce5b852b,CUST_01178,2025-12-15,technical,Reports are not loading and just show a blank screen.,resolved,low,9.0
23a32f1e-5e6a-4ab3-9b38-a28f8125d61c,CUST_01178,2026-03-11,feature,Is there a way to export data to Excel automatically?,resolved,low,14.0
57a663b8-035b-4b29-b0c4-cff6647f343a,CUST_01179,2025-01-03,technical,Reports are not loading and just show a blank screen.,pending,low,1.0
853e7ff5-f0f2-4b3f-81ac-db685e780ec3,CUST_01179,2024-11-26,billing,Why did my subscription price increase without notice?,resolved,low,14.0
60c9d18a-6dc4-47d5-8fa4-b7687e6d0d6c,CUST_01181,2026-01-27,billing,Why did my subscription price increase without notice?,resolved,medium,
5e742014-7b22-403a-b540-b318fe4cd566,CUST_01181,2026-05-03,feature,Please add a dark mode to the dashboard.,pending,high,9.0
89671a13-1df1-4960-8b55-fcd21889976a,CUST_01181,2026-05-07,account,How do I add a second user to my account?,pending,high,
c84dcc53-3dd2-40d9-bd57-d8710524423c,CUST_01181,2026-03-21,technical,The app crashes every time I try to run payroll.,pending,medium,10.0
29d2c25f-1287-45d5-811b-d6460ef276c5,CUST_01181,2026-04-16,technical,My bank connection keeps disconnecting every few days.,open,high,14.0
e08da32b-74ff-41d3-8e1e-f741c7b9cd7b,CUST_01181,2026-01-26,account,How do I add a second user to my account?,pending,medium,
c1398816-7054-46db-b559-75c45550166d,CUST_01181,2026-04-05,account,I need to update my business address and tax ID.,pending,high,
cd685542-c0df-4739-8b82-92c1a312bbf9,CUST_01183,2025-11-04,technical,The app crashes every time I try to run payroll.,open,high,12.0
1a5d0257-233d-476f-a58b-858882e82b3e,CUST_01183,2025-06-17,account,I need to update my business address and tax ID.,pending,medium,2.0
39124361-eb4b-4cf3-9cb6-8ca9fa3c08c4,CUST_01183,2025-12-07,feature,Please add a dark mode to the dashboard.,resolved,low,2.0
e1d2f8ce-b857-4dba-a074-9562386a234e,CUST_01184,2025-06-17,feature,Can you add support for multiple currencies?,open,low,1.0
046f24f1-57cc-4199-b5d8-29567d9a1ef9,CUST_01184,2026-01-27,account,How do I export all my data before cancelling?,pending,low,5.0
f0ffbcdf-27f6-4212-86c0-966712909482,CUST_01184,2025-05-15,billing,"My invoice shows the wrong amount, please help.",resolved,low,14.0
7c83a2e5-bad4-45d2-8e56-1d296abe48b8,CUST_01184,2026-01-30,billing,Why did my subscription price increase without notice?,resolved,high,
deff6055-3677-4c13-bd61-9e7f9652805b,CUST_01185,2026-03-26,feature,I need the ability to set recurring transactions.,pending,high,
630619df-b753-49f1-bf41-ee9b9dc5b383,CUST_01185,2026-03-27,technical,Reports are not loading and just show a blank screen.,pending,high,9.0
390ae198-7c1f-4d74-af4a-e296c61417dc,CUST_01185,2025-08-02,billing,I was charged twice this month and need a refund immediately.,resolved,medium,11.0
3da778b2-d50e-4a8d-afed-e0c3bd6cbf0d,CUST_01185,2025-10-07,feature,Can you add support for multiple currencies?,resolved,high,7.0
73b301ef-0343-43fb-beb7-119cf344b0fd,CUST_01186,2025-11-09,billing,I was charged twice this month and need a refund immediately.,resolved,high,6.0
18c454cd-bdbf-4dd1-bf74-4c80161ce09c,CUST_01186,2026-03-12,technical,Reports are not loading and just show a blank screen.,resolved,high,6.0
8827b0e5-c628-4d60-9072-edba6307e819,CUST_01186,2025-11-21,technical,Reports are not loading and just show a blank screen.,resolved,high,7.0
508511a2-0ef5-4699-88f4-38d3b51a0ce5,CUST_01186,2026-01-22,technical,"I cannot log in to my account, password reset is not working.",resolved,high,5.0
482dfd0f-916b-438b-b963-bd353df8fcc9,CUST_01187,2026-03-04,billing,"My invoice shows the wrong amount, please help.",pending,low,1.0
5b0467bd-fb88-4ec8-adfd-f712b9bb4a9d,CUST_01187,2025-09-30,feature,Please add a dark mode to the dashboard.,resolved,low,
9673b016-9a9c-47e3-985f-8aa6d9d1dcf2,CUST_01188,2025-09-18,feature,Please add a dark mode to the dashboard.,pending,medium,6.0
c9947de6-3857-4930-9e02-388f14b8c388,CUST_01189,2026-04-16,account,How do I add a second user to my account?,pending,high,
7d8241b8-04ed-41c7-a385-b9abe93655d0,CUST_01189,2026-01-31,technical,Reports are not loading and just show a blank screen.,resolved,high,
492afe9f-cd79-454b-a4ff-2192837289a1,CUST_01189,2026-01-12,account,I need to update my business address and tax ID.,open,medium,5.0
d347e6e4-643d-43ad-b66c-c1561e0f4a18,CUST_01189,2026-04-12,account,How do I export all my data before cancelling?,pending,low,3.0
fdbf0ebf-e19e-4ce7-bd66-c035bf778154,CUST_01189,2026-02-09,feature,I need the ability to set recurring transactions.,open,medium,11.0
3925621e-4ab8-4d0c-a092-0f406af3e68a,CUST_01189,2026-02-27,billing,"My invoice shows the wrong amount, please help.",open,high,10.0
d2540990-3e4e-474f-9934-9542067fb196,CUST_01189,2025-11-23,feature,I need the ability to set recurring transactions.,resolved,medium,
0169424a-8698-46d8-ae75-33635c5dd5ab,CUST_01190,2026-04-04,feature,Is there a way to export data to Excel automatically?,pending,high,
c1335801-0990-4dd0-8bb3-4e49390b37aa,CUST_01190,2026-02-16,billing,"My invoice shows the wrong amount, please help.",open,medium,9.0
7f4e3980-8a42-41ee-aa77-e77de33ee74f,CUST_01191,2025-06-30,feature,Is there a way to export data to Excel automatically?,pending,high,
64a0833b-5463-4434-bdac-5488af254e1d,CUST_01191,2026-02-23,technical,"I cannot log in to my account, password reset is not working.",resolved,high,2.0
72ae7ac0-668b-4218-8efb-7522b08dcbae,CUST_01191,2026-01-02,feature,Is there a way to export data to Excel automatically?,pending,medium,5.0
4956560b-e4e5-4bff-9c63-e4a31de161b8,CUST_01191,2025-07-22,account,Can I downgrade my plan and keep my data?,resolved,medium,10.0
da55e45c-c99d-469f-933b-96b2f438023d,CUST_01192,2026-04-05,technical,The app crashes every time I try to run payroll.,pending,medium,12.0
8c3884e9-15ef-4a81-abca-43d53c422c9f,CUST_01192,2026-02-11,technical,The app crashes every time I try to run payroll.,resolved,high,2.0
e3560681-9832-4104-b848-cdb5307392d6,CUST_01192,2026-04-14,technical,My bank connection keeps disconnecting every few days.,open,high,10.0
11a1d7b3-a47d-4624-bb4a-1fcf686cfc71,CUST_01192,2026-04-02,account,I need to update my business address and tax ID.,open,low,10.0
974e5b5f-5327-427b-814d-509b3bf4c5fc,CUST_01193,2026-04-19,feature,I need the ability to set recurring transactions.,pending,high,11.0
960459ca-0236-4d42-94d5-4a1efa94acea,CUST_01193,2026-04-08,account,How do I add a second user to my account?,pending,high,8.0
d9d10db8-5946-4eef-8814-37101afac10d,CUST_01193,2026-05-01,billing,I was charged twice this month and need a refund immediately.,pending,medium,12.0
36b56c91-4513-46ca-a5cb-7be0ef16cf4e,CUST_01194,2026-01-21,technical,My bank connection keeps disconnecting every few days.,open,low,2.0
7695542d-5740-4f9a-ac88-cfb91ad8fd46,CUST_01194,2026-05-04,technical,"I cannot log in to my account, password reset is not working.",resolved,medium,5.0
256fc49d-5e17-4abf-886c-7f6c2ce5aaa2,CUST_01194,2024-12-21,billing,"My invoice shows the wrong amount, please help.",resolved,low,1.0
dece208d-48d6-46da-b5d9-b45a97cc4852,CUST_01194,2026-03-07,technical,Reports are not loading and just show a blank screen.,pending,high,6.0
b768dbf9-697a-4be6-96c1-a3a0bbccaed4,CUST_01195,2024-11-08,feature,Please add a dark mode to the dashboard.,pending,high,
d2222b61-785f-4b6b-ad41-832973d5d7c3,CUST_01195,2025-06-07,technical,The app crashes every time I try to run payroll.,open,medium,9.0
8074c49d-e734-4b7d-a022-f3c9a5731062,CUST_01195,2025-07-02,feature,Please add a dark mode to the dashboard.,open,medium,2.0
56b458ce-81d9-4a51-8c28-20b3af576917,CUST_01195,2025-10-22,feature,Please add a dark mode to the dashboard.,pending,high,5.0
26978749-de8c-4fb7-b2c5-86bd463a0098,CUST_01195,2024-08-06,technical,"I cannot log in to my account, password reset is not working.",open,high,2.0
601d960f-f8b5-4f0b-8203-b12e4cce7083,CUST_01196,2025-12-06,billing,I cancelled but was still billed. Please reverse this charge.,pending,high,
ba2d5079-b0e7-491b-a7e7-7f3610ccf0be,CUST_01196,2025-10-20,technical,"I cannot log in to my account, password reset is not working.",open,medium,14.0
361ed651-3454-44bd-936c-c6261cc97fe9,CUST_01197,2025-10-03,technical,The app crashes every time I try to run payroll.,pending,low,7.0
f400e836-1741-4d34-baff-b9225a99a2cc,CUST_01197,2026-05-11,account,How do I add a second user to my account?,resolved,high,12.0
2181fbf3-97d9-4cff-ad08-11c1b8dab14a,CUST_01198,2025-07-17,technical,"I cannot log in to my account, password reset is not working.",open,low,
358d53b4-4359-4069-b05c-aa9689feec61,CUST_01198,2025-10-21,billing,Why did my subscription price increase without notice?,pending,medium,
37ca0a93-8806-4206-95e8-19359080d7f3,CUST_01198,2025-11-25,account,Can I downgrade my plan and keep my data?,open,high,11.0
9f4c8873-f7d0-45af-bf27-994539da0156,CUST_01199,2025-11-09,feature,Is there a way to export data to Excel automatically?,open,low,10.0
0ba67da1-4e74-4d6a-bf25-dee42db96694,CUST_01199,2026-04-28,technical,My bank connection keeps disconnecting every few days.,open,high,4.0
a7757dad-0570-4b65-b8c0-2b9394df876b,CUST_01200,2026-03-13,technical,The app crashes every time I try to run payroll.,pending,high,
ad07888d-359d-4819-b4b6-aae72062dfbd,CUST_01203,2025-08-13,billing,I cancelled but was still billed. Please reverse this charge.,open,low,12.0
1de8fed1-64e8-4576-9aa1-55169819a81b,CUST_01203,2025-01-21,billing,I cancelled but was still billed. Please reverse this charge.,pending,high,2.0
72344cc5-5c37-4d54-b115-6e4820328dfd,CUST_01203,2025-07-05,technical,Reports are not loading and just show a blank screen.,pending,medium,12.0
8c880e7a-66a8-448c-828d-c196cfcb64b7,CUST_01203,2025-08-07,billing,I was charged twice this month and need a refund immediately.,open,medium,
25bd1e38-8102-4325-8b3e-35ee157881a0,CUST_01204,2025-11-28,technical,The app crashes every time I try to run payroll.,pending,medium,1.0
b2c84829-6bec-4bc2-ac23-2ab06ac77e5d,CUST_01204,2025-10-08,technical,The app crashes every time I try to run payroll.,pending,high,1.0
006fed23-010e-4df5-a78f-4d25e95d4fcc,CUST_01204,2025-12-16,billing,I cancelled but was still billed. Please reverse this charge.,pending,medium,10.0
c6f1b8ff-e2fa-4754-ab0c-088c9025149d,CUST_01204,2025-05-15,account,How do I add a second user to my account?,pending,medium,7.0
c45df023-6e8c-4063-9143-aa4a73aac446,CUST_01204,2025-07-23,account,Can I downgrade my plan and keep my data?,pending,low,2.0
dd2996f9-df4b-4380-bf26-43d9c6037b6f,CUST_01204,2025-04-16,billing,I cancelled but was still billed. Please reverse this charge.,open,high,2.0
7a4d504e-a6f5-4108-9aff-7026f0866c85,CUST_01204,2025-08-14,feature,Please add a dark mode to the dashboard.,pending,high,9.0
1a820b97-2d26-41af-baee-aa0d0821abe6,CUST_01205,2025-07-19,account,I need to update my business address and tax ID.,open,low,4.0
65a35de0-7b15-481f-a0ec-05f3da197f8c,CUST_01205,2025-10-01,billing,I was charged twice this month and need a refund immediately.,open,low,
36dba626-e645-4a4e-ba33-dbb3bcfe41ad,CUST_01205,2025-08-04,billing,I cancelled but was still billed. Please reverse this charge.,pending,medium,2.0
12273c4d-10d6-413b-9c88-1b69a7987854,CUST_01205,2025-07-01,feature,I need the ability to set recurring transactions.,pending,medium,6.0
d2623796-89ea-4d8e-9ff6-e5fd253b5494,CUST_01206,2025-05-17,account,Can I downgrade my plan and keep my data?,resolved,high,14.0
5fba1d5f-7271-4ae8-aec0-36e07822bc4c,CUST_01206,2025-10-13,billing,I was charged twice this month and need a refund immediately.,pending,high,14.0
a13e52fc-1894-4728-a17b-526b3da412d2,CUST_01207,2026-02-26,billing,Why did my subscription price increase without notice?,pending,low,7.0
5129646d-ee83-415c-939c-ad2c07a537ca,CUST_01207,2025-12-10,billing,I was charged twice this month and need a refund immediately.,pending,medium,2.0
4fc6a939-b692-4c6e-94ee-796f05df9f7d,CUST_01207,2026-05-13,technical,"I cannot log in to my account, password reset is not working.",pending,high,3.0
90ed3286-1ad7-4ac2-bf5d-bc26bfa4da5d,CUST_01207,2026-01-31,billing,I was charged twice this month and need a refund immediately.,pending,high,4.0
3b8baaf3-f594-4a95-86c9-1441d37d993c,CUST_01208,2025-11-09,technical,My bank connection keeps disconnecting every few days.,open,medium,12.0
8afa0dd8-fcfc-4f2a-86db-b663103e318c,CUST_01208,2026-04-20,feature,Is there a way to export data to Excel automatically?,pending,high,2.0
77ec4366-a52c-4ea4-82b2-6a99a6cf2d12,CUST_01208,2025-08-15,billing,I was charged twice this month and need a refund immediately.,open,medium,2.0
dbf176b0-e2c6-418a-9371-39f8483cf4f7,CUST_01208,2026-01-23,billing,Why did my subscription price increase without notice?,open,low,6.0
169443bd-81f6-4946-a92d-c3004a846705,CUST_01209,2025-04-06,technical,"I cannot log in to my account, password reset is not working.",pending,medium,6.0
3b98c187-4c70-47fd-bc0d-c7aa82f78685,CUST_01209,2025-10-09,technical,Reports are not loading and just show a blank screen.,open,medium,14.0
5bf5f347-d591-4268-8db2-f83dc31347c7,CUST_01209,2025-09-26,technical,The app crashes every time I try to run payroll.,open,high,14.0
989810e3-009c-455c-9f2c-8c5571122ca3,CUST_01209,2025-04-21,billing,I was charged twice this month and need a refund immediately.,pending,low,8.0
f19bc0c8-697d-4f5e-a9bc-d0b92b64973b,CUST_01210,2025-06-07,account,How do I add a second user to my account?,open,high,13.0
53ee9ac3-3f62-4c66-aa6b-ba5a63842ea9,CUST_01212,2026-02-17,technical,Reports are not loading and just show a blank screen.,pending,high,3.0
0695cf89-37b2-42f1-a45b-41e930e15070,CUST_01212,2026-05-01,account,I need to update my business address and tax ID.,resolved,medium,
bd0960eb-56c2-4088-9eb8-9b08a36ae62a,CUST_01214,2026-05-12,technical,"I cannot log in to my account, password reset is not working.",resolved,low,1.0
0fff112b-13f2-4d21-87aa-6444bb175d90,CUST_01214,2026-02-07,technical,"I cannot log in to my account, password reset is not working.",open,high,9.0
f48daaba-3d75-49ad-a87b-f4959bb3fadb,CUST_01214,2026-02-12,account,I need to update my business address and tax ID.,resolved,low,13.0
efbdeaac-95b0-4879-8c33-af7bef865512,CUST_01215,2025-12-17,technical,The app crashes every time I try to run payroll.,open,high,
479634f4-b71d-4e9f-8d73-b68bcb9361a0,CUST_01215,2026-04-15,billing,"My invoice shows the wrong amount, please help.",pending,high,14.0
53777888-27f0-4b4a-a2f4-bfaa716b9585,CUST_01216,2025-04-26,feature,Please add a dark mode to the dashboard.,open,high,10.0
0883753a-e8ef-40c1-afc3-59f11d24779a,CUST_01216,2024-07-19,technical,My bank connection keeps disconnecting every few days.,pending,low,5.0
d745bd2c-6859-422b-bf80-699773c6e8f5,CUST_01217,2026-03-21,billing,I was charged twice this month and need a refund immediately.,resolved,high,5.0
6cdb8ddf-2178-4cab-bfc2-b748362472e0,CUST_01217,2026-05-18,billing,I was charged twice this month and need a refund immediately.,pending,high,1.0
332081b4-5082-47d5-b8b4-c0891ec0f5db,CUST_01217,2026-03-14,technical,The app crashes every time I try to run payroll.,resolved,high,2.0
8c537f46-ae3f-423c-8460-98ea330ea815,CUST_01217,2026-04-26,feature,Can you add support for multiple currencies?,resolved,high,3.0
ca6526d4-7608-47f1-b206-3c441774f273,CUST_01218,2025-09-05,account,How do I export all my data before cancelling?,pending,medium,10.0
16d7357d-8461-4a80-b2ff-4df50b8d75a4,CUST_01218,2025-06-09,account,Can I downgrade my plan and keep my data?,resolved,low,9.0
70a0adf8-568e-43bb-9b6e-3570f83592a5,CUST_01219,2026-04-24,billing,Why did my subscription price increase without notice?,pending,low,1.0
dd4a51ed-e0a9-4cfd-a9b8-703a88e4825a,CUST_01219,2026-05-16,feature,Can you add support for multiple currencies?,pending,high,1.0
c9b655bd-3e06-4ab5-ba34-52cfdf2c7e95,CUST_01219,2025-12-17,technical,The app crashes every time I try to run payroll.,open,high,2.0
f62ac992-326d-4175-8e0d-209e4d90cd75,CUST_01220,2025-12-20,account,Can I downgrade my plan and keep my data?,resolved,low,
d036eb1c-945a-4e81-b6db-00c2319428eb,CUST_01220,2026-05-04,billing,I cancelled but was still billed. Please reverse this charge.,open,low,5.0
c0b581d5-c222-4b68-bc90-d995ccee6d5c,CUST_01220,2026-01-16,feature,I need the ability to set recurring transactions.,open,high,5.0
bdad05d4-59df-46ff-bcbf-6a00b6f35cb9,CUST_01220,2026-03-18,account,I need to update my business address and tax ID.,pending,low,4.0
962ee669-511e-466b-a63d-9f8a7de46538,CUST_01220,2026-02-16,feature,I need the ability to set recurring transactions.,resolved,high,
41a4c170-d38e-4567-80bb-df9cae8f408a,CUST_01220,2026-01-20,account,How do I add a second user to my account?,resolved,high,7.0
6169fd8b-fcf8-4a91-896c-b24348f4fca7,CUST_01220,2026-02-16,billing,I cancelled but was still billed. Please reverse this charge.,pending,high,12.0
13934061-afaa-4d80-ad10-e85dd65ddb04,CUST_01220,2025-12-14,technical,Reports are not loading and just show a blank screen.,pending,high,
c0ba9473-7de6-46c5-9986-3bcaf7d56543,CUST_01223,2025-01-04,account,How do I export all my data before cancelling?,pending,low,
593ee326-e750-4dd8-98f6-49f44de5e758,CUST_01223,2026-05-13,technical,The app crashes every time I try to run payroll.,resolved,high,
a9fa0ee7-099c-411e-b6c0-cc641bbd8a95,CUST_01224,2025-11-02,billing,I was charged twice this month and need a refund immediately.,open,high,2.0
a1b19510-d32e-40f0-8880-830b1ca372b5,CUST_01224,2026-05-10,technical,Reports are not loading and just show a blank screen.,pending,high,7.0
6d33895d-aaef-4f41-8cef-324fd6ecf890,CUST_01224,2025-10-17,account,How do I add a second user to my account?,pending,high,8.0
a4c78186-e109-428c-86de-3fe27c919239,CUST_01224,2025-08-08,billing,I cancelled but was still billed. Please reverse this charge.,resolved,medium,11.0
0ea78a70-83bc-4c83-869d-4e79777eab4e,CUST_01224,2026-04-21,feature,I need the ability to set recurring transactions.,open,high,
93867430-0acb-4de8-a82e-31195c2825aa,CUST_01224,2025-12-31,feature,I need the ability to set recurring transactions.,resolved,high,11.0
89ed376e-0853-45c9-a3da-870dc6d03b04,CUST_01224,2026-05-02,account,Can I downgrade my plan and keep my data?,open,high,5.0
059d4cd9-b228-48ad-9b1e-005e968e523f,CUST_01224,2025-09-26,feature,Is there a way to export data to Excel automatically?,pending,low,2.0
a99a3a42-354f-465f-b452-e0b1c618902e,CUST_01227,2025-04-01,billing,Why did my subscription price increase without notice?,open,high,
2e3a2d66-946b-40bd-b502-faa8136d4c4c,CUST_01227,2026-04-19,technical,The app crashes every time I try to run payroll.,resolved,low,9.0
7f7beb23-7c87-4d40-9017-5d632e8758be,CUST_01227,2025-04-14,account,I need to update my business address and tax ID.,open,high,5.0
8de58219-efdd-458c-9e58-cc75725b31e2,CUST_01228,2026-04-16,technical,My bank connection keeps disconnecting every few days.,open,medium,
d60417f4-325d-4333-988c-cd4d13ed9651,CUST_01228,2026-04-17,feature,Is there a way to export data to Excel automatically?,resolved,medium,3.0
3e3b43a5-6d47-4aad-b057-9b4ff337a8d9,CUST_01229,2026-05-01,feature,Can you add support for multiple currencies?,open,low,14.0
0192dc15-bbae-4357-b477-eac29f6481a4,CUST_01229,2026-05-03,technical,My bank connection keeps disconnecting every few days.,open,low,5.0
add96e26-7637-44e5-8ea8-e4b67d1fb02a,CUST_01229,2026-04-20,account,Can I downgrade my plan and keep my data?,pending,medium,5.0
a2b59766-8577-4f61-8e91-18c350677a43,CUST_01230,2025-10-09,billing,Why did my subscription price increase without notice?,resolved,high,
e7383fe8-150b-4dc8-a27e-1cd1f9efc615,CUST_01231,2025-10-16,account,I need to update my business address and tax ID.,open,high,4.0
da7c4987-bda9-47ce-aab3-b042bf3a7482,CUST_01231,2025-03-08,technical,My bank connection keeps disconnecting every few days.,open,medium,
ec69d938-359d-445a-9f9e-5460f58e21b7,CUST_01231,2025-06-21,technical,"I cannot log in to my account, password reset is not working.",open,high,
04cb9551-bc55-40b1-bd3b-b0bc87095a84,CUST_01232,2026-04-23,billing,Why did my subscription price increase without notice?,open,low,9.0
6de504fe-a45f-43f8-967a-1670b88b3cfc,CUST_01233,2025-06-12,account,How do I export all my data before cancelling?,pending,medium,6.0
91cce86c-ce76-4407-abbd-98d9c19bff95,CUST_01233,2026-04-17,account,How do I export all my data before cancelling?,open,high,10.0
17c0ccad-b208-4158-8fc0-88bc348e1866,CUST_01233,2025-02-22,billing,Why did my subscription price increase without notice?,open,medium,4.0
43c089d5-7a0f-41d9-94cd-c023d91d36c8,CUST_01233,2026-04-30,billing,Why did my subscription price increase without notice?,resolved,low,
71dd18f0-dcb4-4ffa-8154-4158dfa70fae,CUST_01235,2024-10-05,billing,I was charged twice this month and need a refund immediately.,resolved,high,2.0
bad07e14-6be5-43ee-8ff8-30324ea385ec,CUST_01235,2025-02-25,billing,I was charged twice this month and need a refund immediately.,open,high,7.0
8505ac96-d0d4-48e3-be4e-767533ddf393,CUST_01235,2025-11-05,technical,"I cannot log in to my account, password reset is not working.",pending,high,7.0
c37cefc4-6183-4e5e-bb98-94f6e694c06c,CUST_01235,2025-11-27,feature,I need the ability to set recurring transactions.,pending,high,4.0
711f0765-7612-49be-bcd5-c4c33cc5f495,CUST_01235,2025-02-08,feature,I need the ability to set recurring transactions.,open,high,2.0
1c414a6c-09a0-4340-ab8a-604f0e1fc67f,CUST_01236,2026-04-25,feature,Is there a way to export data to Excel automatically?,resolved,low,3.0
5ba640be-7b1f-46b4-bf24-4659903faa2d,CUST_01236,2026-04-22,technical,Reports are not loading and just show a blank screen.,open,low,12.0
88aac558-10eb-4c16-b1b7-fc783c166d5c,CUST_01237,2026-01-22,billing,Why did my subscription price increase without notice?,open,medium,
0a0fb313-3e46-4803-9052-6f03c2fc6793,CUST_01237,2026-04-30,technical,My bank connection keeps disconnecting every few days.,open,high,11.0
4eb36beb-4100-4016-9986-2ee2cebe0f09,CUST_01237,2026-01-16,account,How do I add a second user to my account?,pending,high,14.0
ca1bd6ae-dab1-49ef-9950-042dbebe5e18,CUST_01237,2026-03-15,feature,Is there a way to export data to Excel automatically?,pending,high,
1b702f7d-6ddd-43af-8dd7-5b85f00a0370,CUST_01237,2026-04-28,account,Can I downgrade my plan and keep my data?,open,low,13.0
4b3e07f3-8b0e-4e27-9ab9-4ffe959c5383,CUST_01237,2026-02-22,technical,"I cannot log in to my account, password reset is not working.",open,medium,1.0
6cb10268-b718-48a3-89cb-c7954bc29ae8,CUST_01238,2024-12-21,feature,Can you add support for multiple currencies?,resolved,low,
52d6f007-0bde-417a-b50e-aae4d71348d4,CUST_01238,2025-06-02,feature,Can you add support for multiple currencies?,resolved,low,1.0
cf1c7152-7418-477c-bcba-807e343d9eca,CUST_01239,2026-05-05,feature,I need the ability to set recurring transactions.,resolved,high,12.0
d2d87e3f-63dd-46c4-bbe7-689b25d62df1,CUST_01239,2025-06-12,feature,Can you add support for multiple currencies?,pending,high,14.0
20f089e9-d93c-489e-98c3-94d3da5e8387,CUST_01239,2025-07-27,feature,I need the ability to set recurring transactions.,pending,high,13.0
2eb38c89-b2f3-4a1b-b596-f2248f4fd412,CUST_01239,2025-09-21,technical,My bank connection keeps disconnecting every few days.,open,high,11.0
a93a5968-65c8-4461-bf56-4ade0b990df6,CUST_01239,2024-11-07,feature,Can you add support for multiple currencies?,resolved,high,5.0
8dd6dd4d-9383-4f64-98ed-7bbe89fb8a53,CUST_01239,2025-07-28,account,Can I downgrade my plan and keep my data?,pending,high,10.0
2047311b-c4e6-44d2-9e3b-516820fc5cc6,CUST_01239,2025-10-25,billing,I was charged twice this month and need a refund immediately.,resolved,high,14.0
0b30a614-98b3-4d10-86f0-428fd3e7c24c,CUST_01240,2025-01-17,account,How do I export all my data before cancelling?,pending,medium,8.0
3d6fa5b3-9f70-4b56-a082-a0832405b420,CUST_01240,2026-02-22,account,Can I downgrade my plan and keep my data?,resolved,low,
ce59cc3e-5402-4500-829a-5663b3c410cf,CUST_01240,2025-12-09,feature,I need the ability to set recurring transactions.,open,low,1.0
253f4b02-22cf-4382-96e0-b18bb4a2dc80,CUST_01241,2026-03-16,account,I need to update my business address and tax ID.,resolved,high,4.0
e2df6cba-64d1-48bb-a68f-4f6b96a36956,CUST_01241,2025-11-18,billing,Why did my subscription price increase without notice?,pending,high,3.0
58e72879-035a-44e2-abbe-384280844456,CUST_01241,2025-11-20,account,How do I export all my data before cancelling?,open,high,2.0
efbb1b7f-cb76-47ef-bf1f-3fbcadb16846,CUST_01241,2025-11-11,feature,Is there a way to export data to Excel automatically?,open,medium,14.0
77dd0540-bd2e-4e93-a461-4fd024b91ee0,CUST_01242,2025-12-01,technical,The app crashes every time I try to run payroll.,pending,high,7.0
dd43952e-390f-4c04-a91c-cf597fba0d79,CUST_01242,2025-12-25,billing,I was charged twice this month and need a refund immediately.,open,high,8.0
aef847d2-2ede-4ee5-98df-87fe1135511b,CUST_01242,2025-12-15,account,How do I export all my data before cancelling?,resolved,medium,11.0
a9005be6-894a-4843-a1ce-ce266583e4f1,CUST_01242,2025-09-25,feature,Can you add support for multiple currencies?,open,low,7.0
533fecce-e3f7-4c1c-a19a-255c21af9abb,CUST_01242,2026-01-19,feature,Please add a dark mode to the dashboard.,open,high,4.0
1a4efe68-496b-40a2-bb6f-5d5bf6d01e8b,CUST_01242,2025-09-24,billing,Why did my subscription price increase without notice?,open,high,2.0
b471b72b-8717-4001-99b5-88c45b1f18a4,CUST_01243,2025-08-07,technical,The app crashes every time I try to run payroll.,resolved,low,11.0
6f07ce5a-9cda-4d0f-b081-74a580e9bf7c,CUST_01243,2026-03-19,technical,The app crashes every time I try to run payroll.,pending,low,
9316de49-d017-4716-935f-af6d5e988555,CUST_01244,2026-02-26,feature,Is there a way to export data to Excel automatically?,resolved,high,13.0
4a193bce-0f84-4fbd-8afd-f5f5fd652217,CUST_01244,2026-03-29,technical,"I cannot log in to my account, password reset is not working.",resolved,high,
de91c88b-820d-408d-b9bb-c102e93d80b6,CUST_01244,2026-03-04,feature,Is there a way to export data to Excel automatically?,pending,high,7.0
f7f062bb-958c-4153-9ee1-8b2face58554,CUST_01244,2026-02-17,billing,"My invoice shows the wrong amount, please help.",resolved,high,14.0
67015a4a-883d-4378-a860-70bd359caf2b,CUST_01244,2026-02-14,feature,Can you add support for multiple currencies?,resolved,high,
1788d042-7314-4705-ab88-a80bce4635b4,CUST_01244,2026-04-26,billing,I cancelled but was still billed. Please reverse this charge.,resolved,high,3.0
671df251-fdf6-4ffd-9699-1fdc2ce13dd8,CUST_01244,2026-03-14,account,How do I export all my data before cancelling?,resolved,high,14.0
76480427-54b8-40cb-bf92-c079588e0768,CUST_01244,2026-01-14,feature,I need the ability to set recurring transactions.,resolved,medium,12.0
dde61e5b-91ef-4739-b9cd-b87a4809177c,CUST_01245,2026-04-27,feature,Can you add support for multiple currencies?,resolved,high,9.0
0b17d8da-22f5-4df8-8e98-9968fff92f77,CUST_01245,2026-04-09,feature,Can you add support for multiple currencies?,resolved,low,10.0
6e069a82-5950-48a9-8da8-84023961c342,CUST_01245,2026-02-05,feature,Please add a dark mode to the dashboard.,pending,low,
c3dd3a6a-d7d8-4e7b-a721-ceb4983b47a7,CUST_01246,2026-04-03,technical,My bank connection keeps disconnecting every few days.,pending,high,12.0
70afba57-8e38-4287-ac00-7c77c44ad5f9,CUST_01246,2026-03-08,billing,"My invoice shows the wrong amount, please help.",open,medium,11.0
adb68630-e53c-45b2-a1be-c8039f9c648f,CUST_01246,2026-02-06,feature,I need the ability to set recurring transactions.,pending,low,7.0
a8991f51-d431-464d-9ace-3cc6bcefdd63,CUST_01247,2025-07-12,billing,I cancelled but was still billed. Please reverse this charge.,open,high,4.0
41011647-6a85-452b-a915-f859de7f6ff7,CUST_01247,2024-12-18,account,How do I export all my data before cancelling?,pending,high,1.0
08b10792-68df-416f-b8ab-7c6c09a9e5cb,CUST_01248,2026-02-21,feature,Can you add support for multiple currencies?,open,high,9.0
575640e7-6d96-48ec-b843-39f1416cb828,CUST_01248,2026-01-16,account,Can I downgrade my plan and keep my data?,open,high,
7ae50fba-6463-48dc-9b0f-797a2d125d8b,CUST_01248,2026-01-24,billing,I cancelled but was still billed. Please reverse this charge.,open,high,
92137ad1-22d8-417c-8bec-30fb42b74459,CUST_01248,2025-12-07,account,I need to update my business address and tax ID.,resolved,high,14.0
3e919e0e-2ca1-4abd-9e02-6ae87eb5d917,CUST_01248,2026-03-26,feature,Is there a way to export data to Excel automatically?,resolved,low,8.0
58e40cc5-d92a-45e5-aaea-b0763af49846,CUST_01248,2026-04-15,feature,Can you add support for multiple currencies?,resolved,medium,12.0
32906111-949c-4b4c-855e-c3f70e231998,CUST_01249,2026-03-03,billing,Why did my subscription price increase without notice?,resolved,low,9.0
0a01898f-7b2a-4015-9cce-0f069b01e993,CUST_01249,2026-01-08,billing,"My invoice shows the wrong amount, please help.",open,low,
8da55363-c7c5-43ff-8de6-8fbf08a45fc3,CUST_01249,2025-12-24,technical,"I cannot log in to my account, password reset is not working.",pending,low,9.0
da5ff5a9-b64a-4658-9bdd-15192ad76f8b,CUST_01249,2026-01-10,feature,Please add a dark mode to the dashboard.,open,medium,4.0
a8537817-1af0-4f5f-a907-ba586cb68352,CUST_01250,2025-08-09,account,I need to update my business address and tax ID.,pending,medium,5.0
18ce1f56-fb64-4244-97e7-e404f7a15241,CUST_01250,2026-03-25,feature,Please add a dark mode to the dashboard.,resolved,high,7.0
26614ab6-eab3-4bc2-b1cc-36642fe35d5c,CUST_01250,2024-06-30,account,How do I export all my data before cancelling?,resolved,high,1.0
05097d86-3864-475b-86c7-6e5c4daec0bf,CUST_01251,2025-07-14,account,How do I export all my data before cancelling?,resolved,low,10.0
b68bf1b4-37e1-4fbb-8f65-8da9989095f4,CUST_01252,2025-07-11,account,I need to update my business address and tax ID.,resolved,low,1.0
f43494c1-29b0-40b5-99e4-47671938fb4d,CUST_01252,2026-05-04,billing,I cancelled but was still billed. Please reverse this charge.,resolved,high,7.0
736b0d75-7e82-4754-b3f8-325f2255f3ab,CUST_01252,2025-07-12,billing,Why did my subscription price increase without notice?,open,high,7.0
10a6bae3-fc15-41ae-b595-2ed0416f902a,CUST_01252,2025-10-16,account,How do I export all my data before cancelling?,open,high,12.0
d2f7c0fd-8a07-4d46-9f24-182a6cb1ed89,CUST_01253,2025-10-11,account,I need to update my business address and tax ID.,open,medium,8.0
a2d752dc-599b-4971-80ae-4a7a1b166f6b,CUST_01253,2025-08-03,feature,Is there a way to export data to Excel automatically?,pending,low,3.0
55caa094-6318-47e7-8482-70f279b3b573,CUST_01253,2025-09-09,billing,"My invoice shows the wrong amount, please help.",pending,low,13.0
43d5a071-5352-4074-9326-d3535f05c562,CUST_01254,2026-03-09,technical,Reports are not loading and just show a blank screen.,open,medium,13.0
9aa4a957-1959-4053-9507-cf2c4721f74c,CUST_01254,2025-11-10,feature,Can you add support for multiple currencies?,resolved,high,
04258fc1-d82e-4677-8775-e579ba996ec5,CUST_01254,2026-03-10,feature,Is there a way to export data to Excel automatically?,pending,low,14.0
ddd7761e-a463-4ef2-892c-77b1ac7b17ce,CUST_01254,2026-01-30,feature,I need the ability to set recurring transactions.,resolved,medium,5.0
f3028ff0-2f69-45fc-a023-152239105405,CUST_01255,2025-12-30,billing,Why did my subscription price increase without notice?,open,medium,
bcfb12f1-5eba-425c-9027-7bd996f5a229,CUST_01255,2025-12-25,account,I need to update my business address and tax ID.,resolved,low,14.0
8090dceb-4590-4c94-bd22-d3706937454d,CUST_01255,2026-04-07,billing,I cancelled but was still billed. Please reverse this charge.,pending,medium,
b8352bbc-2c6b-4449-b652-7dbdce0b3043,CUST_01256,2026-01-01,feature,Is there a way to export data to Excel automatically?,pending,high,1.0
6089fdb2-edb5-457f-9b98-f0935287b603,CUST_01257,2025-08-19,account,How do I export all my data before cancelling?,open,medium,
4e8b483f-2c18-4231-a13e-ad7f5ef0fc39,CUST_01257,2026-01-01,feature,Can you add support for multiple currencies?,resolved,medium,13.0
4861138d-4b49-4562-9788-cb95e63f212e,CUST_01257,2026-02-05,technical,"I cannot log in to my account, password reset is not working.",open,medium,7.0
79cc14dd-dfa7-4b24-8f9a-98f4caa315cd,CUST_01258,2026-04-18,feature,I need the ability to set recurring transactions.,resolved,medium,6.0
38b45db9-84c1-4abf-9815-c064b7a73bb4,CUST_01258,2026-04-24,technical,"I cannot log in to my account, password reset is not working.",open,medium,13.0
abbb4731-34dc-4f21-a8eb-5b25cbb5174a,CUST_01258,2026-03-13,feature,I need the ability to set recurring transactions.,open,low,9.0
4cbaf7bd-8496-437c-85f8-3a78e8253dfc,CUST_01258,2026-05-08,technical,Reports are not loading and just show a blank screen.,pending,low,12.0
4e20a13b-fee3-49cc-a53b-a49068c6dd1c,CUST_01260,2025-07-01,account,How do I add a second user to my account?,resolved,high,11.0
164daaa9-6588-4697-8f16-4cb1b25479f4,CUST_01260,2025-10-12,billing,"My invoice shows the wrong amount, please help.",open,high,1.0
d2c3479f-121a-4faa-a0c2-5619cbe544c7,CUST_01260,2026-01-08,technical,The app crashes every time I try to run payroll.,pending,high,
1de5f30d-255e-498d-8893-dad7c3753395,CUST_01261,2026-05-18,account,I need to update my business address and tax ID.,pending,high,4.0
58047887-f4ec-4f5b-af53-5d4616782981,CUST_01261,2026-05-06,account,How do I export all my data before cancelling?,open,high,9.0
9393b8c9-0f6f-45fb-9ae0-e7a5eb8ff26d,CUST_01262,2025-08-30,feature,I need the ability to set recurring transactions.,pending,high,4.0
5534b6c3-afb6-41fc-993a-5d85cfcc1f99,CUST_01262,2025-07-11,billing,"My invoice shows the wrong amount, please help.",resolved,low,13.0
9902e08a-0200-4053-8219-8b1de44f5dc8,CUST_01262,2026-02-07,feature,Please add a dark mode to the dashboard.,resolved,high,
431ef5d0-82e2-4d83-b1f3-28e5c66f336b,CUST_01262,2026-03-15,technical,Reports are not loading and just show a blank screen.,pending,high,13.0
de194487-1ecb-43e1-b9d2-b96831c4a15d,CUST_01263,2026-01-01,feature,Please add a dark mode to the dashboard.,resolved,high,12.0
5ad21dfb-6db8-473e-a020-030c99d2983c,CUST_01263,2026-05-14,feature,I need the ability to set recurring transactions.,pending,high,7.0
b28acf02-45c5-42b5-ae55-bc44871fd269,CUST_01263,2026-02-23,billing,Why did my subscription price increase without notice?,resolved,high,13.0
a3e902e4-fafc-4ab9-92ea-ec4d7fa64520,CUST_01263,2026-01-11,billing,I was charged twice this month and need a refund immediately.,open,low,5.0
8f523391-1204-4c5a-ae13-a8f004e585ea,CUST_01264,2025-10-08,billing,I was charged twice this month and need a refund immediately.,pending,medium,
3309c62a-97d6-4e95-b0aa-1a56cb512d95,CUST_01264,2025-03-28,account,How do I add a second user to my account?,resolved,high,11.0
8ccb388a-1492-4951-b510-e58f8f077773,CUST_01264,2025-05-30,billing,I was charged twice this month and need a refund immediately.,pending,high,11.0
a24904dc-843e-40ac-a177-bc7f21b41184,CUST_01267,2025-05-08,technical,"I cannot log in to my account, password reset is not working.",pending,medium,1.0
f4318c4a-154d-4e42-9cbb-9fe496ac9686,CUST_01268,2026-03-17,billing,"My invoice shows the wrong amount, please help.",open,medium,
a8a0e014-aca9-4e1e-930d-a5b460ff6848,CUST_01268,2025-11-05,feature,I need the ability to set recurring transactions.,open,medium,6.0
6977d3cf-dd91-4a27-b9fe-800ac90c9e8f,CUST_01268,2026-02-10,technical,Reports are not loading and just show a blank screen.,pending,high,11.0
17ea2a9f-1e2e-4a53-94fd-fccb28f101d6,CUST_01268,2026-01-25,technical,Reports are not loading and just show a blank screen.,resolved,medium,
a898ce95-e7c5-4fe5-9fa5-cc84310a4957,CUST_01269,2025-05-15,account,I need to update my business address and tax ID.,open,high,
3d54375a-2d20-4c51-aef9-fa92f23f2e7f,CUST_01269,2025-12-15,technical,My bank connection keeps disconnecting every few days.,pending,low,6.0
fc2e72dd-caeb-41cc-9b5b-1cd3aa58fbfd,CUST_01270,2026-04-28,billing,Why did my subscription price increase without notice?,pending,medium,5.0
4a0608d3-0144-4729-b7d8-4dcbdf21d0ab,CUST_01270,2026-01-22,billing,Why did my subscription price increase without notice?,open,medium,6.0
cd2d35ba-4d77-4094-9a91-0c76c303edb1,CUST_01270,2025-06-03,feature,I need the ability to set recurring transactions.,resolved,low,4.0
189e31d2-26b8-43b5-a2cb-59643581c45a,CUST_01270,2025-08-11,feature,Can you add support for multiple currencies?,pending,low,
6ab9742a-cfab-4b8a-9152-8f0c8a17d33e,CUST_01271,2025-05-07,billing,Why did my subscription price increase without notice?,resolved,low,14.0
7ef58497-e8f8-4114-b756-40712f0c18d7,CUST_01272,2026-02-12,billing,"My invoice shows the wrong amount, please help.",pending,high,13.0
2d2b3797-a345-4c11-98a3-af06a67c8c1d,CUST_01272,2026-03-09,account,How do I export all my data before cancelling?,pending,high,7.0
fff1718a-3697-4679-885f-3d9a3fa62465,CUST_01272,2026-05-08,technical,My bank connection keeps disconnecting every few days.,open,high,
96d3bf1c-9669-4716-b45c-3e3df27644d9,CUST_01272,2025-12-31,feature,Can you add support for multiple currencies?,open,medium,3.0
c9c391be-0bc5-4b21-a635-8d22475fad2f,CUST_01272,2025-12-04,feature,Can you add support for multiple currencies?,open,low,1.0
f1ffefee-56ad-44a9-8b12-2392dcb6954e,CUST_01272,2026-04-15,account,Can I downgrade my plan and keep my data?,pending,low,9.0
e4a60130-dacd-4868-81bb-67e2748c0943,CUST_01273,2025-11-21,feature,Can you add support for multiple currencies?,open,low,9.0
6e537df1-c19b-41e0-a054-689c7ba4b710,CUST_01273,2026-02-24,technical,Reports are not loading and just show a blank screen.,pending,medium,14.0
4d1b24d3-658e-425d-9805-dcaae90af390,CUST_01274,2026-03-22,account,How do I export all my data before cancelling?,open,medium,12.0
7520e066-bd66-4eaa-be5d-f44c35881499,CUST_01276,2025-11-20,account,How do I export all my data before cancelling?,open,medium,9.0
c97237d9-9b89-4c90-8035-fb3487ff75e7,CUST_01276,2025-07-09,account,I need to update my business address and tax ID.,pending,medium,14.0
704f7caf-ec71-4db0-943c-8332040757bb,CUST_01276,2025-11-24,billing,Why did my subscription price increase without notice?,pending,low,9.0
730ebcfa-4c40-4ed3-9ef0-863af8322ede,CUST_01277,2025-07-25,technical,My bank connection keeps disconnecting every few days.,resolved,low,
1b79d61f-b711-4c5f-bc93-a89f6f7d0dad,CUST_01277,2025-11-21,technical,Reports are not loading and just show a blank screen.,open,low,6.0
85819d73-5829-4d08-ae48-3b52afb3bd65,CUST_01277,2025-11-23,technical,Reports are not loading and just show a blank screen.,pending,medium,12.0
e593147f-c9e4-4cbf-b6b5-31436e4bfc98,CUST_01277,2025-11-03,account,I need to update my business address and tax ID.,resolved,medium,3.0
c047826b-8cc5-414d-9977-fc612b16c118,CUST_01278,2026-01-05,technical,The app crashes every time I try to run payroll.,open,high,10.0
8d1e7bf8-de2b-41b4-a1c2-3597a7cc1f60,CUST_01278,2026-04-28,feature,Is there a way to export data to Excel automatically?,pending,high,12.0
7ddfc09b-48bc-42d3-9f85-8f490ba06c38,CUST_01278,2025-10-28,feature,Can you add support for multiple currencies?,resolved,high,4.0
0ab7cb82-e227-4e05-89b0-f3f6c0f0d66e,CUST_01279,2025-11-16,account,I need to update my business address and tax ID.,resolved,high,1.0
a0ccfb57-be7a-442a-a809-c418fa50a040,CUST_01280,2026-04-05,account,How do I export all my data before cancelling?,resolved,high,5.0
b0f3c442-4b2d-4cfc-91be-bd0fb5d9eed6,CUST_01280,2026-04-01,account,How do I export all my data before cancelling?,pending,low,
39a7731f-1f6d-47df-8c35-b5338e8d7eef,CUST_01280,2026-04-12,account,I need to update my business address and tax ID.,pending,low,10.0
f0077844-566c-4abe-94f8-ddbb9c7b3aa3,CUST_01281,2025-09-21,account,I need to update my business address and tax ID.,pending,high,7.0
17f655fb-1e38-4a06-847a-59236871d725,CUST_01282,2026-05-18,account,How do I add a second user to my account?,open,low,6.0
832d7811-5873-4a8c-88b1-e5696688c72b,CUST_01282,2025-11-25,billing,I was charged twice this month and need a refund immediately.,resolved,high,10.0
78f24f50-4b8e-4eb4-8f5e-fcaa283d2ca4,CUST_01282,2025-12-26,feature,Please add a dark mode to the dashboard.,open,medium,
79253cc0-b6fc-4982-9fb8-68bbcf7839fe,CUST_01282,2026-03-25,billing,"My invoice shows the wrong amount, please help.",resolved,high,14.0
af7ab413-c92f-439d-a13b-e431b6bea006,CUST_01283,2026-05-16,technical,The app crashes every time I try to run payroll.,open,high,
6fe35d32-51f0-444e-b142-e3e6319d77d2,CUST_01285,2026-02-04,feature,Please add a dark mode to the dashboard.,resolved,medium,
4b8abcb9-099e-4688-a41a-88c312f77cd4,CUST_01286,2025-11-29,feature,I need the ability to set recurring transactions.,pending,high,
00714b20-4432-495d-a77c-7d5669998f7f,CUST_01286,2026-05-11,billing,I was charged twice this month and need a refund immediately.,open,low,11.0
c41a2ab6-36c2-4659-8ccc-98f067a0be3e,CUST_01286,2026-03-07,billing,Why did my subscription price increase without notice?,resolved,medium,12.0
17f6490a-4cbe-4ba8-b815-7beb18bb41e9,CUST_01286,2026-01-28,billing,I was charged twice this month and need a refund immediately.,resolved,low,11.0
eee6a7d9-ea11-467c-9b28-44214855abe3,CUST_01286,2025-11-28,technical,"I cannot log in to my account, password reset is not working.",resolved,high,
63558571-2bdf-4d90-a5f0-92be10eddcce,CUST_01286,2026-02-10,feature,Can you add support for multiple currencies?,pending,high,12.0
ea96bdd5-908a-4803-a860-477c431e4dcd,CUST_01286,2025-12-10,technical,"I cannot log in to my account, password reset is not working.",open,medium,1.0
880d6537-4470-4da0-a703-6861872054ac,CUST_01287,2025-08-01,account,How do I export all my data before cancelling?,pending,high,
fecc0b89-0c6b-4126-a01c-139431704c5e,CUST_01287,2026-05-17,feature,Is there a way to export data to Excel automatically?,open,high,2.0
47fb48a3-ca78-4556-a54d-095486385f32,CUST_01287,2026-05-15,technical,"I cannot log in to my account, password reset is not working.",pending,high,7.0
1c5df156-95fd-4b60-84d7-47d23cf71d8f,CUST_01288,2025-03-19,account,Can I downgrade my plan and keep my data?,open,medium,13.0
78982fa2-0e44-4125-8a61-3a7fff273825,CUST_01288,2025-12-02,billing,"My invoice shows the wrong amount, please help.",resolved,low,3.0
22fd89f6-a37f-47d0-94b0-1e17b36ea7d1,CUST_01288,2025-10-25,account,How do I add a second user to my account?,open,medium,1.0
3e0f5c34-a6ae-4a13-bd57-3e6ab2e15141,CUST_01289,2025-08-13,feature,Please add a dark mode to the dashboard.,resolved,medium,12.0
cf27cd8e-648a-41ed-8b81-972dd32eaf90,CUST_01289,2026-05-05,billing,"My invoice shows the wrong amount, please help.",open,medium,11.0
931d5b92-d963-40f0-a078-4a7795abc998,CUST_01291,2026-05-06,billing,Why did my subscription price increase without notice?,open,medium,6.0
2315ba68-9817-42f6-901a-d6e4d297b5c7,CUST_01291,2025-08-23,feature,I need the ability to set recurring transactions.,resolved,low,
6f43f23c-2bbd-446a-afe4-febd0e32ed0d,CUST_01291,2026-02-09,account,How do I add a second user to my account?,pending,low,6.0
795f8b65-1ea2-4eb3-ae23-419251a9e8ab,CUST_01291,2026-01-04,technical,The app crashes every time I try to run payroll.,open,high,1.0
419eb821-8959-42af-a250-9547702bda9a,CUST_01292,2026-05-14,technical,The app crashes every time I try to run payroll.,pending,low,9.0
d4b0c1da-66bf-4bf0-a950-175fd761177c,CUST_01293,2025-09-30,billing,Why did my subscription price increase without notice?,pending,high,9.0
cd0215b1-6116-48b2-9201-b49673426b1c,CUST_01293,2025-04-28,account,How do I add a second user to my account?,resolved,low,
e007209a-a1c9-48ed-bb72-96964580371a,CUST_01293,2026-02-06,technical,My bank connection keeps disconnecting every few days.,pending,high,4.0
c4be635d-e627-4738-a472-34fc6d75194b,CUST_01294,2026-02-15,billing,Why did my subscription price increase without notice?,open,low,4.0
08351718-c244-439a-b30b-4bc481c5b5e5,CUST_01294,2026-03-28,account,I need to update my business address and tax ID.,resolved,medium,6.0
b813442f-4804-4c80-942f-abaeea4f72f4,CUST_01295,2025-10-06,billing,"My invoice shows the wrong amount, please help.",open,high,12.0
d466aaa2-372a-4855-9c71-32b84dee6529,CUST_01296,2026-02-20,technical,"I cannot log in to my account, password reset is not working.",open,high,3.0
c8517ff3-e003-4a10-badd-b298f60d2e66,CUST_01296,2026-01-19,account,I need to update my business address and tax ID.,pending,high,12.0
8003c4a9-1418-4a25-a050-b100ec5b167d,CUST_01296,2025-10-27,billing,I was charged twice this month and need a refund immediately.,pending,high,14.0
492ec7bf-e5aa-4ab9-bd53-833ad7ac85c7,CUST_01296,2025-06-09,account,Can I downgrade my plan and keep my data?,resolved,high,
76bc9fd3-4c00-418f-9701-078a4b5ca114,CUST_01296,2025-12-09,technical,"I cannot log in to my account, password reset is not working.",resolved,medium,14.0
31b36b16-1561-42e4-985d-51731b72f4c4,CUST_01296,2025-06-29,technical,The app crashes every time I try to run payroll.,resolved,high,8.0
86378886-7321-4e4a-a835-ec0592385e2c,CUST_01296,2025-07-28,billing,I was charged twice this month and need a refund immediately.,pending,high,13.0
76a34173-d0be-4ef9-8e4a-a6802dc6e53d,CUST_01296,2025-06-04,feature,I need the ability to set recurring transactions.,pending,medium,5.0
dfdbc99a-2507-48c9-9de1-acfcd4de8bf6,CUST_01297,2026-04-16,billing,Why did my subscription price increase without notice?,open,high,
e6174ae3-6ec9-4cbf-a1f6-a3789ff46ede,CUST_01297,2026-02-18,billing,Why did my subscription price increase without notice?,pending,high,9.0
3551eca4-a13a-4860-93c0-4225a3890cab,CUST_01297,2026-03-08,account,I need to update my business address and tax ID.,open,high,11.0
1e5b4059-793e-4d4e-aab9-91a57e094c02,CUST_01297,2026-03-22,technical,"I cannot log in to my account, password reset is not working.",open,high,10.0
d31ccc04-98d2-45d9-9200-fb7e40fd31ef,CUST_01299,2025-09-19,technical,My bank connection keeps disconnecting every few days.,resolved,low,4.0
363709a7-3c9c-4f44-b98a-cbf27215a893,CUST_01299,2025-08-14,account,Can I downgrade my plan and keep my data?,pending,medium,
fde27f1f-8cad-4ac6-a456-bef674c27e77,CUST_01299,2025-10-11,feature,I need the ability to set recurring transactions.,open,high,
debe2521-b8f4-4cfc-b9fd-2e1636433dc2,CUST_01299,2026-04-30,billing,I was charged twice this month and need a refund immediately.,pending,high,7.0
d0c5f280-df42-426d-b71b-d1cf98ad696a,CUST_01300,2026-05-11,billing,Why did my subscription price increase without notice?,resolved,low,7.0
9cfe7b51-61be-4864-84a9-4bb8486d0cf5,CUST_01301,2026-04-24,technical,"I cannot log in to my account, password reset is not working.",resolved,high,11.0
3ed7d6c2-e1d4-4a90-b904-0104be054952,CUST_01301,2025-01-20,billing,Why did my subscription price increase without notice?,open,high,14.0
5431a28b-ea09-4aec-89c2-5fc4731cf5a6,CUST_01302,2026-03-03,feature,Please add a dark mode to the dashboard.,resolved,high,8.0
43661c97-b7d4-468a-8ab7-40751a762d11,CUST_01302,2026-04-27,technical,The app crashes every time I try to run payroll.,open,medium,4.0
d5ab0130-030e-4382-9cd7-85f35de6cc90,CUST_01302,2026-02-12,billing,I was charged twice this month and need a refund immediately.,pending,high,13.0
834a435d-d39a-4a2d-90a7-3b90e5e3fec2,CUST_01303,2025-12-22,feature,Is there a way to export data to Excel automatically?,resolved,low,5.0
2b5c4fca-9360-49aa-8080-a32db1ade5d8,CUST_01303,2025-12-26,account,Can I downgrade my plan and keep my data?,resolved,high,11.0
5ce60f85-9936-4f7f-9dd5-080b5e4391cd,CUST_01303,2026-03-13,billing,I cancelled but was still billed. Please reverse this charge.,pending,medium,10.0
e70c2f59-60b2-4d47-9f63-ffda35a60da3,CUST_01304,2026-05-02,billing,I was charged twice this month and need a refund immediately.,pending,high,14.0
36f94795-585e-4c02-a379-5b14fcef2f66,CUST_01305,2024-08-14,account,Can I downgrade my plan and keep my data?,pending,high,12.0
2babd336-9915-4d1f-8c0d-dc0b4d0b40e5,CUST_01305,2025-10-02,technical,"I cannot log in to my account, password reset is not working.",pending,low,5.0
ad7af2db-8ba0-4279-b6d1-d7da0108a396,CUST_01305,2025-07-20,feature,I need the ability to set recurring transactions.,pending,low,
c66e13bc-982f-41cd-ad64-a30674d2ae77,CUST_01309,2026-01-01,account,I need to update my business address and tax ID.,open,high,1.0
0225ab45-5601-4719-8246-444e4059d45f,CUST_01309,2025-07-25,account,Can I downgrade my plan and keep my data?,pending,high,12.0
0c071a0e-087e-46aa-9976-9fafcba117f3,CUST_01309,2026-03-06,feature,Can you add support for multiple currencies?,pending,medium,5.0
ff566966-e489-49a6-a5d6-371e7f8215df,CUST_01309,2026-05-17,feature,Can you add support for multiple currencies?,pending,low,
20491a9a-1fba-4818-b731-0ce95b943ce4,CUST_01309,2026-01-29,account,I need to update my business address and tax ID.,open,low,1.0
6542f8e8-106d-4560-b697-7fe604b40639,CUST_01309,2025-06-10,account,I need to update my business address and tax ID.,resolved,high,9.0
eb41ac0e-dff7-47bd-8888-603b1143eb1a,CUST_01310,2024-11-01,technical,The app crashes every time I try to run payroll.,pending,high,13.0
5db4f35a-a1ed-4704-8352-0cabeedaaf0b,CUST_01310,2025-04-04,account,Can I downgrade my plan and keep my data?,resolved,low,14.0
d1edc6a5-d8dd-490a-868b-7fd22e054f24,CUST_01313,2026-02-19,feature,Please add a dark mode to the dashboard.,open,high,6.0
e328e648-0ab8-4334-8d79-69ef0a0583c1,CUST_01313,2026-05-02,billing,"My invoice shows the wrong amount, please help.",pending,low,4.0
77606bbf-ed69-463b-80db-3196766a5bd4,CUST_01313,2026-05-14,account,Can I downgrade my plan and keep my data?,open,low,5.0
47f2eeb0-75d5-4e16-ba76-5e478a72105f,CUST_01313,2026-03-04,billing,"My invoice shows the wrong amount, please help.",open,low,
21c400d3-080b-4ea9-b3f9-d21c662d204d,CUST_01315,2026-04-28,feature,Please add a dark mode to the dashboard.,pending,low,1.0
9dd9e06a-dde3-444d-bb60-ed42b367181d,CUST_01315,2026-05-11,billing,"My invoice shows the wrong amount, please help.",open,high,14.0
608531e6-e0b4-4862-8462-e28b66de85dd,CUST_01317,2025-10-30,feature,Is there a way to export data to Excel automatically?,pending,low,13.0
de9aa51b-af3b-4d69-b7cb-ff1d9ce72189,CUST_01317,2026-01-27,billing,"My invoice shows the wrong amount, please help.",open,medium,
a4071a0f-6946-43db-9042-06f53789fd99,CUST_01318,2026-03-14,account,How do I add a second user to my account?,pending,high,3.0
f907482c-04c2-4c17-a54c-5a2b6047499f,CUST_01318,2026-03-22,technical,The app crashes every time I try to run payroll.,pending,medium,
37fb4dd8-9ec6-4d6c-af1a-4f203bcb0d16,CUST_01318,2026-04-11,account,How do I add a second user to my account?,open,high,4.0
6a91adae-aa9a-4e4b-9d54-e60861338ad6,CUST_01318,2026-03-21,billing,"My invoice shows the wrong amount, please help.",pending,high,2.0
5ef2d445-c9df-497b-871d-e6f132be393c,CUST_01319,2026-04-03,technical,"I cannot log in to my account, password reset is not working.",resolved,low,10.0
b130de5b-99f8-4a07-8376-e542d741eb75,CUST_01319,2026-05-12,feature,Please add a dark mode to the dashboard.,open,medium,2.0
ddafff44-aa8e-4e0e-b240-2801c025871e,CUST_01319,2025-12-08,technical,The app crashes every time I try to run payroll.,pending,low,7.0
c543896c-b8ed-418d-b610-a7fdd94c4d34,CUST_01320,2026-03-05,account,How do I export all my data before cancelling?,pending,high,11.0
f2c25d2e-7e33-4137-9352-b0d0363e6d84,CUST_01320,2026-01-08,technical,Reports are not loading and just show a blank screen.,open,high,8.0
6000d9eb-6f0a-4369-a5d5-22e11168b2d8,CUST_01320,2026-03-14,account,How do I export all my data before cancelling?,pending,low,3.0
7249909a-fdc2-404b-afe3-48710e56cb8d,CUST_01321,2026-03-07,billing,I cancelled but was still billed. Please reverse this charge.,pending,high,1.0
5b5858e8-7af0-42c5-b0bd-5579bc0ce2ce,CUST_01321,2025-12-29,technical,"I cannot log in to my account, password reset is not working.",pending,low,11.0
24b5f3fa-7c24-4479-b488-bfbc8da4cfb2,CUST_01321,2026-03-09,account,How do I export all my data before cancelling?,resolved,high,8.0
f0b11842-590d-44cc-a891-db659fe88e5a,CUST_01322,2024-12-03,technical,"I cannot log in to my account, password reset is not working.",open,medium,7.0
36de2951-a9cb-4041-a88e-c47cc4a74ee4,CUST_01323,2026-01-06,billing,I was charged twice this month and need a refund immediately.,resolved,high,13.0
306c2329-6f27-4806-80d3-11f52596f94e,CUST_01323,2026-04-29,billing,"My invoice shows the wrong amount, please help.",open,high,3.0
006513bd-9f63-4690-b9cb-dccce11e962b,CUST_01323,2025-06-10,technical,"I cannot log in to my account, password reset is not working.",open,low,3.0
58289eed-1640-4ee3-b8ab-122b048f1a5e,CUST_01325,2025-07-04,billing,I cancelled but was still billed. Please reverse this charge.,pending,low,11.0
ff99e777-786d-46aa-89c0-14c70d6b9477,CUST_01325,2026-03-17,account,Can I downgrade my plan and keep my data?,resolved,low,1.0
85d3c01e-a0e1-46bd-9f96-4645fc85b1c4,CUST_01325,2025-02-13,billing,I cancelled but was still billed. Please reverse this charge.,resolved,high,7.0
10f7dcf1-fde9-4fc2-a57b-15c3958fc2da,CUST_01325,2025-04-14,technical,Reports are not loading and just show a blank screen.,pending,low,
dda14510-48e9-4d8b-b272-6b891fdd32cc,CUST_01326,2026-04-04,feature,Is there a way to export data to Excel automatically?,resolved,low,
5b4d4e27-79c6-4096-8bce-b95771303cb8,CUST_01326,2026-02-05,account,I need to update my business address and tax ID.,pending,low,6.0
29a7f382-4f2e-4678-9938-efd19398a184,CUST_01326,2026-04-12,feature,Please add a dark mode to the dashboard.,pending,low,1.0
dce6f362-ee26-447e-81e7-306159904891,CUST_01327,2025-12-17,feature,Is there a way to export data to Excel automatically?,pending,low,5.0
c54a0206-f2de-4a6a-9ee9-73d3c14e9f23,CUST_01327,2026-01-15,billing,"My invoice shows the wrong amount, please help.",resolved,medium,3.0
96df633f-6d2c-4147-9b99-d26f973af982,CUST_01327,2025-11-11,account,Can I downgrade my plan and keep my data?,resolved,medium,1.0
190ca850-94c9-4090-a287-fa197d8c5730,CUST_01328,2026-04-05,account,Can I downgrade my plan and keep my data?,resolved,high,11.0
741d22d7-93d6-4d0b-a171-a794dc238db7,CUST_01329,2026-02-19,billing,"My invoice shows the wrong amount, please help.",open,medium,4.0
bba72782-93fa-479c-95eb-9da3797fac0f,CUST_01329,2025-12-31,account,How do I add a second user to my account?,resolved,medium,
17657093-8e7a-41d4-8e36-3fcbf1c3405e,CUST_01329,2026-01-29,technical,My bank connection keeps disconnecting every few days.,resolved,medium,4.0
9577a010-dbf1-4dc0-871d-ffd69ba78a10,CUST_01329,2026-01-21,feature,Is there a way to export data to Excel automatically?,pending,low,11.0
8c4d3c6e-d9d6-4a4c-b6f3-78b50d39f7b4,CUST_01330,2026-01-31,feature,Please add a dark mode to the dashboard.,pending,low,3.0
73baf30f-b8dc-40c8-bcc6-9e0c8ad19585,CUST_01331,2025-04-26,billing,Why did my subscription price increase without notice?,resolved,low,
9474e445-0ce3-4894-8f23-2b81a50d5343,CUST_01333,2025-09-05,account,I need to update my business address and tax ID.,resolved,medium,3.0
1c63e28a-c4c2-47f7-813d-e268b6b220c3,CUST_01334,2025-09-22,technical,"I cannot log in to my account, password reset is not working.",resolved,low,5.0
4b872077-3959-46bf-a8ef-01401a4f0992,CUST_01335,2025-08-27,account,Can I downgrade my plan and keep my data?,resolved,high,12.0
f36bb395-915a-456c-bee2-b0c8b5f24659,CUST_01335,2026-01-16,billing,I cancelled but was still billed. Please reverse this charge.,open,high,7.0
ea583733-8eed-4ebf-96cb-dce49b9a6053,CUST_01335,2025-11-18,technical,Reports are not loading and just show a blank screen.,pending,medium,4.0
07d4265c-0f8f-4cc7-ba2a-4763dc128474,CUST_01336,2025-08-17,technical,My bank connection keeps disconnecting every few days.,pending,high,8.0
31478859-678d-4d2d-90f6-daa59fe5fcb5,CUST_01336,2025-03-09,account,How do I add a second user to my account?,pending,high,11.0
23dcb1a3-860f-4a99-800a-2a05a5461faa,CUST_01336,2026-05-14,feature,I need the ability to set recurring transactions.,pending,high,14.0
a3683643-5eeb-4125-9625-7924b6f7ba0f,CUST_01336,2025-06-20,technical,My bank connection keeps disconnecting every few days.,pending,high,9.0
cb170c8a-3663-4175-8edb-0998973d20ff,CUST_01337,2026-04-21,technical,My bank connection keeps disconnecting every few days.,open,low,
b2ef077f-ad44-4bc1-be7c-43dd17f65bb7,CUST_01337,2025-10-01,billing,Why did my subscription price increase without notice?,pending,high,9.0
b971f175-75e0-4fed-a044-55dd6a1a5315,CUST_01337,2026-04-06,technical,My bank connection keeps disconnecting every few days.,pending,low,7.0
c4012600-0e6a-4c5c-99f4-7551f7d7a045,CUST_01337,2025-10-18,account,How do I add a second user to my account?,open,medium,
c64bf57c-9ad5-4d99-bf35-8e15d71fdf60,CUST_01338,2026-03-07,technical,Reports are not loading and just show a blank screen.,resolved,high,
4b2d6b1f-bf54-4a90-8d25-9ff9c08605f5,CUST_01339,2026-03-26,feature,Can you add support for multiple currencies?,pending,low,
9dddc193-f7cf-4152-baeb-96fe971d2172,CUST_01339,2026-05-02,technical,The app crashes every time I try to run payroll.,resolved,medium,1.0
bc1df180-b55d-4632-8abb-9c7c8a2b5d41,CUST_01339,2026-01-30,billing,Why did my subscription price increase without notice?,pending,high,
8c52e54a-49d9-4744-9b7c-1ce8e088562e,CUST_01339,2025-12-22,feature,Is there a way to export data to Excel automatically?,resolved,medium,6.0
9123a839-90e1-4437-a70e-099a7ef249a0,CUST_01339,2026-03-22,billing,Why did my subscription price increase without notice?,resolved,medium,7.0
1c35f38a-e314-4744-bb17-4329fea8a18f,CUST_01339,2025-08-17,billing,I cancelled but was still billed. Please reverse this charge.,pending,high,6.0
c4255bf5-3758-483b-8402-83b0cd9ae5fa,CUST_01339,2025-09-24,feature,Please add a dark mode to the dashboard.,resolved,high,13.0
19cf0835-31c1-4af1-ae6b-9b95ccca5e97,CUST_01339,2025-12-03,account,How do I add a second user to my account?,open,high,10.0
58ad1c46-8e50-4e4a-84d7-1a34167ad879,CUST_01340,2026-04-19,feature,Can you add support for multiple currencies?,resolved,low,13.0
2dac0e10-7efc-41a1-aec9-7527dc353d0d,CUST_01340,2026-01-18,technical,Reports are not loading and just show a blank screen.,resolved,medium,6.0
7d546038-edcf-42b7-adba-24fc9e9d8707,CUST_01340,2026-01-30,feature,Can you add support for multiple currencies?,resolved,medium,9.0
a16f240f-af8d-4383-aebf-ec3f09cf89bd,CUST_01340,2026-03-01,account,Can I downgrade my plan and keep my data?,open,high,
960b9aca-6a73-4ba4-b6aa-d4e619e6393f,CUST_01341,2026-05-18,feature,Is there a way to export data to Excel automatically?,pending,low,7.0
8b55d119-de56-447d-9fe2-380838f472ad,CUST_01341,2026-04-23,technical,Reports are not loading and just show a blank screen.,open,low,3.0
f76194a7-97df-4be4-8300-08efcf956ced,CUST_01341,2026-05-05,feature,Is there a way to export data to Excel automatically?,open,medium,13.0
7d810485-307b-4b30-9a63-1e6c62528505,CUST_01341,2026-05-09,billing,Why did my subscription price increase without notice?,pending,medium,
08f4b2f2-41ce-49cc-a25e-819d607affd6,CUST_01342,2024-12-06,account,How do I export all my data before cancelling?,open,high,1.0
c42cad04-403b-4f92-9ae8-16f7bc95c55d,CUST_01343,2025-10-26,technical,The app crashes every time I try to run payroll.,resolved,medium,1.0
b6d7aa86-ffa6-4f45-b8dc-7e27334e030c,CUST_01343,2026-04-18,account,How do I add a second user to my account?,resolved,low,6.0
29550296-a8d8-4ba3-8a79-515fdda589b3,CUST_01343,2026-04-10,account,How do I export all my data before cancelling?,open,medium,8.0
ba997b97-00b7-4434-9ea0-6f0cbf98bb61,CUST_01344,2026-03-30,billing,I cancelled but was still billed. Please reverse this charge.,resolved,medium,11.0
c5b6d8b9-ce5e-4ef5-b316-5c71188e6a6e,CUST_01347,2025-06-13,technical,My bank connection keeps disconnecting every few days.,pending,low,1.0
c1cd47b0-f337-4d67-9685-14ca4c974c87,CUST_01348,2025-09-27,account,How do I add a second user to my account?,resolved,medium,10.0
18e8caa2-0f00-423e-b19b-edfe20c8f604,CUST_01349,2025-10-21,billing,I cancelled but was still billed. Please reverse this charge.,resolved,medium,1.0
19e51545-1e16-432c-98bc-4cb3cf6768fa,CUST_01349,2025-11-15,account,Can I downgrade my plan and keep my data?,open,high,9.0
390aecbc-9097-4327-8c2b-738fee8b738e,CUST_01349,2025-11-10,feature,Please add a dark mode to the dashboard.,pending,low,14.0
440c5bea-d638-4339-9dcc-f7b10ba12718,CUST_01350,2026-02-16,account,How do I add a second user to my account?,resolved,high,8.0
6a64222f-c024-4ce9-816f-a74c58581725,CUST_01350,2026-04-23,technical,The app crashes every time I try to run payroll.,open,high,5.0
a4b65f8f-6014-484b-bafc-f9113949ddb5,CUST_01350,2025-12-28,technical,The app crashes every time I try to run payroll.,open,high,9.0
8bfe0899-5928-4da0-a12e-b74f3a1d3438,CUST_01350,2025-11-17,feature,Can you add support for multiple currencies?,pending,high,5.0
a4c93ca8-0aa3-4734-87b5-a5c45815834e,CUST_01350,2026-05-09,account,I need to update my business address and tax ID.,pending,low,2.0
18c9dc2c-07d4-4a2a-b5be-65b7cdc2fc58,CUST_01350,2026-01-29,feature,Is there a way to export data to Excel automatically?,resolved,high,8.0
8271c5f8-1bfb-4ea3-8eda-1eda30b96111,CUST_01350,2026-03-28,billing,"My invoice shows the wrong amount, please help.",resolved,medium,5.0
b44cc479-b2c5-4f0d-8e7f-5fb9f919108c,CUST_01351,2026-03-11,feature,Can you add support for multiple currencies?,resolved,high,1.0
0a60d09f-93ef-49e0-ba50-740147eea637,CUST_01351,2025-09-04,feature,Is there a way to export data to Excel automatically?,open,high,14.0
5b323bed-89ba-44df-8852-0b394a564f62,CUST_01351,2026-03-28,technical,"I cannot log in to my account, password reset is not working.",open,medium,13.0
e3df4338-19e8-4bd4-9041-11f2cf3c9a9d,CUST_01352,2026-04-26,technical,My bank connection keeps disconnecting every few days.,open,medium,14.0
438277f4-8677-4215-a5e5-2e3f1494c8f5,CUST_01352,2026-01-06,billing,Why did my subscription price increase without notice?,open,high,14.0
c1adffdb-0a81-4949-bc19-f9ca9f9ae340,CUST_01352,2025-06-13,account,How do I export all my data before cancelling?,resolved,low,10.0
e578c1ba-87a5-46cd-899e-1a533f4a9f9f,CUST_01352,2026-05-16,account,How do I add a second user to my account?,pending,medium,9.0
85b80f41-1527-4534-8c02-8cd1039984f7,CUST_01353,2026-01-02,billing,"My invoice shows the wrong amount, please help.",pending,high,
e4a0901c-0226-4f45-823d-3d2b5b9676eb,CUST_01353,2025-11-13,account,How do I export all my data before cancelling?,open,low,6.0
f3cb51a8-7e34-4ff6-8be3-a765a2246a96,CUST_01353,2025-12-29,feature,Can you add support for multiple currencies?,resolved,medium,5.0
79384d74-096b-4fe3-a33e-05fa89df39f9,CUST_01354,2026-04-21,feature,Can you add support for multiple currencies?,open,high,7.0
74dc96c5-66f4-4702-b360-e02ce2dff953,CUST_01354,2026-05-14,technical,My bank connection keeps disconnecting every few days.,pending,low,13.0
4251976d-a64a-4280-be63-f4ef3eec766b,CUST_01354,2026-04-17,billing,"My invoice shows the wrong amount, please help.",open,low,
7133b192-8c38-49b5-94e1-e435a2ec8562,CUST_01354,2026-04-24,account,How do I export all my data before cancelling?,pending,medium,11.0
f4aa2254-40cf-4263-8de0-975fe81bee25,CUST_01355,2025-02-16,technical,The app crashes every time I try to run payroll.,resolved,high,
75d8b6ec-3795-40a1-bf6f-e88496b71632,CUST_01355,2025-01-30,technical,The app crashes every time I try to run payroll.,pending,medium,11.0
98dd122c-c3d7-4d92-8993-1c1edcf03012,CUST_01357,2025-12-06,account,How do I export all my data before cancelling?,resolved,low,2.0
cb2621d6-8fb9-4366-a428-1c9cc5aff4af,CUST_01357,2025-01-30,feature,Is there a way to export data to Excel automatically?,resolved,high,8.0
70dee70c-b2f1-4bfb-9198-dcc10b0bce75,CUST_01357,2024-11-15,billing,"My invoice shows the wrong amount, please help.",open,low,13.0
b1838305-46b6-4929-aba6-b2c29db350ad,CUST_01357,2024-11-13,account,Can I downgrade my plan and keep my data?,resolved,low,
bc8139c8-d968-4a70-9def-3ebd04cdead8,CUST_01358,2024-12-25,feature,Is there a way to export data to Excel automatically?,resolved,low,
48c3770e-33c0-4861-aacb-b8e20aad2796,CUST_01358,2026-01-27,billing,I was charged twice this month and need a refund immediately.,resolved,high,
eb6a0557-24a9-4d5e-8c76-22e55f97bba2,CUST_01359,2025-08-20,account,I need to update my business address and tax ID.,open,high,14.0
6c38f87f-f79c-4e4c-a194-286a8c0e138e,CUST_01359,2025-08-01,feature,Is there a way to export data to Excel automatically?,resolved,medium,4.0
e0a509df-c1ad-4bbd-a282-e6c2564d698a,CUST_01360,2026-01-06,feature,Please add a dark mode to the dashboard.,resolved,high,1.0
bb514cfd-0c52-4706-9e7e-6829b3303184,CUST_01360,2025-10-16,technical,Reports are not loading and just show a blank screen.,open,high,2.0
0ae5922b-eb7e-4a30-93d6-f4b9527526ce,CUST_01361,2025-12-19,technical,"I cannot log in to my account, password reset is not working.",open,low,7.0
d9a5edde-8f93-4bfb-8cd5-16a7d5e75b10,CUST_01361,2025-08-10,technical,"I cannot log in to my account, password reset is not working.",pending,high,11.0
d31c39e8-d917-4db5-8f42-cb02c48f42a1,CUST_01361,2026-01-07,technical,"I cannot log in to my account, password reset is not working.",pending,low,
e5d5448f-3ad6-4a9f-94d3-355b5f3c2223,CUST_01362,2025-10-18,account,How do I export all my data before cancelling?,pending,high,12.0
2a14d909-75cc-4560-b82c-b33b49e0cc9f,CUST_01363,2025-08-07,technical,The app crashes every time I try to run payroll.,resolved,low,
6d09c6b8-ddf4-4716-8f70-e4659f438894,CUST_01363,2025-12-09,technical,The app crashes every time I try to run payroll.,pending,high,1.0
72033e25-3489-4702-8a96-a200c3aeca17,CUST_01365,2026-01-01,account,Can I downgrade my plan and keep my data?,open,low,2.0
d1a38f8e-8abc-489b-84a2-4a7461d6e21b,CUST_01365,2025-07-13,technical,The app crashes every time I try to run payroll.,open,medium,9.0
c942b38c-0174-4517-a2a3-30d95607841f,CUST_01366,2025-12-17,technical,Reports are not loading and just show a blank screen.,open,low,
66383b42-d29b-4632-a0d9-a22764b34891,CUST_01366,2025-10-20,feature,Please add a dark mode to the dashboard.,resolved,low,8.0
5166e8e8-faaf-43d4-9e70-c5a5938019ee,CUST_01366,2025-05-20,technical,The app crashes every time I try to run payroll.,pending,low,12.0
64ee6ab4-c048-4c3e-a38c-973199a66cd9,CUST_01366,2025-05-13,feature,Is there a way to export data to Excel automatically?,pending,high,
6e07d4ee-0189-4014-8a46-9785923928bc,CUST_01367,2026-01-17,technical,My bank connection keeps disconnecting every few days.,resolved,high,13.0
aa793ad2-d149-4d0a-b2f6-e22fbc2303eb,CUST_01367,2026-03-06,account,How do I export all my data before cancelling?,resolved,low,8.0
58e0bb63-be88-4afa-af4d-7544ca3d60a8,CUST_01367,2025-09-26,technical,The app crashes every time I try to run payroll.,pending,high,11.0
4cab4f46-7da8-4637-adcf-e68878c2ea3e,CUST_01368,2025-08-15,technical,"I cannot log in to my account, password reset is not working.",resolved,high,13.0
fe07933c-5d4e-44cc-a642-1ba3ab351bb7,CUST_01368,2026-01-16,billing,Why did my subscription price increase without notice?,pending,high,14.0
1921892e-2d75-44f7-965b-15ad07edc6cc,CUST_01370,2026-03-22,feature,Please add a dark mode to the dashboard.,open,medium,10.0
ce903331-fdd5-4211-93c0-bc047a136aae,CUST_01370,2026-04-21,account,Can I downgrade my plan and keep my data?,pending,low,1.0
868eb7d2-eabd-4ef9-b8f7-d6b7cf00f5f3,CUST_01370,2025-01-11,account,How do I add a second user to my account?,pending,medium,1.0
0f465394-2994-4103-b914-3ae6e8926c56,CUST_01370,2026-03-12,account,I need to update my business address and tax ID.,pending,medium,9.0
5747ea5d-4b88-4e68-ac76-4e7a6afc42e8,CUST_01371,2026-05-02,account,I need to update my business address and tax ID.,resolved,medium,7.0
3c0df406-d4d6-42a8-9402-3789515b028f,CUST_01371,2026-05-15,technical,Reports are not loading and just show a blank screen.,open,low,12.0
af225d26-85a9-4313-9df5-e4c07b6c42e8,CUST_01371,2026-05-05,billing,I cancelled but was still billed. Please reverse this charge.,open,high,2.0
54104cc4-ae5e-4cf2-925d-23bfd3a5c50e,CUST_01371,2026-05-17,technical,Reports are not loading and just show a blank screen.,pending,medium,1.0
981f168d-fb88-4858-927e-c331e7161622,CUST_01371,2026-05-01,technical,The app crashes every time I try to run payroll.,pending,low,1.0
8e0afdb9-ed4b-4779-855d-401cfee72ace,CUST_01371,2026-04-18,account,I need to update my business address and tax ID.,pending,high,3.0
35cf66e9-2ee9-4f3b-be62-3d088d2a998f,CUST_01372,2025-08-30,billing,Why did my subscription price increase without notice?,resolved,medium,11.0
10c6e965-94ab-41d2-bb63-fd21c02207ef,CUST_01372,2025-04-27,feature,Is there a way to export data to Excel automatically?,pending,low,5.0
63e08101-5550-4001-9b9b-12757f15c17c,CUST_01372,2025-07-21,technical,"I cannot log in to my account, password reset is not working.",pending,medium,10.0
785ac55b-dd15-4758-8815-5d278250f0d9,CUST_01373,2026-05-12,technical,"I cannot log in to my account, password reset is not working.",open,low,11.0
eb6d219a-33da-4516-b397-fe495a60b2e4,CUST_01373,2026-05-05,feature,Please add a dark mode to the dashboard.,resolved,low,11.0
78056f2d-caa0-4fca-8fc4-dd0259397f13,CUST_01374,2025-12-26,technical,The app crashes every time I try to run payroll.,resolved,low,1.0
7ea8b111-31ed-428b-8ddb-e68aa6496726,CUST_01374,2026-03-17,billing,I was charged twice this month and need a refund immediately.,open,high,
f002ee07-2ccb-42eb-981b-778b4fc79c82,CUST_01374,2025-10-17,technical,"I cannot log in to my account, password reset is not working.",resolved,high,1.0
cfd4102d-5f1d-4ca2-9156-8732193e11db,CUST_01374,2026-03-19,account,I need to update my business address and tax ID.,pending,medium,2.0
2fd799a6-b6a2-4ffa-9de7-e26e57d5fa97,CUST_01374,2025-08-24,billing,Why did my subscription price increase without notice?,open,high,
688d2b6d-9ed5-4f4b-b2ef-9e202dfb2178,CUST_01374,2026-05-02,technical,The app crashes every time I try to run payroll.,resolved,high,
7947306d-3f94-4ad2-bddf-519458fc280d,CUST_01374,2026-04-30,technical,My bank connection keeps disconnecting every few days.,resolved,high,2.0
4df95b76-21ad-4002-940a-ce4cd5181bed,CUST_01376,2026-04-12,billing,I was charged twice this month and need a refund immediately.,pending,high,
e88fa158-be62-43bb-8335-1cb18de04740,CUST_01376,2026-03-28,account,I need to update my business address and tax ID.,pending,low,3.0
954ae8f4-bd4c-47d9-b38c-f4f7b5f1f3a2,CUST_01376,2026-04-12,feature,Can you add support for multiple currencies?,resolved,high,9.0
3d9b1019-0a91-418a-ac91-0e5f63d59c23,CUST_01376,2026-03-31,feature,Please add a dark mode to the dashboard.,pending,medium,2.0
790cec58-d1bb-4c8b-827b-8c57ff02e2af,CUST_01379,2026-05-16,billing,Why did my subscription price increase without notice?,open,high,12.0
8b037323-ba54-4d85-a5a7-2317b92e4042,CUST_01379,2026-05-06,account,I need to update my business address and tax ID.,pending,low,5.0
e754bc6b-446f-424a-a24f-a5adaa89a8d4,CUST_01380,2025-12-05,feature,Please add a dark mode to the dashboard.,resolved,low,8.0
9c6b2286-0c7e-4ed7-8d6f-7c3443cdaeeb,CUST_01380,2025-08-03,account,How do I add a second user to my account?,pending,high,7.0
39e3991f-77bc-415e-9061-1ca40e27a48f,CUST_01380,2025-07-06,feature,Please add a dark mode to the dashboard.,open,medium,11.0
17716b69-67ae-42e5-b5b9-4ce6d5b11c47,CUST_01381,2026-05-14,account,How do I export all my data before cancelling?,open,medium,14.0
849f21c5-d106-4faa-b1f0-5f2f52b0ec1e,CUST_01381,2026-04-25,billing,"My invoice shows the wrong amount, please help.",resolved,high,6.0
4915ed4a-d4e2-4718-bf52-e8af7df36e20,CUST_01381,2026-05-06,technical,"I cannot log in to my account, password reset is not working.",pending,low,
27d500f5-b23c-4fd0-9346-7db2b9edb838,CUST_01382,2025-07-12,billing,Why did my subscription price increase without notice?,pending,medium,12.0
6e12f623-5818-4761-b622-d06b8939174f,CUST_01382,2025-04-29,account,Can I downgrade my plan and keep my data?,open,high,5.0
aee41f8f-b644-4995-a9dd-36750bcc81a2,CUST_01382,2025-09-28,feature,I need the ability to set recurring transactions.,pending,high,2.0
791921f6-4748-44cf-bac4-6963778a1b3f,CUST_01383,2026-01-28,billing,I cancelled but was still billed. Please reverse this charge.,open,high,1.0
8cc32e81-ab64-4b36-aca0-94cf6052f054,CUST_01383,2026-01-01,feature,Please add a dark mode to the dashboard.,pending,medium,6.0
4b9881c1-d7b4-4ed4-bce2-2c94799ccf6d,CUST_01383,2025-02-24,billing,"My invoice shows the wrong amount, please help.",open,medium,4.0
2cef5142-e2f2-4312-9b23-4d0a47339da0,CUST_01384,2026-05-07,technical,My bank connection keeps disconnecting every few days.,resolved,low,9.0
6a0963a2-e36b-4795-828b-5a4708c1654b,CUST_01384,2026-03-27,account,How do I add a second user to my account?,open,high,
9c137961-53cc-4e42-a5a2-af58a7e14277,CUST_01384,2025-10-04,feature,Please add a dark mode to the dashboard.,resolved,high,5.0
65f31efb-336f-4aa9-91df-889295b62ffc,CUST_01385,2024-11-05,account,How do I export all my data before cancelling?,open,medium,10.0
10dd7541-8e3f-4010-bc07-99705ca36c4e,CUST_01385,2025-06-11,billing,Why did my subscription price increase without notice?,open,high,13.0
c40741f1-13e0-4554-b77c-1639e73b9e86,CUST_01385,2025-09-21,account,How do I add a second user to my account?,pending,high,
68c1d51f-4a11-40fc-ab0d-87da21fd0c40,CUST_01385,2025-03-14,technical,My bank connection keeps disconnecting every few days.,resolved,high,8.0
a59ff4ca-296b-4ea8-98cb-7fe645b18f8d,CUST_01386,2026-01-02,feature,Please add a dark mode to the dashboard.,resolved,high,8.0
f33858d6-3707-4c08-8771-608ba5fa60a9,CUST_01386,2026-05-13,account,How do I export all my data before cancelling?,pending,high,1.0
124f28e9-a697-4434-bc78-64b1e82e6089,CUST_01386,2025-11-15,account,I need to update my business address and tax ID.,open,high,
dfddcd67-786a-4ecb-9c91-5a01494b1cc7,CUST_01386,2026-01-12,billing,I cancelled but was still billed. Please reverse this charge.,open,medium,12.0
6d8e8d86-b50a-4790-8a80-e6b535174dd6,CUST_01386,2026-03-03,account,How do I export all my data before cancelling?,resolved,low,10.0
d802583b-4e27-46ec-b646-8c0ca6f91b12,CUST_01386,2026-04-14,technical,The app crashes every time I try to run payroll.,pending,low,10.0
c4c14ca1-9e2c-41ec-82f3-ca27eb8c3c96,CUST_01386,2026-03-15,account,How do I export all my data before cancelling?,pending,medium,
9ea9e267-d232-46a3-95ea-a46891754571,CUST_01386,2026-01-20,account,Can I downgrade my plan and keep my data?,resolved,medium,11.0
ec51aa87-b736-49ac-8d11-40b9030c0a4f,CUST_01387,2025-12-22,billing,I was charged twice this month and need a refund immediately.,pending,high,3.0
ae8eca24-54f9-4c30-988e-e3f9b0b3fd2b,CUST_01388,2026-01-02,billing,"My invoice shows the wrong amount, please help.",resolved,high,6.0
27a7a58e-cd4c-44ae-9c21-3bc476c54cb2,CUST_01388,2026-04-19,technical,Reports are not loading and just show a blank screen.,pending,low,13.0
77b41726-e1c6-4878-af7b-b479a8755c0d,CUST_01389,2025-09-22,billing,"My invoice shows the wrong amount, please help.",open,high,3.0
77287aa4-6a0d-4dd4-8a0c-c01b61fb4382,CUST_01389,2025-11-11,billing,"My invoice shows the wrong amount, please help.",resolved,low,12.0
b2b9ad7d-6726-421e-bb6d-e750b39ea494,CUST_01389,2025-10-24,billing,I cancelled but was still billed. Please reverse this charge.,open,medium,5.0
399e5565-35e6-4327-84e4-cd595cc1ea61,CUST_01389,2025-07-09,billing,"My invoice shows the wrong amount, please help.",resolved,high,1.0
43ee9c86-2941-4404-bb54-32b5c2cab9bf,CUST_01390,2025-07-25,feature,Can you add support for multiple currencies?,pending,medium,3.0
0e912395-12f4-467b-926f-b9ed05c15cd8,CUST_01390,2025-12-20,technical,My bank connection keeps disconnecting every few days.,pending,high,4.0
68bf5ec4-b738-48a0-8e0d-2b3184fbe9c7,CUST_01390,2025-06-29,technical,The app crashes every time I try to run payroll.,pending,low,8.0
6aec3cb1-0d51-4434-b278-8aa3fbfe6267,CUST_01390,2025-12-02,technical,"I cannot log in to my account, password reset is not working.",pending,medium,3.0
6c8ace72-a9bf-4155-a566-2076b704562e,CUST_01391,2025-01-18,feature,I need the ability to set recurring transactions.,pending,high,
d7f71dd5-a76a-4252-98fc-77d6d1a2dc09,CUST_01391,2025-01-02,feature,I need the ability to set recurring transactions.,pending,low,10.0
fdf27325-9c4f-4150-9833-7ca85f38cab4,CUST_01391,2026-01-20,feature,Can you add support for multiple currencies?,resolved,high,7.0
4aea97ae-e599-4020-ad09-ccc64547724b,CUST_01391,2026-05-04,feature,I need the ability to set recurring transactions.,open,high,4.0
b97a818a-8a7a-466e-a1fa-086731a1558e,CUST_01393,2025-11-05,technical,My bank connection keeps disconnecting every few days.,open,low,2.0
3c5eed63-1d4e-4f7e-a0f5-2daf9b7c403d,CUST_01393,2026-05-08,billing,I cancelled but was still billed. Please reverse this charge.,pending,low,3.0
67a56d1c-3eb2-4070-8a38-f0cd91c5f420,CUST_01393,2025-01-19,feature,Is there a way to export data to Excel automatically?,pending,high,3.0
73816c1c-e3c2-47b2-ac74-1d146d881f3e,CUST_01393,2026-04-05,technical,The app crashes every time I try to run payroll.,pending,low,8.0
bad9ea31-01f9-468a-ba7f-34c39caf5ee3,CUST_01394,2025-06-22,technical,My bank connection keeps disconnecting every few days.,resolved,high,8.0
75d148b8-7f1e-4ad2-827d-0c7dcf8fea3a,CUST_01394,2025-10-14,billing,I was charged twice this month and need a refund immediately.,pending,low,1.0
8d423014-f3c1-4f5a-a37c-a0ce077e90fb,CUST_01395,2025-10-20,account,How do I add a second user to my account?,resolved,low,1.0
fe512c82-bdd1-4b98-b9d1-0395a922bfd5,CUST_01395,2025-01-20,feature,I need the ability to set recurring transactions.,open,high,2.0
256411f8-efd5-48e6-80b8-7f1e8ecb1ec0,CUST_01396,2026-01-22,feature,Can you add support for multiple currencies?,resolved,low,14.0
2efafdf8-9cc4-4318-83a8-c3fa98587149,CUST_01396,2025-09-18,account,I need to update my business address and tax ID.,resolved,medium,14.0
dc3bbd5c-eadf-4128-a811-c9e6292b51c9,CUST_01396,2025-09-25,technical,My bank connection keeps disconnecting every few days.,resolved,low,10.0
0146c504-9f54-42c2-8c9b-200a29023b91,CUST_01396,2025-09-08,technical,"I cannot log in to my account, password reset is not working.",open,low,2.0
843bdee3-cce9-45d5-89b9-e33e97d97f41,CUST_01397,2025-11-03,billing,Why did my subscription price increase without notice?,pending,high,
e79a2f98-cfbd-40cc-af42-04304b130505,CUST_01397,2025-09-24,billing,"My invoice shows the wrong amount, please help.",open,high,10.0
647a0678-58d0-4bbb-a1de-1c7aca8a8140,CUST_01398,2025-02-13,account,I need to update my business address and tax ID.,pending,medium,12.0
a879f344-7e78-471f-990b-15004ca28abf,CUST_01399,2025-10-14,feature,Is there a way to export data to Excel automatically?,pending,high,11.0
b439d605-93d5-4d0d-a57a-78e053a02892,CUST_01399,2025-04-15,technical,My bank connection keeps disconnecting every few days.,resolved,high,11.0
73e78784-fd13-4a6f-81bc-71e7c594d29a,CUST_01400,2025-10-13,billing,"My invoice shows the wrong amount, please help.",resolved,low,11.0
86885cf4-8773-470d-a6d7-403afffe0bee,CUST_01400,2025-07-08,feature,Can you add support for multiple currencies?,open,low,
8e42bed8-d57e-4a44-b6c5-2d89d5f11f09,CUST_01400,2026-04-12,feature,Please add a dark mode to the dashboard.,resolved,low,
f4094ead-abf2-4d87-a696-aa07b2972e04,CUST_01401,2025-08-26,feature,Can you add support for multiple currencies?,resolved,medium,9.0
9a922ec4-c726-43aa-bb81-e31620596063,CUST_01401,2026-03-11,account,How do I export all my data before cancelling?,resolved,medium,12.0
c582009a-fb90-4683-9369-6be8c3aa790c,CUST_01403,2026-05-17,feature,Is there a way to export data to Excel automatically?,resolved,high,8.0
49bc314d-841e-4ef6-bdaf-387299192a03,CUST_01403,2026-04-05,account,How do I add a second user to my account?,resolved,medium,14.0
92d20f26-4bb0-431e-9102-3226df75b155,CUST_01403,2026-04-25,feature,Please add a dark mode to the dashboard.,pending,low,4.0
f6bbdf7e-1123-4d2a-a1d7-77d242fc0832,CUST_01403,2026-04-23,account,I need to update my business address and tax ID.,resolved,low,7.0
bec3e7aa-abcf-4cf1-8484-1e212c81392c,CUST_01404,2026-02-26,billing,I was charged twice this month and need a refund immediately.,resolved,medium,12.0
5eb55377-fb67-4830-ab9e-a52bb13e8c27,CUST_01404,2026-04-22,billing,Why did my subscription price increase without notice?,open,high,10.0
d578e679-5723-4819-a4f6-d337fc2f59d8,CUST_01404,2026-03-03,technical,"I cannot log in to my account, password reset is not working.",resolved,high,
6c139256-7fcd-4798-a1c0-9238496ff231,CUST_01405,2025-01-08,billing,I cancelled but was still billed. Please reverse this charge.,open,medium,10.0
6ad6d088-8f6b-4d10-b32a-ef8b30bf73c2,CUST_01406,2025-11-07,billing,"My invoice shows the wrong amount, please help.",resolved,high,13.0
c3171951-20a2-4188-8fe6-39ace9adfd77,CUST_01408,2025-10-27,billing,Why did my subscription price increase without notice?,pending,medium,4.0
72e6659e-ca0f-4fea-8217-801a02b85015,CUST_01408,2026-03-27,technical,Reports are not loading and just show a blank screen.,open,high,7.0
ea358bdb-70dc-4e09-bb13-380639f85bc7,CUST_01408,2026-02-25,account,How do I add a second user to my account?,resolved,low,11.0
6e342d52-7d73-461c-9928-9a51539f086e,CUST_01408,2025-12-12,technical,My bank connection keeps disconnecting every few days.,pending,medium,5.0
59213519-29ad-46b1-91b3-7ea65addd265,CUST_01408,2026-02-27,technical,Reports are not loading and just show a blank screen.,pending,low,
8bafe445-f684-4e2f-8058-b4f83aa48f76,CUST_01408,2025-11-22,account,How do I export all my data before cancelling?,pending,medium,
62b6ee4c-2c07-49d1-ab93-b1686cd495b9,CUST_01408,2026-04-07,feature,Can you add support for multiple currencies?,open,high,13.0
23ff140d-a96c-48c1-b063-548385f67427,CUST_01408,2025-12-16,billing,"My invoice shows the wrong amount, please help.",pending,medium,
151ef3c8-f610-4ce7-8be0-dbe6f64965cf,CUST_01409,2025-09-23,account,I need to update my business address and tax ID.,pending,medium,4.0
0703be6d-3a9e-4dd8-9c0c-4b36d108d670,CUST_01409,2024-09-29,feature,Please add a dark mode to the dashboard.,open,high,
baff4358-abb0-4f33-9ca0-86eaac13d759,CUST_01409,2025-06-28,feature,Is there a way to export data to Excel automatically?,resolved,high,10.0
22a46df4-589c-403e-9575-fe4cc559dc81,CUST_01410,2025-10-10,account,How do I add a second user to my account?,pending,high,13.0
df7b6188-ee00-4525-8cb8-02b46837d8ef,CUST_01410,2025-10-07,billing,"My invoice shows the wrong amount, please help.",resolved,low,
cf435ea8-a1b9-4d8d-a497-99a7ae60b58b,CUST_01410,2026-04-12,technical,"I cannot log in to my account, password reset is not working.",open,low,6.0
9a5eb6b8-7bc7-413b-bc6f-305563b28052,CUST_01410,2026-05-15,feature,Is there a way to export data to Excel automatically?,pending,high,2.0
b4daa01e-47aa-4cf0-987f-88c3a2a9e35a,CUST_01410,2025-12-04,feature,Is there a way to export data to Excel automatically?,open,high,6.0
ff7b4497-106c-4efb-a5b7-fac6b26883e2,CUST_01413,2026-03-31,technical,My bank connection keeps disconnecting every few days.,resolved,high,7.0
0fc606b4-1044-4f8a-9346-b2454d0c992f,CUST_01413,2026-05-08,feature,I need the ability to set recurring transactions.,resolved,medium,6.0
22f22b16-83e6-4c54-bf4b-b484d7cd2954,CUST_01414,2025-09-17,feature,Please add a dark mode to the dashboard.,resolved,medium,2.0
b9ac963b-ed1a-4661-9ea5-947277fb63b8,CUST_01414,2025-12-28,technical,"I cannot log in to my account, password reset is not working.",resolved,high,
25b1064b-82ca-4d4b-a0a4-5a0861950800,CUST_01414,2025-09-28,billing,Why did my subscription price increase without notice?,open,low,3.0
858f7885-47dd-4b8e-8ea0-a1f86c0fbfd1,CUST_01415,2025-12-13,account,Can I downgrade my plan and keep my data?,pending,low,7.0
ff614691-5fef-487e-aa04-33bc30b243ed,CUST_01415,2025-10-12,billing,Why did my subscription price increase without notice?,pending,medium,
cc901f42-44c9-496c-bdf0-5451f62db3a6,CUST_01416,2025-12-27,billing,I cancelled but was still billed. Please reverse this charge.,open,high,7.0
2a447ac5-0339-4115-a951-17d290d88a18,CUST_01416,2026-04-02,feature,Can you add support for multiple currencies?,pending,medium,3.0
938df023-a4cb-4c28-915f-15fd5ffd62d5,CUST_01416,2026-01-13,account,Can I downgrade my plan and keep my data?,open,low,4.0
7500ab7b-7780-491d-884d-361a4abcca36,CUST_01416,2025-09-30,feature,Can you add support for multiple currencies?,pending,low,14.0
9055fea8-21c6-40bc-b5ae-584b7609837b,CUST_01417,2025-07-29,feature,Is there a way to export data to Excel automatically?,open,medium,8.0
e7339114-5e7d-4c1e-9a07-8c38db6ad01c,CUST_01417,2025-07-18,feature,Can you add support for multiple currencies?,pending,low,2.0
7c1669c8-cf4e-40b3-815a-0a9c3e66677a,CUST_01417,2025-07-25,billing,Why did my subscription price increase without notice?,resolved,low,
327ecfa4-6695-42e8-85d3-00d6e1eabf9b,CUST_01418,2026-02-14,billing,"My invoice shows the wrong amount, please help.",resolved,low,10.0
4f45e16a-ffe9-42ec-8488-2a2bcfebd7d2,CUST_01418,2025-12-28,billing,Why did my subscription price increase without notice?,resolved,medium,5.0
b83f9d20-43cd-46cb-962f-8244530dd982,CUST_01419,2026-02-23,billing,I was charged twice this month and need a refund immediately.,resolved,low,8.0
818f8f66-10fc-428a-8946-27dba684e287,CUST_01419,2026-04-05,account,I need to update my business address and tax ID.,pending,low,7.0
d9f63695-1988-44fc-8f38-4f5248c79bd2,CUST_01419,2025-04-09,feature,Can you add support for multiple currencies?,open,high,14.0
a19ee04f-0ee8-474b-9aa6-9d58b688dab4,CUST_01419,2026-03-22,technical,The app crashes every time I try to run payroll.,open,medium,5.0
a995a53c-6523-4ab1-beb1-538eed7ed0ab,CUST_01419,2025-07-02,technical,My bank connection keeps disconnecting every few days.,pending,high,11.0
911fff30-9323-4e43-a1b8-76a65a35edba,CUST_01419,2026-01-23,billing,I cancelled but was still billed. Please reverse this charge.,open,low,6.0
4e3ed4be-651e-4a4f-801d-a143fa49dada,CUST_01420,2025-12-04,technical,The app crashes every time I try to run payroll.,open,high,3.0
7347bc72-d4a9-4e8b-b520-f47d5f700d3d,CUST_01420,2026-04-26,feature,Can you add support for multiple currencies?,open,high,10.0
1c865eb4-12db-4e9c-8ce5-0d64c6b7a0f5,CUST_01420,2025-09-21,technical,The app crashes every time I try to run payroll.,resolved,high,13.0
e5450bff-88d9-40c0-a108-b09c1705ddca,CUST_01421,2026-04-02,feature,Can you add support for multiple currencies?,resolved,high,14.0
020810de-5dbc-45bf-8243-88c35873cad9,CUST_01421,2026-04-25,feature,Can you add support for multiple currencies?,pending,low,2.0
25b0a2eb-74c1-45d2-be67-2825053ed4e1,CUST_01421,2026-05-15,billing,I was charged twice this month and need a refund immediately.,resolved,high,2.0
6ac8dcc0-f936-4319-b994-6091087ad35f,CUST_01423,2025-10-04,billing,"My invoice shows the wrong amount, please help.",pending,high,1.0
fee3f598-4c5e-4f3d-9fb0-0cb6422af01e,CUST_01423,2026-01-07,technical,My bank connection keeps disconnecting every few days.,open,high,
ea6137d6-2a87-4779-92cf-cb1c7212e39a,CUST_01425,2026-05-14,account,Can I downgrade my plan and keep my data?,resolved,low,
9ee00289-9a98-4292-81e3-ab7846fcf7eb,CUST_01425,2026-04-30,billing,I cancelled but was still billed. Please reverse this charge.,resolved,medium,4.0
0820cbc0-0729-48fb-9f84-7c85c305367c,CUST_01425,2026-04-07,technical,Reports are not loading and just show a blank screen.,resolved,medium,9.0
eb623db9-bf7e-4d59-96a8-9f1dcb06e1ab,CUST_01425,2026-02-02,billing,"My invoice shows the wrong amount, please help.",pending,medium,7.0
c3d9e04d-893c-4e58-af13-dd878a3ffb8f,CUST_01426,2025-12-28,feature,Please add a dark mode to the dashboard.,resolved,low,14.0
910c859a-e82f-4837-80f6-282aa8a92b13,CUST_01426,2026-05-15,billing,"My invoice shows the wrong amount, please help.",pending,medium,9.0
7f059c8b-7921-4da0-a3d9-01ba8dc86a69,CUST_01426,2026-04-17,feature,Can you add support for multiple currencies?,pending,low,1.0
5b54e94f-b3d7-40ac-b616-b5c30c3dce5a,CUST_01426,2025-10-27,account,How do I export all my data before cancelling?,open,high,4.0
492ab57a-3cb6-436b-acf3-3dec5bc4f388,CUST_01426,2026-01-02,account,Can I downgrade my plan and keep my data?,open,high,14.0
042185bb-c8e7-426f-933c-927491403a69,CUST_01426,2025-12-04,billing,I was charged twice this month and need a refund immediately.,open,high,
05f33089-d99d-446c-ab28-9b8330568ae6,CUST_01426,2025-11-30,account,I need to update my business address and tax ID.,pending,low,
3a3081cb-b72e-4e53-81ef-088263babdc9,CUST_01427,2025-04-08,account,How do I add a second user to my account?,resolved,high,9.0
f6380ed4-b07b-4fda-bddc-fee2d93e19de,CUST_01427,2025-10-13,billing,"My invoice shows the wrong amount, please help.",resolved,high,
3b4583d7-89cf-42f6-8024-d7d7144760d0,CUST_01430,2026-03-11,account,Can I downgrade my plan and keep my data?,pending,medium,11.0
146023eb-ffe2-4520-a655-25dd4983d8c1,CUST_01431,2026-03-07,technical,Reports are not loading and just show a blank screen.,pending,medium,
bde298de-ad6f-44d3-ad1d-bcabb707a6d1,CUST_01431,2026-03-15,technical,"I cannot log in to my account, password reset is not working.",resolved,high,1.0
8aa36615-09e3-4f92-bc5b-6253405337be,CUST_01431,2026-03-10,billing,"My invoice shows the wrong amount, please help.",open,medium,14.0
40305a7d-ce9e-4bc0-ab9c-97be6c701354,CUST_01431,2026-04-28,account,I need to update my business address and tax ID.,open,medium,7.0
d91a191e-58dd-4b2e-b4b6-ad7734dc2d1d,CUST_01432,2026-05-11,technical,"I cannot log in to my account, password reset is not working.",resolved,medium,
63799530-d2f4-4887-a792-d2fae856766f,CUST_01432,2026-04-27,billing,I cancelled but was still billed. Please reverse this charge.,resolved,high,7.0
8d318b94-9c0a-4034-b2da-1ae65993a9f6,CUST_01432,2026-04-14,account,I need to update my business address and tax ID.,resolved,high,14.0
e44f78dc-7c26-4a18-b39b-e324c9ca755d,CUST_01432,2026-05-08,billing,Why did my subscription price increase without notice?,pending,high,11.0
a731104b-1f37-451c-b70b-1b961fee374b,CUST_01435,2026-03-03,technical,My bank connection keeps disconnecting every few days.,open,low,4.0
72719492-a485-4c33-889d-553c7de4d8d3,CUST_01435,2025-11-30,technical,"I cannot log in to my account, password reset is not working.",pending,medium,13.0
e1211631-b1ab-4ec2-a6b0-79a396d4ebea,CUST_01435,2025-09-24,billing,I cancelled but was still billed. Please reverse this charge.,resolved,medium,3.0
bc65ce2f-d54a-4bcc-85c9-e4df64dc07f9,CUST_01437,2025-01-20,billing,I cancelled but was still billed. Please reverse this charge.,pending,medium,11.0
853d33d8-8670-4428-9696-7e6a51dfafbd,CUST_01437,2025-11-02,account,Can I downgrade my plan and keep my data?,pending,high,2.0
caf7df8a-a5b1-4bb9-8d77-395e44f92a63,CUST_01437,2024-09-03,technical,"I cannot log in to my account, password reset is not working.",pending,medium,
b8aa62d4-8210-42fa-be52-4061381df262,CUST_01440,2024-11-09,feature,Is there a way to export data to Excel automatically?,pending,high,6.0
cd5d06fe-e2b9-43fd-a999-90ac7bb5a093,CUST_01440,2025-08-26,billing,I was charged twice this month and need a refund immediately.,resolved,medium,14.0
1572241e-7571-4647-acfb-497fa392d506,CUST_01440,2025-02-01,billing,I was charged twice this month and need a refund immediately.,resolved,high,14.0
445f7e99-ed4c-407f-86d5-9140021dcbd4,CUST_01440,2025-01-06,billing,I cancelled but was still billed. Please reverse this charge.,pending,high,2.0
15f14dec-2f03-4ed6-ba7d-ccbfd772447c,CUST_01441,2025-08-07,feature,Please add a dark mode to the dashboard.,pending,medium,11.0
dd50eb24-9287-43d0-b98a-1a0d6e5111a5,CUST_01441,2025-11-29,billing,Why did my subscription price increase without notice?,open,low,2.0
1bb61607-e8e4-4a70-b27a-e2534c25da12,CUST_01442,2025-03-11,feature,Is there a way to export data to Excel automatically?,resolved,high,11.0
449adc8a-9644-44f3-bea6-5c5cc3d36ca4,CUST_01442,2025-11-29,billing,I was charged twice this month and need a refund immediately.,open,low,13.0
ff3a39ec-aad9-4199-9013-a8c791bd96ea,CUST_01442,2026-05-07,technical,"I cannot log in to my account, password reset is not working.",open,high,12.0
fbdf9e64-06f7-4b72-a026-88a620422237,CUST_01443,2025-10-15,technical,The app crashes every time I try to run payroll.,open,high,9.0
88a5ff70-b6a6-449a-80e4-ce544de2c5a3,CUST_01443,2025-06-10,technical,"I cannot log in to my account, password reset is not working.",pending,high,
60ffd340-4976-4b21-bb48-bcebf3f90d33,CUST_01443,2025-08-23,feature,Is there a way to export data to Excel automatically?,open,high,11.0
ba67a8da-dbdd-4f9b-872d-0ddc4e898997,CUST_01443,2025-10-16,technical,The app crashes every time I try to run payroll.,resolved,low,9.0
0d810335-bdc0-4d15-96a0-01018b470246,CUST_01443,2025-12-12,billing,I cancelled but was still billed. Please reverse this charge.,pending,high,2.0
3be44150-997a-43a0-a9d8-3c5361c39a12,CUST_01443,2025-12-27,feature,Is there a way to export data to Excel automatically?,open,high,
13f9485d-0253-4ce8-b54c-6df437f2831f,CUST_01443,2025-12-24,billing,I was charged twice this month and need a refund immediately.,resolved,high,
d335e014-c649-421f-936d-7489280814e4,CUST_01444,2026-05-13,account,I need to update my business address and tax ID.,resolved,high,5.0
84bad132-179c-492f-a45e-d4bf90c64d33,CUST_01444,2026-03-25,billing,"My invoice shows the wrong amount, please help.",open,medium,
33ca3817-ea94-44b7-a9c4-73c7175d451b,CUST_01445,2026-02-24,feature,I need the ability to set recurring transactions.,open,low,7.0
bc187b00-3806-445b-beb7-54c99dcfe40e,CUST_01446,2026-04-27,billing,Why did my subscription price increase without notice?,open,medium,
699af24d-63fe-4747-9959-d89444731bfd,CUST_01446,2026-01-03,account,How do I add a second user to my account?,open,medium,13.0
ab5c4e1a-7736-4aad-ae1b-1717f5c82eba,CUST_01447,2025-05-19,billing,Why did my subscription price increase without notice?,pending,medium,3.0
3b3664fb-9796-48d8-b871-fa2a054069eb,CUST_01447,2026-02-23,feature,Is there a way to export data to Excel automatically?,resolved,medium,14.0
04e8bb9d-7da9-457b-94cd-c12f62860495,CUST_01447,2025-10-29,technical,"I cannot log in to my account, password reset is not working.",resolved,high,2.0
179ae9bd-b66f-416e-ac3d-cac266dae39f,CUST_01448,2025-04-24,billing,I was charged twice this month and need a refund immediately.,pending,medium,12.0
5e03d497-59e0-4cb4-b4a7-654aaccc548b,CUST_01449,2024-08-05,technical,Reports are not loading and just show a blank screen.,open,high,5.0
6c5d9ae0-4d41-4483-a88a-6b4d1b8ce891,CUST_01449,2025-06-01,billing,Why did my subscription price increase without notice?,pending,low,3.0
387e2375-3b99-4047-bfce-f0db2e54d17e,CUST_01449,2025-09-09,billing,Why did my subscription price increase without notice?,resolved,high,12.0
eaba715d-0ad6-4806-bf28-5eecbdb6a353,CUST_01449,2025-01-17,technical,The app crashes every time I try to run payroll.,resolved,low,7.0
44a6bbca-3062-4e65-8f77-861311a45295,CUST_01450,2026-04-30,technical,"I cannot log in to my account, password reset is not working.",pending,high,9.0
a5c5361b-51b3-4716-933e-a997431575dc,CUST_01451,2026-01-01,account,I need to update my business address and tax ID.,open,high,7.0
b91f8769-cf00-41e8-a0fb-ec134fc350dd,CUST_01451,2026-02-16,billing,I was charged twice this month and need a refund immediately.,resolved,low,14.0
76018f96-dbf1-4968-8f95-23854e0fd83d,CUST_01451,2026-02-06,technical,"I cannot log in to my account, password reset is not working.",open,low,11.0
923dbb66-4fb7-4fc5-9615-aeca1e2d5344,CUST_01451,2026-03-28,account,How do I export all my data before cancelling?,resolved,low,7.0
7e138436-e281-415b-a9b0-253bc33f3162,CUST_01451,2026-04-19,feature,Please add a dark mode to the dashboard.,resolved,low,3.0
84ec75c4-7aba-4f97-b096-faedc28dad0d,CUST_01453,2025-01-15,technical,"I cannot log in to my account, password reset is not working.",open,high,
36e13e42-d2f8-4747-ba8d-5fb80ed69aad,CUST_01453,2025-07-21,account,How do I export all my data before cancelling?,open,low,14.0
13844273-0c6b-42cb-b6b0-8c632c2f4258,CUST_01453,2026-01-31,account,How do I export all my data before cancelling?,pending,medium,3.0
33005be8-2f3a-46a0-ac21-62588dfc48c2,CUST_01454,2025-08-08,feature,I need the ability to set recurring transactions.,open,medium,11.0
1f3d7ddb-6155-49fc-a505-045009a27af1,CUST_01454,2025-09-14,feature,Is there a way to export data to Excel automatically?,open,high,13.0
652e9f36-676a-43e7-8e45-d01feed56af4,CUST_01455,2026-05-12,account,How do I export all my data before cancelling?,resolved,medium,9.0
6073038b-1694-4d86-a02d-7c80b1dee034,CUST_01455,2026-05-05,billing,Why did my subscription price increase without notice?,pending,low,2.0
6fa1b1cd-e3cf-4084-be2d-4b68efbd5cb0,CUST_01455,2026-04-21,technical,The app crashes every time I try to run payroll.,pending,high,
a56a30ae-3c90-4bd2-b658-a79398c9484d,CUST_01455,2026-05-06,billing,Why did my subscription price increase without notice?,pending,high,4.0
95f2ea02-46f7-4557-8d17-8046bca2059e,CUST_01455,2026-04-23,account,How do I export all my data before cancelling?,pending,high,6.0
0305cb0b-9663-4202-afdf-4ed5f36c4e9a,CUST_01455,2026-04-24,account,How do I add a second user to my account?,pending,high,5.0
7f3c822a-0706-460c-a2bd-a3c176a6b1f3,CUST_01455,2026-05-01,billing,"My invoice shows the wrong amount, please help.",pending,medium,7.0
473bbf08-228e-4f2f-8566-23e339cfc59e,CUST_01457,2025-09-01,billing,I cancelled but was still billed. Please reverse this charge.,pending,low,5.0
aa9b364c-8870-4595-b3b0-9c38eb2570b7,CUST_01457,2025-12-07,billing,"My invoice shows the wrong amount, please help.",pending,high,11.0
b114496d-8d0f-4658-9f97-44012710e2fd,CUST_01457,2026-02-24,technical,My bank connection keeps disconnecting every few days.,open,medium,9.0
0d029066-7fd4-446d-abd9-3ae5a5e5ee47,CUST_01457,2026-04-21,technical,"I cannot log in to my account, password reset is not working.",resolved,high,11.0
fcdd91a3-91a5-49f1-bba5-4e2b3d95b678,CUST_01457,2026-01-22,technical,Reports are not loading and just show a blank screen.,open,medium,12.0
146eb500-0190-4a90-a51d-4e2188858acd,CUST_01458,2026-01-16,billing,I cancelled but was still billed. Please reverse this charge.,pending,high,12.0
c3e15bac-d28a-4084-965a-c87bfff92b74,CUST_01458,2025-10-08,account,I need to update my business address and tax ID.,open,high,5.0
ab68ad6b-da9a-41d3-9ee4-eb683178fead,CUST_01458,2025-04-21,account,Can I downgrade my plan and keep my data?,open,high,10.0
3cc01aec-d69e-44b8-9bef-5afa9fdfe8e0,CUST_01459,2026-03-29,technical,Reports are not loading and just show a blank screen.,resolved,low,11.0
f2845177-8b74-446f-bcd9-d31a2e7be2e7,CUST_01459,2026-04-08,feature,I need the ability to set recurring transactions.,resolved,medium,5.0
edeeefeb-e5a6-4193-a2d8-ac04ddbe7e67,CUST_01459,2026-02-20,feature,Can you add support for multiple currencies?,resolved,medium,4.0
fee99f15-04ea-4345-ab7f-0fa5e9b45161,CUST_01459,2025-11-28,feature,Please add a dark mode to the dashboard.,resolved,medium,2.0
dd37ddca-f3fe-4430-a239-ed90359e2d90,CUST_01460,2026-03-12,feature,I need the ability to set recurring transactions.,resolved,high,14.0
5f979f13-4534-434b-bd65-8f55b5b8d370,CUST_01460,2026-03-13,billing,Why did my subscription price increase without notice?,resolved,high,9.0
d3905e39-c4a3-4f83-85d4-451d33d72a73,CUST_01460,2026-02-22,account,I need to update my business address and tax ID.,pending,high,11.0
cf0f424d-780e-4ac1-a320-66ac40fcfccf,CUST_01461,2025-07-24,billing,I cancelled but was still billed. Please reverse this charge.,pending,high,2.0
a9bb1ca3-0963-443a-9f25-adbfc6a61c8c,CUST_01461,2025-10-03,billing,Why did my subscription price increase without notice?,open,high,
2435f51b-04c6-4652-affc-ba69e159c35b,CUST_01461,2025-06-24,technical,The app crashes every time I try to run payroll.,resolved,low,7.0
7408ade2-554f-4739-b8b1-fab655887175,CUST_01461,2025-05-16,technical,My bank connection keeps disconnecting every few days.,resolved,high,5.0
59756eb0-4e3f-4eca-a70c-001e89f4b9cd,CUST_01461,2026-01-26,technical,The app crashes every time I try to run payroll.,resolved,high,
c19dd40e-0b5b-4283-819a-6250b7a5e459,CUST_01461,2025-04-18,billing,I cancelled but was still billed. Please reverse this charge.,pending,high,14.0
55cf3d93-c373-4876-a579-0950ecdb040d,CUST_01461,2025-06-13,technical,The app crashes every time I try to run payroll.,open,medium,1.0
834fa4e8-1afd-4142-aaed-f7275d95b4d6,CUST_01461,2025-06-15,billing,Why did my subscription price increase without notice?,pending,low,13.0
a4dd1753-bdfe-43d8-94fc-4cdc40c67f91,CUST_01462,2026-05-13,billing,"My invoice shows the wrong amount, please help.",pending,high,7.0
94f297fc-f6cc-4658-92da-89a833d0ff36,CUST_01462,2026-01-19,technical,The app crashes every time I try to run payroll.,pending,high,
84f16599-1392-4041-9501-188ea0d048d9,CUST_01462,2025-10-31,technical,The app crashes every time I try to run payroll.,resolved,medium,3.0
f0397994-9d67-41e7-94e7-4ca13dcb309e,CUST_01462,2025-10-18,technical,Reports are not loading and just show a blank screen.,resolved,high,
c5f616ca-44e9-4c9e-a8ab-02d205d080fb,CUST_01462,2026-04-22,account,How do I export all my data before cancelling?,resolved,low,7.0
d5fcf658-c7e4-4fd2-8037-fd37b79d2971,CUST_01462,2026-01-17,account,Can I downgrade my plan and keep my data?,resolved,high,10.0
b00db22d-1610-469e-9629-b3ce6a97955c,CUST_01462,2025-08-06,account,How do I add a second user to my account?,open,high,8.0
d9406795-c62b-4fe8-a25b-1d23733693d4,CUST_01462,2026-04-26,technical,Reports are not loading and just show a blank screen.,pending,medium,2.0
465c3a1d-d953-4c16-8d54-1e921ceb7b7a,CUST_01463,2025-07-02,feature,Please add a dark mode to the dashboard.,resolved,low,9.0
171d832a-a3bc-46a4-8094-769640d8e5a4,CUST_01463,2025-07-11,billing,"My invoice shows the wrong amount, please help.",resolved,low,5.0
173d714b-2248-47eb-a8f1-9e385f425842,CUST_01463,2025-08-16,feature,Can you add support for multiple currencies?,open,medium,12.0
982cadf8-0716-44ca-adea-cee44df6013f,CUST_01463,2026-03-16,account,How do I add a second user to my account?,pending,medium,10.0
8e2a5515-d354-4ec5-bd74-015e0aa3a842,CUST_01464,2026-04-18,feature,Can you add support for multiple currencies?,pending,high,7.0
3bd6bc83-b7f4-4438-957a-816307194c4f,CUST_01464,2026-03-16,billing,I cancelled but was still billed. Please reverse this charge.,open,low,6.0
b2a1e931-c474-417b-bcce-42747d3759be,CUST_01465,2025-12-20,billing,"My invoice shows the wrong amount, please help.",resolved,medium,13.0
6f54ad86-e17a-425d-a4e5-b135bca63a3e,CUST_01465,2025-01-21,account,Can I downgrade my plan and keep my data?,open,high,5.0
f14fcc5f-ad4b-461e-a71e-89b9417cdcf0,CUST_01465,2025-01-01,technical,The app crashes every time I try to run payroll.,open,high,6.0
800b8484-6d31-41a8-ba2f-9c31f3721d63,CUST_01465,2024-09-29,technical,My bank connection keeps disconnecting every few days.,pending,low,14.0
8283ec81-3a97-4bd4-8cae-4ca942096ff5,CUST_01465,2025-04-15,account,How do I add a second user to my account?,resolved,medium,
47d508a9-f3c0-422a-991e-c67dc3b22e5f,CUST_01465,2025-01-02,billing,I cancelled but was still billed. Please reverse this charge.,resolved,medium,12.0
118c3c3b-ab48-4a5c-9cf3-fd77ef721924,CUST_01466,2026-04-24,technical,My bank connection keeps disconnecting every few days.,pending,high,11.0
da9d584f-6ea8-4e8e-991e-9b9a7b30f68b,CUST_01466,2026-03-03,technical,"I cannot log in to my account, password reset is not working.",resolved,high,
f3a0b396-eb62-4ffb-8ef0-89c3ac4a6ec5,CUST_01466,2026-01-21,account,How do I add a second user to my account?,resolved,medium,8.0
622bb236-2ea0-46fb-8ec8-7fe4acb38129,CUST_01467,2026-04-05,technical,The app crashes every time I try to run payroll.,pending,high,5.0
6c88ebb4-5b5a-4f95-8831-bea0054b4be6,CUST_01467,2026-04-12,technical,My bank connection keeps disconnecting every few days.,open,high,
f5cce860-0800-4676-903e-0b44c97aa26a,CUST_01467,2026-05-05,billing,Why did my subscription price increase without notice?,resolved,high,2.0
8ba6aa70-e074-41fe-9e7d-ec7ba1d5de6d,CUST_01468,2025-11-17,technical,"I cannot log in to my account, password reset is not working.",pending,high,14.0
72360245-2af4-4438-8915-cdebb87e13b7,CUST_01468,2025-10-15,billing,I cancelled but was still billed. Please reverse this charge.,pending,high,4.0
85cb772b-9d74-4c19-9dfe-45d49a461b25,CUST_01468,2025-06-29,feature,Can you add support for multiple currencies?,pending,high,9.0
952b78e3-75bb-4d21-8fad-ea7ff9da6477,CUST_01468,2025-09-17,account,I need to update my business address and tax ID.,resolved,high,5.0
f5e39195-77f6-4b84-8d2c-c20c417e93d0,CUST_01469,2025-07-05,account,How do I add a second user to my account?,resolved,high,9.0
7a95b3c1-37dd-44b5-9edc-0dab9be13a12,CUST_01469,2025-08-01,account,How do I add a second user to my account?,pending,high,4.0
1c6a84a3-f50b-4f74-ad4e-ef443d7ca7a2,CUST_01469,2026-02-28,feature,Is there a way to export data to Excel automatically?,pending,high,
39e4ddc2-bc09-4697-815d-e24be4fe577f,CUST_01469,2025-10-27,billing,"My invoice shows the wrong amount, please help.",resolved,low,
4d8e20ab-b832-483c-979d-08fca5646f8b,CUST_01470,2026-03-18,feature,Is there a way to export data to Excel automatically?,resolved,high,11.0
1e0d2050-9843-4df4-afc7-d5b92d6d22b4,CUST_01470,2025-09-06,billing,"My invoice shows the wrong amount, please help.",open,high,
071b429c-2e0b-4ce9-a223-e68a5d6dddc0,CUST_01470,2025-11-11,account,How do I export all my data before cancelling?,resolved,high,7.0
5bc2cdac-0807-4a97-a17b-16222b65b7b9,CUST_01470,2025-11-04,billing,I was charged twice this month and need a refund immediately.,open,high,
ed0efdd6-9106-472b-a2de-5e1e802058ae,CUST_01472,2024-11-04,billing,"My invoice shows the wrong amount, please help.",resolved,medium,2.0
7089d6aa-049c-4d0c-ad20-f5db89fb25e6,CUST_01472,2025-06-28,account,How do I add a second user to my account?,pending,high,
4ddd6153-16aa-4801-87c9-ffb4692679c4,CUST_01473,2026-03-16,account,Can I downgrade my plan and keep my data?,open,high,12.0
9c9f1b10-f30e-4dc1-a6dc-2fd277c0d919,CUST_01476,2026-01-16,technical,"I cannot log in to my account, password reset is not working.",pending,medium,
1565ee29-1e12-4a48-90a9-9a22bbcd4a31,CUST_01477,2026-01-19,feature,Please add a dark mode to the dashboard.,open,medium,3.0
2c73f52c-b723-43e3-b6e9-3ae0bad4810b,CUST_01477,2026-02-14,technical,Reports are not loading and just show a blank screen.,open,low,14.0
838f9010-3677-4c9f-878a-d953c3502c44,CUST_01478,2026-03-04,account,How do I export all my data before cancelling?,open,high,1.0
36ee81f7-f187-4855-9b33-6b3dc0adafc2,CUST_01478,2026-01-12,billing,I was charged twice this month and need a refund immediately.,open,medium,10.0
f1ccdc2b-08d9-4e8c-ab41-de95532e20a8,CUST_01478,2026-05-18,feature,Is there a way to export data to Excel automatically?,resolved,medium,14.0
246e18ab-1c5d-4d01-bee2-cd56b75e2292,CUST_01478,2025-06-28,billing,I was charged twice this month and need a refund immediately.,pending,medium,7.0
f8c3e889-f9f6-4288-bab7-a13dbf29d56d,CUST_01479,2025-05-10,feature,Please add a dark mode to the dashboard.,open,high,
44f7abff-2105-4ffe-9b9a-e7f57e150719,CUST_01479,2025-08-28,billing,I was charged twice this month and need a refund immediately.,open,low,4.0
549d6d33-64e8-4bdd-a5df-713a56b3d5f1,CUST_01479,2025-07-08,billing,I cancelled but was still billed. Please reverse this charge.,resolved,medium,6.0
e77115b1-3a88-4330-b387-d1fceef38e76,CUST_01479,2026-02-23,account,I need to update my business address and tax ID.,resolved,high,3.0
74ffa0bf-67e4-4dad-83d3-4d31d2f80da6,CUST_01480,2026-02-28,billing,I cancelled but was still billed. Please reverse this charge.,resolved,high,12.0
1f1cd916-0e6d-481c-b9aa-a56a71296e43,CUST_01480,2024-10-29,account,How do I export all my data before cancelling?,resolved,low,1.0
aa5727e9-1f05-4686-ae9e-3300ff5972d4,CUST_01480,2026-01-08,account,How do I export all my data before cancelling?,open,low,2.0
3b357f88-9e43-4675-bb14-7134f1847616,CUST_01480,2025-12-14,account,I need to update my business address and tax ID.,resolved,low,1.0
9da7f915-77ae-4667-8f3d-90c112106acf,CUST_01480,2024-10-30,feature,Please add a dark mode to the dashboard.,open,high,
ba37425b-996c-45cb-aa51-625c5ef9f878,CUST_01480,2025-03-13,feature,Please add a dark mode to the dashboard.,pending,high,11.0
8fa12678-1a6d-46cf-81b4-e5d4302acccc,CUST_01480,2025-07-24,technical,"I cannot log in to my account, password reset is not working.",resolved,high,8.0
b32dea16-14ad-4854-97db-284953490725,CUST_01481,2026-03-31,billing,Why did my subscription price increase without notice?,resolved,medium,8.0
fa52445f-1585-4672-8c72-cdb8eae1529d,CUST_01481,2025-11-24,billing,I was charged twice this month and need a refund immediately.,pending,medium,
6498b773-2629-4827-9328-468027d45d88,CUST_01481,2026-01-11,technical,Reports are not loading and just show a blank screen.,open,medium,2.0
b96cbb1e-c982-44e1-8391-f9339a4e287e,CUST_01481,2025-12-12,billing,I was charged twice this month and need a refund immediately.,resolved,medium,
cd4eed8e-cf98-4d23-a085-d2d718ae43ed,CUST_01482,2026-02-10,billing,I was charged twice this month and need a refund immediately.,open,low,10.0
5ba036bb-c9c4-4831-a14d-51e9e1246232,CUST_01482,2026-02-03,account,Can I downgrade my plan and keep my data?,resolved,low,1.0
3fd48114-4d2e-41d0-9352-4bfc67a297e6,CUST_01482,2026-01-20,feature,Can you add support for multiple currencies?,resolved,high,12.0
dc1a3a89-592f-4fa8-a195-bb2f6e00ef38,CUST_01483,2025-05-20,account,Can I downgrade my plan and keep my data?,pending,high,12.0
2e4fc0e4-4135-4d3e-9851-b9d3bb9a905f,CUST_01483,2024-08-25,technical,Reports are not loading and just show a blank screen.,open,high,9.0
273f89a6-c0a6-48b4-bba6-cfb72d926e63,CUST_01483,2024-11-09,feature,Is there a way to export data to Excel automatically?,resolved,medium,4.0
eb914995-37a9-4114-9ccb-df02242a1998,CUST_01483,2025-09-12,technical,Reports are not loading and just show a blank screen.,resolved,high,1.0
22d8c66f-01c8-4bd2-a827-3991e5d314ee,CUST_01484,2025-11-17,billing,"My invoice shows the wrong amount, please help.",open,low,9.0
93c36ac2-b182-405f-b078-dd9450efeece,CUST_01484,2026-04-06,feature,I need the ability to set recurring transactions.,pending,medium,14.0
9e80ecb0-bc59-4622-91cd-dc91ef443e22,CUST_01484,2026-02-23,feature,Please add a dark mode to the dashboard.,pending,high,4.0
0ca6886f-b08e-4331-bf22-073b683e44bd,CUST_01484,2026-04-29,billing,I was charged twice this month and need a refund immediately.,resolved,low,1.0
debc345c-beca-43e8-b49f-549800d376ee,CUST_01485,2026-03-21,technical,Reports are not loading and just show a blank screen.,resolved,low,9.0
97a2067c-d2f8-4d6c-abaf-d3535ecd059b,CUST_01485,2026-03-12,technical,Reports are not loading and just show a blank screen.,pending,low,7.0
ea4d8694-d6ea-49e4-9668-0a9f3f435506,CUST_01485,2026-04-16,billing,I cancelled but was still billed. Please reverse this charge.,resolved,low,14.0
6f9cd821-b1d6-416a-884d-e2d71c69ed72,CUST_01485,2026-03-14,technical,"I cannot log in to my account, password reset is not working.",open,low,6.0
135031c7-4c64-4186-a3e4-2efb9b20b9f9,CUST_01487,2025-09-19,feature,Please add a dark mode to the dashboard.,resolved,medium,8.0
c19a21b1-e8f2-4eb3-b91c-7058e384c07a,CUST_01487,2025-07-01,feature,Please add a dark mode to the dashboard.,open,high,6.0
4dc49211-038f-441d-bd11-7cdf32a4a02f,CUST_01487,2025-06-29,billing,"My invoice shows the wrong amount, please help.",resolved,high,14.0
403ce7f5-34be-4edc-8848-48213d482256,CUST_01487,2026-01-25,account,How do I export all my data before cancelling?,open,high,1.0
7a78c750-5c1d-418e-b3a0-eb6ff6d4e15c,CUST_01487,2025-10-12,billing,I was charged twice this month and need a refund immediately.,resolved,high,5.0
7a599f34-eb24-4c01-944c-62e055b059de,CUST_01487,2025-11-06,account,I need to update my business address and tax ID.,resolved,high,
2c98b523-4e55-44a1-82d7-e89149412423,CUST_01487,2026-03-11,account,Can I downgrade my plan and keep my data?,open,high,7.0
43d408ca-4c08-48ee-b4b9-7804416e65b8,CUST_01488,2025-02-17,feature,Is there a way to export data to Excel automatically?,pending,low,9.0
cee92277-b93e-46bc-94fc-e36a641dd214,CUST_01488,2025-07-07,technical,My bank connection keeps disconnecting every few days.,resolved,low,7.0
c2ca6179-1915-416e-84a2-6de8aaee3f6e,CUST_01488,2025-03-03,billing,Why did my subscription price increase without notice?,pending,high,
2260b589-74d1-43e0-9a9c-f5db9d0a352a,CUST_01489,2026-04-27,account,I need to update my business address and tax ID.,open,low,1.0
2b842d8e-1ad3-4c31-8e49-ef145644202d,CUST_01490,2025-10-25,technical,"I cannot log in to my account, password reset is not working.",open,medium,5.0
8c43b57b-71d9-4835-a664-721ce064eda2,CUST_01490,2026-04-03,technical,My bank connection keeps disconnecting every few days.,pending,high,3.0
1f5325e4-a37a-4fbe-9741-63351f1120ab,CUST_01491,2025-10-15,account,How do I export all my data before cancelling?,pending,high,
b9cc88cf-da32-41b8-b2ff-c1c320fd420e,CUST_01491,2026-03-02,feature,Please add a dark mode to the dashboard.,resolved,high,14.0
d0bf9242-c8a7-4df0-8f70-d827314ea3cd,CUST_01494,2025-01-22,technical,My bank connection keeps disconnecting every few days.,open,low,13.0
fa8db24b-4f2b-4a6d-8620-1ca24d6d5825,CUST_01495,2025-04-26,technical,"I cannot log in to my account, password reset is not working.",pending,medium,
a8b045c6-b2e6-4eef-85e1-83a197aa3f52,CUST_01495,2024-09-06,billing,"My invoice shows the wrong amount, please help.",pending,high,
b6a47453-5159-4466-b223-bf1ca4599b6b,CUST_01495,2024-12-21,account,Can I downgrade my plan and keep my data?,pending,medium,1.0
d89392d8-115d-4339-87b7-b1f5f3481d0a,CUST_01496,2025-10-01,feature,I need the ability to set recurring transactions.,resolved,medium,14.0
0677026c-1950-4bee-b0d5-c6cad1ef79bf,CUST_01497,2025-10-31,feature,I need the ability to set recurring transactions.,pending,high,11.0
a82b93b9-4a0d-47f9-80f9-e16cbf6168df,CUST_01498,2025-10-03,technical,Reports are not loading and just show a blank screen.,pending,high,8.0
38d8f66c-946a-49ba-92ba-47ef2eaa11a4,CUST_01499,2025-12-10,billing,I cancelled but was still billed. Please reverse this charge.,open,medium,13.0
1e91f2c8-8031-4841-9f2b-f959d2524613,CUST_01499,2025-08-21,account,How do I export all my data before cancelling?,open,low,3.0
34ea0f7a-7b85-4436-97ca-7a5f6b646f55,CUST_01500,2025-11-12,billing,"My invoice shows the wrong amount, please help.",resolved,low,
624a63b7-7abb-46c6-8d49-f03d6bd2e477,CUST_01500,2026-03-09,feature,Can you add support for multiple currencies?,open,medium,10.0
167418f9-ba15-4838-b5a2-d74d725ab552,CUST_01501,2025-11-02,account,I need to update my business address and tax ID.,open,medium,
e19b1849-9eee-4739-a0d5-6e79681b3f12,CUST_01501,2025-07-20,technical,My bank connection keeps disconnecting every few days.,pending,low,11.0
ca54b3dd-8e48-45ef-81f5-bcbe921bc09d,CUST_01501,2025-12-21,feature,Is there a way to export data to Excel automatically?,pending,high,
6dc2102d-1c6d-462c-9e4a-f11a20635f7f,CUST_01501,2026-05-13,feature,Please add a dark mode to the dashboard.,resolved,low,
8f860a8b-bb63-4187-ace6-5e79804cd4c2,CUST_01502,2026-05-10,feature,Can you add support for multiple currencies?,open,medium,8.0
fb00eeb4-30ee-4131-926b-66de4cab6b81,CUST_01502,2026-03-05,feature,Is there a way to export data to Excel automatically?,open,medium,6.0
bada56aa-b8c3-4ca6-bb1a-fb59fedebb1c,CUST_01502,2026-03-23,technical,My bank connection keeps disconnecting every few days.,resolved,high,3.0
5fdf55af-7652-48cd-b5bd-b27c1d80d00b,CUST_01503,2025-12-13,account,Can I downgrade my plan and keep my data?,open,high,11.0
8a053b61-1ed8-4abc-a3d7-761b3abb9d13,CUST_01503,2026-01-06,account,I need to update my business address and tax ID.,resolved,high,
ac877eb4-978e-427d-a753-707ae8ddb2e5,CUST_01503,2025-11-27,account,Can I downgrade my plan and keep my data?,resolved,high,10.0
b96d8fe8-7cb2-4564-8014-e06f6e9495c2,CUST_01504,2025-04-23,billing,I cancelled but was still billed. Please reverse this charge.,pending,low,2.0
88096985-801e-4e06-b72b-72bd0ddc1f68,CUST_01504,2025-06-22,billing,I cancelled but was still billed. Please reverse this charge.,open,medium,
52a23168-c9c0-4c5b-8db3-939856b32900,CUST_01504,2025-12-05,account,Can I downgrade my plan and keep my data?,resolved,low,6.0
0ed49901-91bc-48a0-8d51-1a748b358e24,CUST_01504,2024-12-23,feature,Please add a dark mode to the dashboard.,open,high,
a5f0f4c4-6f45-49be-a0fb-0da53d31672f,CUST_01505,2025-03-26,technical,"I cannot log in to my account, password reset is not working.",resolved,medium,9.0
1e3c33fc-cc1a-4010-ae6f-ee0914b8815f,CUST_01505,2025-08-24,billing,I was charged twice this month and need a refund immediately.,pending,high,9.0
45144371-c8bd-40ff-a060-faaa0f23a325,CUST_01506,2025-04-18,billing,I cancelled but was still billed. Please reverse this charge.,open,high,8.0
2ec55ad3-a00f-4f12-aa19-c79c7270e3ca,CUST_01506,2025-06-19,billing,I was charged twice this month and need a refund immediately.,pending,low,10.0
8f667826-2fef-4afa-a455-5f778a6b6c45,CUST_01507,2026-03-12,billing,Why did my subscription price increase without notice?,resolved,medium,5.0
7ad3b1c1-2a47-45ba-9027-2f46b2e1d925,CUST_01507,2026-04-04,technical,My bank connection keeps disconnecting every few days.,pending,low,
807127b2-928f-4ac4-aa18-e972675b2b5c,CUST_01507,2026-02-20,billing,"My invoice shows the wrong amount, please help.",resolved,low,12.0
aea885f5-0cab-450a-884f-3f6e3f8f2d8b,CUST_01508,2025-07-26,technical,The app crashes every time I try to run payroll.,pending,low,6.0
2de6a301-721f-4291-b776-77e7a18a88e0,CUST_01508,2026-01-19,technical,The app crashes every time I try to run payroll.,open,high,5.0
3375d898-7a31-4ee2-9ae3-d8f88cde5792,CUST_01508,2025-09-09,billing,I was charged twice this month and need a refund immediately.,resolved,low,14.0
38f114a2-48ac-49ce-9f7e-f913303f5e99,CUST_01508,2025-01-10,technical,The app crashes every time I try to run payroll.,resolved,low,1.0
c023eee8-3587-4d59-b712-ba17718032cf,CUST_01508,2025-01-25,account,Can I downgrade my plan and keep my data?,resolved,high,9.0
14d24c68-02ca-4660-ac35-ea115b533efe,CUST_01508,2025-11-29,account,I need to update my business address and tax ID.,resolved,high,11.0
a292ecfe-caff-40d6-b04d-b3d46a7e9aff,CUST_01508,2025-02-17,feature,Can you add support for multiple currencies?,open,high,12.0
6f07bb00-2844-4858-9e40-16751c2ed2b5,CUST_01509,2026-01-05,feature,Is there a way to export data to Excel automatically?,resolved,high,14.0
077dfccf-8a50-430c-a319-ce7634b54d8a,CUST_01509,2025-05-09,feature,Please add a dark mode to the dashboard.,resolved,medium,2.0
4f1b1e87-35ea-467f-89fc-e1446b6988f0,CUST_01509,2026-04-03,account,I need to update my business address and tax ID.,open,high,2.0
75b5af0e-cc6c-4c85-b304-443d1cb0d2aa,CUST_01509,2025-06-23,technical,Reports are not loading and just show a blank screen.,pending,high,7.0
ea6fd671-9ec7-4aed-880f-bd57c1bca46a,CUST_01509,2025-04-09,technical,My bank connection keeps disconnecting every few days.,pending,high,4.0
a9ec4c37-4127-4263-85a8-9847b131e501,CUST_01509,2025-03-18,billing,"My invoice shows the wrong amount, please help.",pending,low,
ea4f356b-c6f2-40f2-84e5-081668ac1aec,CUST_01510,2025-07-04,technical,"I cannot log in to my account, password reset is not working.",pending,medium,12.0
8242de65-a393-48d2-8bea-5b3846439b7f,CUST_01510,2025-01-31,billing,"My invoice shows the wrong amount, please help.",pending,low,
60d121c9-3152-4f84-af85-61d84576ef42,CUST_01510,2025-11-15,technical,"I cannot log in to my account, password reset is not working.",pending,low,
d8c0f9e0-3184-4b58-979a-e4ffb12a42ba,CUST_01510,2025-04-05,feature,Please add a dark mode to the dashboard.,open,medium,2.0
f43c32f6-607c-4e02-8b78-413b07769c58,CUST_01512,2025-12-09,account,How do I add a second user to my account?,resolved,low,6.0
2dd54d9b-1fbe-4016-bc2c-ae5270bffdbb,CUST_01512,2026-04-22,account,Can I downgrade my plan and keep my data?,open,low,
cb9a20f4-51f6-4f78-9cf1-07a8954b6b49,CUST_01513,2025-12-21,feature,Please add a dark mode to the dashboard.,pending,high,8.0
ef6155be-cd4c-42b5-ae51-56051882a2a0,CUST_01513,2025-06-23,technical,My bank connection keeps disconnecting every few days.,pending,low,
664c55ef-44c0-4636-a843-e8d4c1581cf1,CUST_01513,2025-08-24,billing,I cancelled but was still billed. Please reverse this charge.,open,high,14.0
ff7137dc-e59f-4e1e-b4c9-b1cb9bb468d2,CUST_01513,2025-07-06,account,Can I downgrade my plan and keep my data?,resolved,high,
a0f915ad-a4a4-4ccc-b171-963e80427633,CUST_01513,2025-08-25,billing,"My invoice shows the wrong amount, please help.",resolved,high,8.0
c37665a4-a3b4-451e-b423-d3e356c87707,CUST_01514,2025-09-07,account,How do I export all my data before cancelling?,resolved,high,9.0
dbf43c7e-ebef-4702-97d2-cb923c4958c4,CUST_01514,2026-05-14,account,Can I downgrade my plan and keep my data?,open,high,5.0
dd577c9f-9626-48ae-a7ab-47bb392a6b91,CUST_01514,2025-07-08,account,I need to update my business address and tax ID.,pending,medium,13.0
50d99e9d-72f9-459b-8c66-b06f2389806f,CUST_01514,2025-11-17,feature,Is there a way to export data to Excel automatically?,open,medium,
17c7c68b-8391-46f4-80e4-598c03eddcd4,CUST_01515,2025-02-06,feature,Please add a dark mode to the dashboard.,open,medium,1.0
6684903a-c9cc-40c3-b815-3c3db514eb59,CUST_01515,2024-12-15,billing,I was charged twice this month and need a refund immediately.,pending,low,11.0
03133ed9-9add-41d7-81ec-80279b1ade59,CUST_01515,2025-12-04,feature,I need the ability to set recurring transactions.,open,high,7.0
d798690e-fe9c-4492-9855-487d1647cb61,CUST_01515,2025-11-07,account,I need to update my business address and tax ID.,resolved,medium,8.0
8c1c43bf-274e-433a-a78a-d7c9a3b99d92,CUST_01515,2025-06-05,technical,My bank connection keeps disconnecting every few days.,open,high,8.0
856187d2-1a90-41ae-9915-86acb681e81a,CUST_01515,2026-04-22,billing,Why did my subscription price increase without notice?,open,high,
78585619-b328-402c-928f-fa60b6239b3a,CUST_01515,2026-05-02,feature,I need the ability to set recurring transactions.,open,medium,
50e927e3-309c-451e-bb1b-e70e4a0a3d66,CUST_01516,2025-10-06,billing,I cancelled but was still billed. Please reverse this charge.,pending,high,8.0
5997e493-ed6b-4b61-9d7a-e5e0b5c3caaf,CUST_01516,2025-06-26,billing,I cancelled but was still billed. Please reverse this charge.,resolved,high,12.0
626e3447-2b15-4503-ba79-e8bb55bed40e,CUST_01516,2025-02-12,account,How do I export all my data before cancelling?,open,high,3.0
7f8a480c-6b41-4000-9def-35d5e922eef3,CUST_01517,2026-03-01,feature,Is there a way to export data to Excel automatically?,resolved,low,14.0
6282eb3d-41ae-4538-9eb7-652586c6eca8,CUST_01517,2026-02-14,technical,My bank connection keeps disconnecting every few days.,resolved,medium,3.0
72313e87-d6bb-44fc-a09a-29b8a387c6a2,CUST_01518,2025-11-17,technical,My bank connection keeps disconnecting every few days.,resolved,medium,1.0
1c5b873e-2c41-4335-aa5f-11cd3388d43d,CUST_01518,2024-12-24,technical,My bank connection keeps disconnecting every few days.,pending,medium,7.0
173df2dc-44dd-4821-81b4-aec01f0f031b,CUST_01518,2025-12-10,billing,I was charged twice this month and need a refund immediately.,pending,medium,10.0
715194b3-3152-41fb-bbe0-ec4c4f7065c5,CUST_01518,2025-12-12,billing,I was charged twice this month and need a refund immediately.,pending,medium,1.0
4ebab441-7bff-480d-a2cf-0525d9f8e6d6,CUST_01519,2026-04-26,technical,"I cannot log in to my account, password reset is not working.",resolved,high,2.0
3b35db37-2e08-44b0-b29a-596458b8d90d,CUST_01519,2026-05-15,feature,Can you add support for multiple currencies?,open,medium,13.0
8163438c-9102-4c1b-b66f-ebd37a92c0a0,CUST_01520,2026-02-22,feature,Is there a way to export data to Excel automatically?,open,low,14.0
6b94a2d4-f16a-4660-806f-0443a083ee7c,CUST_01520,2025-10-17,account,How do I export all my data before cancelling?,open,low,10.0
96e7cf3f-ca65-407d-a818-1da51e5c7c27,CUST_01520,2025-10-18,billing,"My invoice shows the wrong amount, please help.",resolved,medium,2.0
ffb1bae3-47b6-4faf-ade5-2bfc2128b8e6,CUST_01521,2026-04-29,feature,Is there a way to export data to Excel automatically?,open,high,7.0
e358df32-c609-49a7-b205-607eebae54b6,CUST_01521,2026-02-01,technical,My bank connection keeps disconnecting every few days.,pending,medium,9.0
7ee880cc-940b-4567-bd87-8f31f1d3ee6d,CUST_01522,2026-03-26,billing,"My invoice shows the wrong amount, please help.",resolved,low,7.0
07cb31bb-1e14-41b2-a7ad-5dcd6b1ceaee,CUST_01522,2025-02-01,technical,The app crashes every time I try to run payroll.,pending,low,14.0
2a837579-95f6-4726-9da2-2d106d8b8e7b,CUST_01522,2026-05-16,billing,"My invoice shows the wrong amount, please help.",pending,low,
ea5e15c2-8379-4354-a4b5-fa60899ed583,CUST_01523,2026-04-06,account,How do I export all my data before cancelling?,resolved,high,9.0
164934c0-c5f0-4d4f-bddc-b924d1c8e707,CUST_01523,2025-10-29,feature,I need the ability to set recurring transactions.,pending,medium,1.0
fc7c6619-5ff8-4f71-99be-17bb7b377191,CUST_01524,2025-01-11,feature,I need the ability to set recurring transactions.,open,high,1.0
ff2eb279-9a49-4293-a095-04bb98aa41bd,CUST_01524,2026-04-08,account,How do I export all my data before cancelling?,resolved,low,8.0
37756ba0-d1a3-425c-b195-a381cd8252bb,CUST_01524,2026-03-01,account,Can I downgrade my plan and keep my data?,resolved,high,7.0
fe4dc631-18d6-489e-9273-5f2900635b3b,CUST_01524,2026-04-01,billing,I cancelled but was still billed. Please reverse this charge.,pending,low,3.0
adc71176-1cee-4b39-8d03-2208a29d90fd,CUST_01525,2026-01-24,feature,Is there a way to export data to Excel automatically?,resolved,medium,11.0
8529fb2e-f9f3-4fea-a189-67a46eb471ae,CUST_01525,2025-08-19,feature,Can you add support for multiple currencies?,pending,medium,
1177ab23-092f-4977-8c1c-28612073d83d,CUST_01525,2025-11-20,feature,Please add a dark mode to the dashboard.,resolved,medium,
14172c61-48b2-480e-8aca-3c39ce6e7010,CUST_01526,2026-01-05,billing,"My invoice shows the wrong amount, please help.",open,low,8.0
bd0f2c40-706e-439a-b636-1ee006b71b99,CUST_01526,2025-06-25,billing,I cancelled but was still billed. Please reverse this charge.,open,low,1.0
d8056691-5542-4324-82b1-502a16a18376,CUST_01530,2026-05-08,feature,I need the ability to set recurring transactions.,resolved,medium,13.0
c85930c2-e34d-47f2-a4e1-82e03b605228,CUST_01531,2025-08-22,technical,Reports are not loading and just show a blank screen.,open,low,11.0
b272ab76-b71f-4e29-a13d-cb8d96eb63d0,CUST_01532,2026-02-21,account,How do I add a second user to my account?,resolved,medium,
5c73424a-c0e8-488a-adc8-d0e0137d9105,CUST_01532,2025-11-06,account,How do I add a second user to my account?,open,high,5.0
d0ffcb1d-da6c-4fa5-b311-52a97ebb3354,CUST_01532,2025-12-08,technical,"I cannot log in to my account, password reset is not working.",open,high,2.0
66b4c459-5028-47e1-bf55-3233fd13d1f9,CUST_01532,2026-01-04,feature,I need the ability to set recurring transactions.,pending,high,11.0
17bb69b5-8426-4981-b772-e7b31f514539,CUST_01532,2025-12-04,account,How do I export all my data before cancelling?,resolved,low,10.0
ea2fe0c9-ed73-4b9f-9cd0-245c5090efbf,CUST_01532,2025-11-03,billing,Why did my subscription price increase without notice?,resolved,medium,10.0
55219d88-34e1-4469-a1be-939839767559,CUST_01532,2026-02-13,feature,Is there a way to export data to Excel automatically?,pending,high,5.0
b181f026-fac3-43d2-8df4-413abfed89c1,CUST_01533,2026-02-20,feature,Is there a way to export data to Excel automatically?,open,medium,8.0
4b81f453-7ff5-4dfb-a922-3788f8e5d5b7,CUST_01533,2025-07-25,billing,I was charged twice this month and need a refund immediately.,pending,low,8.0
3b1906ea-df21-4528-9d79-74f5347990fe,CUST_01533,2026-02-12,technical,Reports are not loading and just show a blank screen.,resolved,high,2.0
8760ab42-b787-4e7a-a9d7-b4bd8c983367,CUST_01534,2025-11-26,feature,Can you add support for multiple currencies?,pending,high,7.0
7eda384b-c91a-443d-b2ef-bafafb0f3014,CUST_01534,2026-03-14,billing,"My invoice shows the wrong amount, please help.",open,high,
d2b0ca46-8cc1-4de0-bff9-3331aff4d9c2,CUST_01534,2026-02-03,feature,Can you add support for multiple currencies?,resolved,medium,6.0
5b60a327-ad35-4579-ac09-7f1fbfe7e944,CUST_01534,2026-05-04,account,I need to update my business address and tax ID.,resolved,medium,10.0
7ce3c64e-f850-444e-a257-cc44134aa799,CUST_01537,2026-05-12,technical,"I cannot log in to my account, password reset is not working.",pending,low,5.0
7e05c010-435c-4fcb-bd2b-b29d877ed54d,CUST_01537,2026-03-06,account,I need to update my business address and tax ID.,pending,medium,2.0
8ca6bf9b-7db9-4840-b8c3-6365e14fe81d,CUST_01538,2025-08-22,technical,My bank connection keeps disconnecting every few days.,pending,low,
a9b88082-1405-4553-a6f6-fe8c9ff5aa91,CUST_01539,2026-02-16,feature,Can you add support for multiple currencies?,pending,low,11.0
b063e8f0-92d6-4c8a-bd87-d8fc627bd3b1,CUST_01539,2026-01-21,technical,Reports are not loading and just show a blank screen.,pending,medium,8.0
3b52abe0-b73b-4ad2-9857-2738c1be59b2,CUST_01539,2025-11-16,billing,I cancelled but was still billed. Please reverse this charge.,pending,medium,7.0
6772edd8-6668-4de2-b66a-34e4a405b8f9,CUST_01539,2025-09-08,account,Can I downgrade my plan and keep my data?,pending,high,8.0
7825eea7-1c82-4556-88ce-75f50b988409,CUST_01541,2024-09-22,technical,My bank connection keeps disconnecting every few days.,resolved,medium,2.0
13a2e3a7-6f42-4748-8393-d6d4dedb0135,CUST_01541,2024-12-12,technical,"I cannot log in to my account, password reset is not working.",resolved,medium,
c0575dd7-0b48-4e6b-9810-e18f668036fb,CUST_01541,2025-06-25,feature,Please add a dark mode to the dashboard.,resolved,high,13.0
403c037a-eaa6-4eb6-a48f-51dca63355b6,CUST_01541,2025-12-30,billing,"My invoice shows the wrong amount, please help.",open,medium,1.0
2b0f5dcc-29d9-4d34-86ff-533bd2813372,CUST_01542,2025-12-18,feature,Can you add support for multiple currencies?,resolved,low,
e82c2eae-5c89-427e-9e8a-47881ee16040,CUST_01542,2025-05-22,billing,Why did my subscription price increase without notice?,resolved,low,10.0
8f74ab22-f103-4195-aaf9-3fac8aa9704d,CUST_01544,2025-09-16,technical,The app crashes every time I try to run payroll.,open,medium,9.0
e6db7988-1cb8-4040-a630-a6dee9944d1d,CUST_01544,2025-12-03,technical,Reports are not loading and just show a blank screen.,open,low,12.0
430bbcd2-85a3-4abe-add7-29c8cda0d870,CUST_01544,2026-03-29,technical,The app crashes every time I try to run payroll.,resolved,high,4.0
12765190-2a08-4c0e-b3c0-1b03dcaf88d0,CUST_01544,2025-04-29,technical,My bank connection keeps disconnecting every few days.,resolved,medium,14.0
6671c6d2-70e0-4d7e-8101-ea53cfd13ef5,CUST_01545,2026-02-02,billing,"My invoice shows the wrong amount, please help.",pending,medium,8.0
30b799a1-6e64-4dda-9d87-783ad8c4bbd1,CUST_01546,2025-08-13,account,How do I export all my data before cancelling?,open,low,12.0
a9606eaf-2613-4126-bfd1-2cc9d8c00074,CUST_01547,2025-08-05,technical,Reports are not loading and just show a blank screen.,pending,high,1.0
af3c7c94-44f5-4fd7-b949-b8438a8ba8c6,CUST_01547,2026-01-02,account,I need to update my business address and tax ID.,resolved,high,9.0
179b7831-67f7-40a9-9dbc-5a087fce8251,CUST_01547,2025-06-21,technical,"I cannot log in to my account, password reset is not working.",open,high,1.0
4cb066e6-5c12-4eb2-9305-11ec6c823b76,CUST_01547,2025-07-16,technical,The app crashes every time I try to run payroll.,open,medium,7.0
24a5f979-6557-4ca6-ab04-7de9d1b9d38b,CUST_01547,2025-08-31,technical,Reports are not loading and just show a blank screen.,resolved,high,
8be3da10-7a80-4cda-9854-ef882d98bd60,CUST_01547,2026-02-14,feature,I need the ability to set recurring transactions.,open,high,11.0
e627c6ef-a62e-4146-b730-040431ce5c95,CUST_01547,2025-08-12,technical,Reports are not loading and just show a blank screen.,resolved,high,11.0
a06cc484-66cc-49f5-9c8f-228e6a3e6a3e,CUST_01548,2026-03-06,billing,I was charged twice this month and need a refund immediately.,resolved,medium,7.0
71e92dbd-6de7-480a-9cad-3927c4deb91b,CUST_01548,2026-03-05,billing,Why did my subscription price increase without notice?,resolved,high,12.0
f49c15ea-ee7a-477c-9a4d-a7aceaa83c89,CUST_01549,2025-12-21,feature,Is there a way to export data to Excel automatically?,resolved,low,12.0
230539f3-4c91-4121-b745-341b960199b4,CUST_01549,2026-05-18,feature,I need the ability to set recurring transactions.,resolved,high,3.0
6b87fe1e-e6ce-4a79-8439-10a83c1a709d,CUST_01549,2025-07-13,technical,The app crashes every time I try to run payroll.,open,low,
8d196c9d-5b2e-4701-9471-beed49acaa31,CUST_01549,2025-12-21,billing,Why did my subscription price increase without notice?,resolved,low,9.0
5c46a547-f818-41f7-b9b5-1eb93cbeab60,CUST_01550,2025-09-13,billing,Why did my subscription price increase without notice?,open,high,10.0
cb5b46ef-4c29-4fd5-856f-cba80e7b2444,CUST_01550,2026-01-01,account,How do I export all my data before cancelling?,resolved,high,7.0
8ff405f6-7eaa-48f0-9468-537062ddc5cb,CUST_01550,2025-06-18,technical,Reports are not loading and just show a blank screen.,pending,high,1.0
43c32d1a-14a4-4426-b418-edb39fc21486,CUST_01550,2025-11-27,technical,"I cannot log in to my account, password reset is not working.",open,medium,13.0
7ba44e09-7946-432b-b2d8-a41b1c5f776e,CUST_01550,2025-07-31,technical,"I cannot log in to my account, password reset is not working.",pending,high,14.0
49d3bc42-c6eb-4e21-8eaf-376280f5c640,CUST_01551,2026-02-13,account,I need to update my business address and tax ID.,resolved,medium,7.0
19692d5f-a2b0-40d7-a7ea-ae5d51fd83f6,CUST_01551,2025-11-25,billing,I was charged twice this month and need a refund immediately.,open,high,14.0
af6c1080-b7a7-4bca-ac2c-4e3329c34e6a,CUST_01551,2026-05-10,technical,The app crashes every time I try to run payroll.,pending,high,8.0
6389a954-0769-4f7a-bb10-7f4b8a585c19,CUST_01551,2026-03-15,billing,"My invoice shows the wrong amount, please help.",open,low,6.0
6e756f5d-b130-489d-afb1-647b7f9fdc70,CUST_01551,2026-05-05,account,Can I downgrade my plan and keep my data?,pending,high,
34095462-c79f-4fcc-9148-9843ef4a9b65,CUST_01552,2025-10-14,account,How do I add a second user to my account?,pending,medium,8.0
4581fd3c-ee7c-4b25-b5a1-5eee469f6a92,CUST_01552,2026-03-18,account,Can I downgrade my plan and keep my data?,pending,medium,1.0
43d0425a-9380-4cd0-8f2f-66ed6adcc06b,CUST_01552,2025-08-31,account,How do I add a second user to my account?,open,high,14.0
e7d1a6f6-90d8-445f-aae5-682791eb0599,CUST_01553,2026-02-20,technical,The app crashes every time I try to run payroll.,open,medium,7.0
b6f166b1-e3e6-4503-963c-5e4fe2b30098,CUST_01555,2025-12-05,account,Can I downgrade my plan and keep my data?,resolved,high,
91e22afa-772a-4009-81db-6132eab8d7e6,CUST_01555,2025-10-11,technical,Reports are not loading and just show a blank screen.,resolved,low,
b641cc1c-1885-40c1-88d3-e5a1f39641d0,CUST_01555,2025-10-31,technical,"I cannot log in to my account, password reset is not working.",resolved,high,9.0
3a4defb7-e161-4111-9009-73269b2303fd,CUST_01555,2025-11-29,account,I need to update my business address and tax ID.,resolved,low,
6bf65f61-0112-4293-a268-f4049467e83b,CUST_01555,2025-09-30,technical,The app crashes every time I try to run payroll.,open,low,9.0
9bf9567d-76a2-42e7-89d4-1d8312b0db55,CUST_01555,2026-05-08,account,How do I add a second user to my account?,open,low,14.0
6d2600ec-4dd1-45ed-ad13-91dd2e5fd59b,CUST_01555,2026-04-19,feature,Is there a way to export data to Excel automatically?,resolved,medium,5.0
f9cf5811-f3dd-4793-981d-6e913ad6811f,CUST_01556,2026-01-08,account,How do I add a second user to my account?,resolved,low,8.0
29a1c143-f39e-47b2-aaff-e49167c39b20,CUST_01556,2026-02-20,account,How do I export all my data before cancelling?,open,medium,9.0
6a80cc0c-b02e-4815-9785-d43b1c5fd9b7,CUST_01556,2026-03-23,feature,Is there a way to export data to Excel automatically?,pending,low,3.0
01f1d32e-0777-4776-ae8c-f5c87f1fd23b,CUST_01557,2024-12-06,technical,My bank connection keeps disconnecting every few days.,resolved,medium,14.0
93fd913c-a193-4571-84a1-579d713e9f39,CUST_01558,2026-02-11,billing,"My invoice shows the wrong amount, please help.",resolved,low,
d6b255a6-d2f8-4d56-9a62-ca39b37455b6,CUST_01558,2026-04-22,feature,Can you add support for multiple currencies?,resolved,high,4.0
6c2aeb12-fa9e-44d1-b246-11ae355e41ff,CUST_01558,2025-10-31,account,Can I downgrade my plan and keep my data?,pending,high,
3772e1a5-eae2-4d41-a049-6f0e49dcd20e,CUST_01559,2025-08-30,feature,Can you add support for multiple currencies?,open,medium,1.0
b20ecee9-28f4-47ef-8035-fc9885c147b4,CUST_01559,2025-09-09,feature,I need the ability to set recurring transactions.,open,low,12.0
88da05f8-f099-43a9-ab74-83e476749af3,CUST_01560,2025-12-01,feature,I need the ability to set recurring transactions.,resolved,low,3.0
83dfe4b8-4940-4bbd-bddf-6cf3310404e2,CUST_01560,2026-04-17,billing,I cancelled but was still billed. Please reverse this charge.,open,medium,4.0
bdf97134-37a0-4c3e-8bde-3a8541743d79,CUST_01560,2025-11-15,feature,Please add a dark mode to the dashboard.,resolved,medium,9.0
29c46d67-e92f-4c28-b50f-4b74e1ae6838,CUST_01561,2026-02-17,feature,Please add a dark mode to the dashboard.,open,high,10.0
81bc0556-e128-4d88-aa0b-f1a33320ddfa,CUST_01563,2026-03-13,feature,Please add a dark mode to the dashboard.,open,high,1.0
3f5ecc65-ca9c-4d04-be72-3176f7675c0e,CUST_01563,2026-03-12,technical,Reports are not loading and just show a blank screen.,pending,medium,7.0
123f7259-4f70-461c-815a-f0f17e4d0cff,CUST_01563,2025-12-10,feature,Can you add support for multiple currencies?,resolved,high,1.0
4477243f-44d5-425a-abca-8c465ad79589,CUST_01563,2025-07-13,feature,Is there a way to export data to Excel automatically?,pending,low,
b99150c1-418a-40dc-ac6f-5aba2d769805,CUST_01563,2025-11-11,feature,Is there a way to export data to Excel automatically?,open,high,7.0
ecf4b529-a664-436b-baa9-ef87e01054fc,CUST_01563,2025-10-12,billing,I was charged twice this month and need a refund immediately.,open,high,10.0
6f1addb0-9937-41d6-b5ff-06ef015e4f95,CUST_01563,2025-12-09,technical,"I cannot log in to my account, password reset is not working.",open,high,
bdac9741-1439-44ce-95f1-ad19381e4898,CUST_01564,2025-10-05,account,I need to update my business address and tax ID.,pending,high,6.0
08c0aded-c476-4784-8558-32ed98b18143,CUST_01564,2025-12-17,billing,Why did my subscription price increase without notice?,resolved,high,
102a8bae-5cc4-4f25-b5ef-f805bf1620ea,CUST_01564,2024-08-23,feature,Please add a dark mode to the dashboard.,resolved,low,7.0
391b324e-967f-4fe9-8f20-17dbcf18c537,CUST_01564,2025-12-15,feature,Is there a way to export data to Excel automatically?,open,high,9.0
b318f35b-78ac-4d4d-8330-cc3293256cf1,CUST_01564,2026-02-23,feature,I need the ability to set recurring transactions.,pending,high,12.0
1b56089a-ba1a-48cb-bf32-83cd2151d6a9,CUST_01564,2025-06-29,account,I need to update my business address and tax ID.,open,low,5.0
e891a983-78c5-44ad-9c10-05c4ec53a72f,CUST_01564,2025-05-25,account,Can I downgrade my plan and keep my data?,pending,high,12.0
935ed67f-c0c0-4f48-be99-f14f6302356e,CUST_01564,2025-08-04,account,I need to update my business address and tax ID.,open,low,9.0
e3f1ab36-7537-4a2a-a24b-ed392c44c3f1,CUST_01565,2025-11-11,feature,Is there a way to export data to Excel automatically?,resolved,high,4.0
18c3080f-f377-4344-a97c-39dd1bae756a,CUST_01565,2025-08-12,feature,Is there a way to export data to Excel automatically?,resolved,low,1.0
2cc3998f-384d-4bb1-bc16-ac6ed18881f8,CUST_01566,2026-04-17,feature,Is there a way to export data to Excel automatically?,open,low,
0f166469-291d-405c-800f-5502ba08b8e8,CUST_01566,2026-04-25,technical,Reports are not loading and just show a blank screen.,resolved,high,
f2f308c7-96d4-41f6-be19-0a9dd7e1a90e,CUST_01566,2026-03-26,account,How do I export all my data before cancelling?,open,high,3.0
9b5015e8-8cf9-407a-8593-e32f5ba28fcb,CUST_01566,2026-04-14,account,How do I add a second user to my account?,pending,high,5.0
52d0c4ad-a6bc-4d9a-b516-d46cde19e381,CUST_01566,2026-04-19,account,How do I add a second user to my account?,pending,medium,7.0
7b8e81b9-c3b9-4fc8-9713-9fc619aed9a7,CUST_01566,2026-04-25,billing,I was charged twice this month and need a refund immediately.,resolved,high,2.0
03da0143-8315-45c1-8513-8d6e0b24a16a,CUST_01566,2026-05-15,billing,Why did my subscription price increase without notice?,open,medium,14.0
20bec4b1-7eb5-4cb1-be5b-e7936b2c3066,CUST_01567,2025-11-14,account,I need to update my business address and tax ID.,resolved,medium,13.0
90727917-ab4b-469d-8198-49ad5d271ffb,CUST_01568,2025-07-22,account,Can I downgrade my plan and keep my data?,resolved,medium,
5424eb07-e9a5-4c50-a4a2-13d39e3755a8,CUST_01568,2026-02-10,feature,Please add a dark mode to the dashboard.,pending,medium,
7137c955-9c66-4eb8-bb64-11b25ad9e312,CUST_01568,2025-10-28,feature,Please add a dark mode to the dashboard.,open,medium,
f127cd9f-763b-42a5-ae21-94ec1d15d442,CUST_01570,2026-04-08,feature,Can you add support for multiple currencies?,resolved,low,
9205923a-0cb1-4afb-b40b-50b7d4cd9cee,CUST_01570,2026-02-13,account,Can I downgrade my plan and keep my data?,pending,low,7.0
1a26b567-736f-4a0c-990b-774167088ec9,CUST_01572,2024-11-28,account,I need to update my business address and tax ID.,resolved,low,10.0
0c65052d-f2ed-4edf-bbb5-d447a4dac5b2,CUST_01572,2026-01-08,account,I need to update my business address and tax ID.,resolved,medium,
1f995d1e-4cdb-4cd8-83f8-47de070206e4,CUST_01572,2025-03-29,technical,"I cannot log in to my account, password reset is not working.",open,medium,1.0
914cdb2c-2479-4c7c-800f-d47b36a17f5c,CUST_01574,2025-12-10,billing,I cancelled but was still billed. Please reverse this charge.,pending,low,1.0
3387d431-0c76-44a8-a765-6480f0c4158a,CUST_01574,2025-12-01,billing,Why did my subscription price increase without notice?,resolved,high,12.0
07e2e86d-ad4d-423d-9362-70dad2d7da3c,CUST_01575,2026-04-15,billing,I cancelled but was still billed. Please reverse this charge.,resolved,medium,
cec81d50-c25d-44ca-aa8a-fae65df87cbe,CUST_01575,2026-01-05,feature,Please add a dark mode to the dashboard.,open,low,1.0
5766f4a4-e4f3-4601-ad13-d97a18694435,CUST_01575,2026-05-12,account,How do I export all my data before cancelling?,pending,low,8.0
b4dd86ed-371b-4846-97fe-fd1ff04dbca4,CUST_01575,2026-02-12,technical,"I cannot log in to my account, password reset is not working.",pending,low,4.0
2d2ff450-eb4a-4b0b-b3c0-af710ad1d1d6,CUST_01576,2026-01-04,technical,"I cannot log in to my account, password reset is not working.",open,medium,12.0
6ebe5673-40d8-4cb0-991e-e9281e7476dc,CUST_01576,2025-09-12,billing,"My invoice shows the wrong amount, please help.",resolved,high,2.0
8468873e-09a0-4e2b-b7b6-9360c9ee7a47,CUST_01576,2025-11-27,billing,Why did my subscription price increase without notice?,open,low,11.0
7ccd5c09-27e0-4c1a-9db4-d82ac3b4a14c,CUST_01577,2025-05-04,account,How do I add a second user to my account?,resolved,low,14.0
8cc48006-5aa8-43b9-911e-3083dabc3046,CUST_01577,2026-02-28,account,How do I add a second user to my account?,pending,medium,9.0
fac1cda0-7f82-4c87-920a-719608ab3aec,CUST_01577,2025-11-27,billing,I cancelled but was still billed. Please reverse this charge.,pending,high,14.0
81e06c65-dcfd-4014-b34d-f92bdbc15b17,CUST_01578,2026-02-06,account,How do I add a second user to my account?,pending,medium,11.0
68ced6a9-9ca0-4973-b353-c4aff8fdef9a,CUST_01578,2026-02-16,feature,Can you add support for multiple currencies?,resolved,high,6.0
5288e899-5947-4fbe-a441-db2345cffd95,CUST_01578,2026-04-24,technical,The app crashes every time I try to run payroll.,resolved,medium,5.0
503b70db-9658-4226-a939-874cb8b1c904,CUST_01579,2026-04-08,technical,"I cannot log in to my account, password reset is not working.",resolved,high,5.0
dd505015-4bfc-4732-8a2d-f88019ed4c6a,CUST_01580,2025-12-31,technical,Reports are not loading and just show a blank screen.,pending,high,14.0
9c2241f3-eca1-42dc-9dce-13f5c9f4409e,CUST_01580,2026-02-10,billing,I was charged twice this month and need a refund immediately.,open,high,8.0
a15d3e8b-88ab-458a-82b1-b7e428840a1a,CUST_01580,2025-10-24,account,I need to update my business address and tax ID.,resolved,high,6.0
19b5ee97-d6be-481e-b5e2-1e9f53564b44,CUST_01581,2025-03-09,technical,My bank connection keeps disconnecting every few days.,resolved,medium,2.0
a058c946-a099-4619-8e89-94dd97c99824,CUST_01583,2025-10-02,technical,"I cannot log in to my account, password reset is not working.",open,high,9.0
5b19a07a-0e41-49d8-98f6-cfde19408bd1,CUST_01583,2026-04-27,technical,My bank connection keeps disconnecting every few days.,open,low,9.0
e78d59de-c673-4aa7-977f-e0574c95a680,CUST_01583,2024-08-31,technical,"I cannot log in to my account, password reset is not working.",open,high,
76d57456-cf12-4384-9d0e-121f3dcdd1c6,CUST_01584,2025-07-19,technical,Reports are not loading and just show a blank screen.,open,medium,9.0
a22d7cd6-0e7c-417b-b844-ff33cd17d4f6,CUST_01584,2024-09-07,account,I need to update my business address and tax ID.,resolved,low,9.0
2b875a30-e9b0-4cf3-b81d-991f76fdbb45,CUST_01584,2024-11-11,technical,Reports are not loading and just show a blank screen.,resolved,high,6.0
aa856a0b-cf15-4fed-ad7d-2e41e34231a9,CUST_01585,2026-03-05,billing,"My invoice shows the wrong amount, please help.",resolved,medium,3.0
d5048574-8ad5-4616-9b78-8fe406625000,CUST_01585,2026-01-12,technical,Reports are not loading and just show a blank screen.,open,high,13.0
2c9f37ab-edb5-4b15-b8c2-d8c01a3ddd82,CUST_01585,2025-12-06,feature,Please add a dark mode to the dashboard.,resolved,high,
b36b652c-ec46-415f-bc9e-91604030ba16,CUST_01586,2025-11-11,account,How do I add a second user to my account?,pending,low,4.0
71796310-6399-4982-97a9-74f6a5b5c027,CUST_01586,2025-12-13,technical,Reports are not loading and just show a blank screen.,open,medium,8.0
0aada0c8-a16b-4f72-98a6-5fbdb6efbc4a,CUST_01588,2026-04-26,account,I need to update my business address and tax ID.,resolved,medium,
ccd9941d-90e6-4f79-bf46-257cb0cbcfc6,CUST_01588,2026-04-15,feature,I need the ability to set recurring transactions.,open,low,11.0
d414394d-1b91-4a9b-8b78-2c4bbe1b0fc6,CUST_01589,2026-01-30,feature,Can you add support for multiple currencies?,pending,low,6.0
226197b9-1f4f-4be0-a5f0-4c1a1bc8c0f6,CUST_01589,2026-01-12,technical,"I cannot log in to my account, password reset is not working.",open,medium,12.0
fa1493f3-2672-480f-80eb-21c4ccf164b9,CUST_01589,2026-04-12,technical,The app crashes every time I try to run payroll.,pending,high,9.0
7f283e65-60be-4191-910e-003eb8fb14de,CUST_01591,2025-10-28,billing,"My invoice shows the wrong amount, please help.",open,high,
e283b3ce-8bc1-4dd7-aed6-6368357872ec,CUST_01591,2025-12-06,billing,Why did my subscription price increase without notice?,pending,low,10.0
2757e479-a10c-42fa-8456-c81926cb4c87,CUST_01591,2026-04-15,feature,Please add a dark mode to the dashboard.,pending,high,14.0
cc427537-b2d5-4bd5-8b50-9cf87904a474,CUST_01591,2025-11-16,feature,I need the ability to set recurring transactions.,resolved,medium,14.0
a4c11d83-895d-4713-8145-1ecec8e922c3,CUST_01591,2026-03-14,technical,"I cannot log in to my account, password reset is not working.",resolved,medium,3.0
426cc7c0-d4e2-48f0-a5b8-0747401713d1,CUST_01591,2026-04-17,feature,Is there a way to export data to Excel automatically?,open,low,14.0
13581f0a-d90b-4bbf-839e-4a2c68ef42b7,CUST_01591,2026-04-19,account,How do I add a second user to my account?,open,medium,1.0
16c6f0d6-382c-4098-a26b-04d3fe6ef8ec,CUST_01591,2025-09-04,account,Can I downgrade my plan and keep my data?,open,medium,10.0
5a4d4da3-1357-46fd-8995-6e3acb04f30c,CUST_01592,2026-03-01,billing,"My invoice shows the wrong amount, please help.",pending,high,1.0
ed418401-71fb-45ce-98c1-fcc89b785868,CUST_01592,2026-05-12,technical,"I cannot log in to my account, password reset is not working.",resolved,high,8.0
effe0dce-44fe-4a77-a6f3-a034b0995e29,CUST_01592,2025-05-22,feature,Please add a dark mode to the dashboard.,resolved,medium,
3f48ab6d-342e-4230-a1ec-ba09ceab993d,CUST_01592,2025-05-29,billing,I was charged twice this month and need a refund immediately.,pending,medium,9.0
3a89446c-f57a-44cd-bd25-8fd79ef663a8,CUST_01593,2025-04-26,billing,I cancelled but was still billed. Please reverse this charge.,pending,low,1.0
f05f0eb1-1c04-4945-83f3-2092235279b5,CUST_01593,2025-08-18,account,I need to update my business address and tax ID.,open,medium,12.0
b1bcd93c-4c8e-4a8d-8182-64a46ebff510,CUST_01593,2025-05-16,technical,Reports are not loading and just show a blank screen.,open,high,12.0
6fef236a-614e-4ae0-9cd2-a0290cf084c0,CUST_01593,2024-07-25,billing,Why did my subscription price increase without notice?,open,high,
5e955dfc-d8a2-49b0-844d-41736457b6be,CUST_01594,2025-11-16,billing,I was charged twice this month and need a refund immediately.,resolved,low,12.0
6282c4f0-4dad-4529-b1fa-4ad75da9888f,CUST_01594,2025-01-29,feature,Please add a dark mode to the dashboard.,open,medium,6.0
2953ea58-55ae-4a29-9c9f-d7bf2cde33b9,CUST_01594,2025-08-14,technical,Reports are not loading and just show a blank screen.,open,low,5.0
84049438-c8f0-4f72-a6bc-b56cd5311f23,CUST_01594,2026-01-08,technical,"I cannot log in to my account, password reset is not working.",resolved,high,1.0
67d5c1ab-9acd-4cb2-8a19-607f05e46532,CUST_01595,2025-01-04,feature,Please add a dark mode to the dashboard.,pending,low,3.0
02705eb7-f7f3-4be3-9e09-c90cf1a77662,CUST_01595,2025-07-07,billing,I was charged twice this month and need a refund immediately.,pending,medium,4.0
4779510a-b57d-48aa-9111-5729a403bab4,CUST_01595,2026-01-14,account,How do I add a second user to my account?,open,medium,12.0
5624145e-b25c-4970-bd68-ffd456f717ae,CUST_01595,2025-08-17,technical,"I cannot log in to my account, password reset is not working.",resolved,high,8.0
9094b7a3-e17a-4505-8b14-7ead45525dd6,CUST_01596,2026-05-17,technical,The app crashes every time I try to run payroll.,pending,low,4.0
365218e3-046b-4894-9ba0-e4fa270368d5,CUST_01598,2025-06-26,feature,Can you add support for multiple currencies?,pending,high,4.0
1c6e8516-bd9c-4494-8ada-c81e2e08d599,CUST_01598,2025-11-26,account,Can I downgrade my plan and keep my data?,open,low,7.0
c673939a-11bf-4fc2-be5d-38d4a6a188bf,CUST_01598,2025-05-03,account,Can I downgrade my plan and keep my data?,resolved,medium,14.0
5986ecd8-dcb9-4cf0-8536-2f23e3b8db28,CUST_01599,2026-03-20,technical,My bank connection keeps disconnecting every few days.,resolved,low,14.0
83bce444-a45c-4db6-9d34-511c9c6ea01b,CUST_01599,2026-04-05,technical,Reports are not loading and just show a blank screen.,pending,high,3.0
dcd6cd11-394b-42af-88f5-907df4acf9f8,CUST_01599,2026-04-29,technical,Reports are not loading and just show a blank screen.,resolved,high,6.0
66781a04-acc0-4f75-bcc1-702906a534b0,CUST_01600,2024-11-09,account,Can I downgrade my plan and keep my data?,pending,low,9.0
b452af2f-bf46-4854-b66b-00af5d35f318,CUST_01600,2025-02-22,technical,"I cannot log in to my account, password reset is not working.",pending,low,6.0
462308d0-45e6-4f2b-b27e-d491bc8e7018,CUST_01600,2026-03-23,billing,"My invoice shows the wrong amount, please help.",resolved,medium,11.0
5aaea529-92df-4b89-a2ab-8591bb13561c,CUST_01600,2025-04-24,account,Can I downgrade my plan and keep my data?,open,medium,2.0
37b0c291-3613-4a03-9ed6-080cae2ac194,CUST_01602,2025-06-05,billing,"My invoice shows the wrong amount, please help.",open,low,12.0
343c347a-2bc0-4ac2-9eac-9018a22ad064,CUST_01602,2026-04-30,technical,"I cannot log in to my account, password reset is not working.",open,high,14.0
9448e0f4-6cf1-4533-aa11-968dbb7dd797,CUST_01602,2026-01-17,feature,I need the ability to set recurring transactions.,pending,low,9.0
4e788a07-8e03-45d1-87f2-58a497d2cd9f,CUST_01603,2026-03-31,feature,Please add a dark mode to the dashboard.,pending,medium,5.0
9ad77cea-e968-4022-b5d6-044693de61d8,CUST_01603,2026-03-12,feature,Please add a dark mode to the dashboard.,pending,high,
ff02787f-5f18-4196-a19f-d9a72a2685e8,CUST_01604,2025-12-30,technical,"I cannot log in to my account, password reset is not working.",open,low,12.0
6315fdc0-4615-457f-b490-2def03cf9b03,CUST_01605,2025-11-21,billing,Why did my subscription price increase without notice?,pending,medium,1.0
fb9d2983-d0d4-4ff9-95a3-01b45a3b76f6,CUST_01605,2026-04-08,technical,"I cannot log in to my account, password reset is not working.",open,high,4.0
3e2a4f7b-2c6c-46c0-83a0-8ab581761dcc,CUST_01606,2026-02-20,billing,Why did my subscription price increase without notice?,resolved,high,10.0
790ac5ad-8d4d-4813-9060-9c7c13e63866,CUST_01606,2026-02-01,technical,The app crashes every time I try to run payroll.,resolved,medium,7.0
e6dcaf5d-b01a-45e2-ac9e-68b43646dd17,CUST_01607,2026-02-26,billing,"My invoice shows the wrong amount, please help.",open,low,5.0
e4266fef-6e1a-4251-ad69-256f83171b49,CUST_01607,2026-04-11,feature,I need the ability to set recurring transactions.,open,medium,5.0
d9443fa6-97e9-4a77-bc1d-66d7601911e3,CUST_01609,2026-03-14,billing,"My invoice shows the wrong amount, please help.",open,low,8.0
3598829d-8988-4b0c-9623-ea45b549d0b4,CUST_01609,2026-05-03,billing,Why did my subscription price increase without notice?,pending,low,12.0
13546a7f-09f5-4399-a4a1-d7f06cc4e8a7,CUST_01609,2026-03-11,technical,"I cannot log in to my account, password reset is not working.",open,medium,8.0
12f5e6c1-c6b3-4ec7-81c8-0ce4941dc8fc,CUST_01610,2025-11-23,billing,"My invoice shows the wrong amount, please help.",open,medium,
cb816de7-2ac3-4acd-ad5c-0ed2c8c8ff2b,CUST_01610,2026-03-13,billing,I was charged twice this month and need a refund immediately.,open,low,10.0
73b54785-c463-4447-9bc0-6ee311c97469,CUST_01610,2026-03-11,billing,I was charged twice this month and need a refund immediately.,open,low,5.0
6f94497f-7175-46ab-9943-856ec39ea629,CUST_01611,2026-05-07,billing,I was charged twice this month and need a refund immediately.,pending,low,6.0
7261801e-2682-4fed-8feb-c324b1996113,CUST_01611,2025-10-07,feature,Can you add support for multiple currencies?,open,medium,14.0
6c4c1be2-e31e-41ee-b50d-39cee075c62d,CUST_01611,2026-01-12,technical,Reports are not loading and just show a blank screen.,pending,high,4.0
f34a32ea-8cfd-44c0-a58c-9141dba3de51,CUST_01611,2025-10-26,billing,Why did my subscription price increase without notice?,pending,high,10.0
58d889c5-35f1-4d23-bec2-fb68d863bb81,CUST_01612,2026-01-08,billing,"My invoice shows the wrong amount, please help.",pending,low,13.0
7f2e48bd-f66c-418b-b180-27af3b1917d5,CUST_01613,2026-04-03,technical,Reports are not loading and just show a blank screen.,resolved,low,12.0
121fff7a-1a68-44c7-abd6-54ff70fb4c58,CUST_01613,2026-04-12,technical,The app crashes every time I try to run payroll.,resolved,medium,
23e9347e-b1f4-4b25-a3f9-e659f415bb55,CUST_01613,2026-03-11,feature,Is there a way to export data to Excel automatically?,resolved,low,1.0
14dafa8f-782f-44ee-aac1-231237fea150,CUST_01614,2025-06-03,technical,"I cannot log in to my account, password reset is not working.",pending,low,
0e13cd91-d184-4641-9e23-05f457030723,CUST_01614,2025-08-13,feature,I need the ability to set recurring transactions.,open,medium,
e34c3e2e-7215-4956-81e5-0539e07905f5,CUST_01615,2026-02-27,billing,"My invoice shows the wrong amount, please help.",open,medium,8.0
5f1047b5-916e-43ae-adab-9006459a7597,CUST_01616,2026-02-26,billing,"My invoice shows the wrong amount, please help.",open,high,5.0
b640049a-3906-48ae-a03c-7c592e710983,CUST_01616,2024-12-11,billing,I was charged twice this month and need a refund immediately.,resolved,low,9.0
ca7ceee6-001a-4d55-a41f-01bc74eeaa8d,CUST_01617,2026-03-04,feature,Is there a way to export data to Excel automatically?,open,high,7.0
913210a3-d8f8-4d60-8907-80dabba00e11,CUST_01617,2026-04-01,billing,I was charged twice this month and need a refund immediately.,resolved,high,2.0
0311e1e2-ac1c-4146-b25f-4e392747ed9d,CUST_01617,2026-03-24,feature,Can you add support for multiple currencies?,pending,high,4.0
500b5140-a701-4de5-a009-91f489f7ac0c,CUST_01617,2026-04-28,account,How do I add a second user to my account?,resolved,medium,1.0
9661ad55-9be4-4ca6-b55f-89e31b6758bd,CUST_01618,2025-07-30,billing,I cancelled but was still billed. Please reverse this charge.,open,high,6.0
90fdb565-f68b-4292-bc8e-f09f00a8dfb1,CUST_01618,2026-01-14,feature,Can you add support for multiple currencies?,resolved,high,8.0
471cf12e-0f9c-4fee-a67a-6616bab95373,CUST_01619,2026-01-15,feature,Please add a dark mode to the dashboard.,pending,high,12.0
102a14ed-3c3a-4cc8-9987-889cba7acabf,CUST_01619,2025-12-04,feature,Please add a dark mode to the dashboard.,resolved,high,3.0
95584724-0e61-4f0a-b922-96b2b0724bfd,CUST_01621,2026-03-09,feature,Is there a way to export data to Excel automatically?,open,low,14.0
0392e710-cbc7-40cc-8a73-093850222a7f,CUST_01622,2024-12-11,technical,My bank connection keeps disconnecting every few days.,open,high,5.0
79a868f1-2ff1-4a41-9b8f-b1c96ea7b4ee,CUST_01622,2025-04-26,technical,My bank connection keeps disconnecting every few days.,open,high,5.0
1e30652a-b815-4b9c-84ea-08d5aaf3dc44,CUST_01622,2025-11-10,billing,"My invoice shows the wrong amount, please help.",open,low,2.0
f9b20c10-7b1a-41d0-b087-04ba7cbfc0b6,CUST_01622,2026-01-14,feature,Can you add support for multiple currencies?,pending,low,
ffbd2b3a-ea83-4187-83f4-37e9003a6b6e,CUST_01622,2024-11-19,billing,"My invoice shows the wrong amount, please help.",resolved,medium,12.0
39433666-cfd8-477e-bfd4-18eaf74b0469,CUST_01623,2026-01-22,technical,The app crashes every time I try to run payroll.,resolved,high,1.0
37bf6156-d6ea-4e39-8bc1-97730bc26f92,CUST_01623,2026-05-05,feature,Please add a dark mode to the dashboard.,resolved,high,4.0
02153c4a-2f5d-44f5-9b6c-e68df1019f68,CUST_01623,2026-04-15,technical,My bank connection keeps disconnecting every few days.,pending,medium,10.0
72f67ddc-c5cb-4d5c-880c-172214f20631,CUST_01625,2026-03-23,account,How do I add a second user to my account?,pending,low,7.0
2c7b75b2-189a-4a5b-b3e2-f7905b5554d3,CUST_01626,2025-04-12,feature,Please add a dark mode to the dashboard.,resolved,medium,6.0
f2858247-7f8f-4e95-86ea-f2d195b6fd5a,CUST_01627,2026-04-07,feature,Please add a dark mode to the dashboard.,pending,high,6.0
7ad7197c-7250-4b2d-9134-42b75b4e06a7,CUST_01627,2026-03-10,feature,Is there a way to export data to Excel automatically?,resolved,low,3.0
fb2911d2-ebc7-487e-ad4d-a47f1f5409df,CUST_01627,2026-01-28,feature,Please add a dark mode to the dashboard.,pending,high,7.0
ed474205-3199-4200-88d0-7dda7a692c0b,CUST_01628,2025-09-10,feature,Is there a way to export data to Excel automatically?,resolved,low,13.0
ca74affe-a7ca-4f51-9808-7d2d916c48c0,CUST_01629,2025-08-13,account,I need to update my business address and tax ID.,resolved,high,12.0
7379e37a-3aeb-4076-a758-c1794b0b640e,CUST_01629,2025-03-15,feature,I need the ability to set recurring transactions.,pending,low,11.0
ef2e40f3-8b43-48c6-a640-23ba9723f53b,CUST_01629,2025-08-07,billing,Why did my subscription price increase without notice?,resolved,medium,4.0
28457b0f-b669-4d37-8951-cd5ee427dd79,CUST_01629,2025-06-28,feature,Can you add support for multiple currencies?,open,low,5.0
724d6659-0998-4cce-9823-be38b8086f0a,CUST_01629,2026-04-05,feature,Is there a way to export data to Excel automatically?,pending,high,5.0
b389b538-5b63-408d-aad5-eb8355ac9282,CUST_01629,2025-02-26,account,How do I export all my data before cancelling?,resolved,high,3.0
52d14988-4145-40da-8a37-b4e6213d2c39,CUST_01629,2026-02-12,account,I need to update my business address and tax ID.,pending,high,4.0
af490ae1-e4ac-4613-bb41-fea17c9e91e1,CUST_01631,2025-09-14,account,How do I export all my data before cancelling?,resolved,high,5.0
c1f861c4-a400-44f0-b0c8-5a4b44b0b6ee,CUST_01631,2025-08-27,feature,Please add a dark mode to the dashboard.,pending,high,13.0
7db1ba06-46fc-41bc-a845-170339f14751,CUST_01631,2025-10-26,account,I need to update my business address and tax ID.,open,low,2.0
5fd25a5a-c6c2-4d22-aacd-5d79f258cd0d,CUST_01631,2025-08-28,account,I need to update my business address and tax ID.,pending,high,
6f5bd035-f96f-4670-a2c0-372e765d0507,CUST_01631,2025-10-20,technical,The app crashes every time I try to run payroll.,resolved,high,8.0
d270a8ed-269a-4e16-9d27-c89cd7bbdf36,CUST_01633,2026-04-10,account,How do I add a second user to my account?,resolved,high,9.0
6f0f3582-330a-4a19-b731-8df386e80fa3,CUST_01633,2026-04-12,billing,"My invoice shows the wrong amount, please help.",resolved,high,1.0
2d3aa52e-f176-455e-9ecd-598618a86872,CUST_01634,2025-05-03,account,Can I downgrade my plan and keep my data?,resolved,high,6.0
59960a62-81cd-49f4-8c05-ecfec30437be,CUST_01634,2024-07-22,feature,Please add a dark mode to the dashboard.,pending,high,2.0
61b573e1-724d-439b-8dff-93031aaec49d,CUST_01634,2025-05-10,technical,Reports are not loading and just show a blank screen.,resolved,high,
0246dfd3-5fa6-4f8f-a9c2-b34374dfd830,CUST_01634,2025-09-14,feature,Is there a way to export data to Excel automatically?,pending,high,12.0
0281f6d3-50b5-4156-b2c5-2d45fd335288,CUST_01634,2024-08-14,feature,Is there a way to export data to Excel automatically?,resolved,high,11.0
e26ebb18-ae30-418a-9a2c-0854b1e3523e,CUST_01634,2025-03-19,technical,"I cannot log in to my account, password reset is not working.",resolved,medium,3.0
a92ded88-a584-4f18-9917-677daa6265cf,CUST_01634,2024-07-19,technical,"I cannot log in to my account, password reset is not working.",resolved,high,11.0
08857348-1f91-41a4-b0c0-4cd505450673,CUST_01634,2024-08-24,technical,"I cannot log in to my account, password reset is not working.",resolved,high,2.0
1891468e-e955-4ba7-a4d5-b492816734b1,CUST_01636,2025-07-22,feature,Is there a way to export data to Excel automatically?,open,low,1.0
2165b0d3-5081-43be-b327-5eba35055b6f,CUST_01636,2024-09-21,technical,"I cannot log in to my account, password reset is not working.",pending,low,14.0
22c4d173-3692-4826-94bd-3cd6ce63abf8,CUST_01637,2026-04-09,technical,Reports are not loading and just show a blank screen.,pending,high,10.0
2459d537-b62d-45da-af6b-64344ab601f0,CUST_01637,2026-05-01,billing,"My invoice shows the wrong amount, please help.",resolved,high,4.0
9dbb430c-8057-4cb0-9df1-58edd6f4dc4a,CUST_01637,2025-11-14,billing,I cancelled but was still billed. Please reverse this charge.,resolved,high,11.0
806de047-c4f3-40fe-a23d-87953c3216de,CUST_01637,2026-01-10,billing,"My invoice shows the wrong amount, please help.",pending,low,6.0
8c598393-22f6-4a91-9b9b-fc7346a8240f,CUST_01637,2026-04-25,feature,I need the ability to set recurring transactions.,pending,high,12.0
706401b6-598a-4bb2-96f1-405f2f4ec0f9,CUST_01637,2026-03-07,account,I need to update my business address and tax ID.,resolved,medium,6.0
cff5eea9-5fc1-4cb3-b5b4-fbb9363c492f,CUST_01637,2026-04-19,account,Can I downgrade my plan and keep my data?,open,high,5.0
dd506f98-64eb-45e0-8676-7518ef720cd6,CUST_01637,2025-11-18,feature,Can you add support for multiple currencies?,open,high,3.0
f54df140-5feb-43b3-9930-c91ddce975a4,CUST_01638,2025-07-16,technical,Reports are not loading and just show a blank screen.,resolved,medium,
e78512c0-ea19-4cc3-a470-2bfefa801fe6,CUST_01638,2026-03-26,technical,My bank connection keeps disconnecting every few days.,pending,low,9.0
82ab5bce-7500-4d92-852d-92101b74e17f,CUST_01638,2025-11-21,account,I need to update my business address and tax ID.,resolved,low,11.0
420d74f3-d044-4eb8-a0e2-3482b124fd4e,CUST_01638,2025-08-01,technical,"I cannot log in to my account, password reset is not working.",open,low,9.0
d6a4b5d5-1748-487c-80d9-4acba8095e01,CUST_01639,2026-05-16,account,I need to update my business address and tax ID.,resolved,low,9.0
9d1a58aa-bbf4-460a-a8cd-c6222919b2b1,CUST_01639,2026-03-17,billing,"My invoice shows the wrong amount, please help.",pending,medium,5.0
c4631a0e-6588-4bda-a023-3bc9059d0d1c,CUST_01639,2026-04-26,feature,Can you add support for multiple currencies?,resolved,medium,5.0
609d5cc2-47c5-42a9-ae10-e438311a32fa,CUST_01639,2026-03-24,account,I need to update my business address and tax ID.,pending,high,6.0
a8dbe54f-eaaf-41c9-9185-e9e4dc6e05c4,CUST_01640,2026-02-24,feature,I need the ability to set recurring transactions.,pending,medium,2.0
a499e96d-bf4b-4fb7-940c-906c9e7a2799,CUST_01640,2025-11-15,billing,I cancelled but was still billed. Please reverse this charge.,open,medium,9.0
5a46b4cc-202c-4974-92d5-86a279103cfc,CUST_01640,2026-04-18,technical,The app crashes every time I try to run payroll.,pending,medium,1.0
15c89459-fcc7-46e5-86be-beb6ff4e803b,CUST_01641,2025-12-12,technical,The app crashes every time I try to run payroll.,resolved,high,6.0
2aac04ab-807e-4be0-96b2-52d3223ff654,CUST_01641,2025-04-23,feature,Is there a way to export data to Excel automatically?,open,low,5.0
9ce7062d-144f-4a47-aa1c-16335601f24a,CUST_01641,2025-05-06,billing,I was charged twice this month and need a refund immediately.,resolved,medium,14.0
f605fdc1-afc4-47cd-afb4-2deead57d4a9,CUST_01642,2025-11-17,billing,I was charged twice this month and need a refund immediately.,resolved,medium,6.0
fa8d8ff9-1fe4-4b11-be9e-3bc6c6dbbda4,CUST_01642,2026-03-23,account,Can I downgrade my plan and keep my data?,pending,low,14.0
caca9612-60ad-4df1-9176-c24c3ee5f89c,CUST_01643,2025-08-15,billing,Why did my subscription price increase without notice?,open,low,2.0
18d5c8c0-3301-4a96-b30d-660e3cf10d0c,CUST_01643,2025-07-31,account,How do I export all my data before cancelling?,resolved,low,
ee71e36c-cc1b-4179-b484-18659a1be9d3,CUST_01644,2025-12-04,account,How do I add a second user to my account?,open,low,13.0
ab1ef13f-d776-4f57-ae7a-2dced802b347,CUST_01644,2025-04-20,billing,I cancelled but was still billed. Please reverse this charge.,open,low,2.0
a83e1215-ac64-41f8-bef4-c9a20f43361f,CUST_01644,2025-04-28,billing,"My invoice shows the wrong amount, please help.",open,medium,
60694483-d42b-4ed6-9636-53d3dafcf7a3,CUST_01644,2026-01-18,technical,My bank connection keeps disconnecting every few days.,open,high,12.0
aff58e5a-3205-49c1-9d7d-d4a0358c8e2e,CUST_01645,2025-11-06,billing,"My invoice shows the wrong amount, please help.",pending,low,7.0
9b752521-036b-4792-a2da-f70b62806223,CUST_01645,2026-02-07,technical,Reports are not loading and just show a blank screen.,open,medium,12.0
d576b8a7-99de-4576-965d-8c942ada90a1,CUST_01645,2025-05-08,feature,Can you add support for multiple currencies?,resolved,low,11.0
a7d27da7-4ea4-42b3-91a2-460aff9f361f,CUST_01645,2026-02-12,billing,I cancelled but was still billed. Please reverse this charge.,pending,high,5.0
5ee2c8ec-3ae8-4a23-bd8e-a0f170983e09,CUST_01646,2026-04-26,technical,"I cannot log in to my account, password reset is not working.",pending,low,14.0
f0098163-755d-48f0-9bc9-1f382c1ca50b,CUST_01646,2026-05-09,account,I need to update my business address and tax ID.,open,high,10.0
a34eceb1-e633-479a-bf2f-6eb99ffda7df,CUST_01648,2025-12-09,technical,The app crashes every time I try to run payroll.,pending,low,
8515b0fb-a05a-4f02-9b9c-f6c971f33011,CUST_01648,2025-09-23,technical,Reports are not loading and just show a blank screen.,resolved,high,1.0
93454edb-2aff-4c44-9d73-35f441e5f5b0,CUST_01648,2026-01-11,technical,"I cannot log in to my account, password reset is not working.",resolved,high,14.0
621f72e4-0d8c-4900-afe3-0d681f6a3db9,CUST_01648,2025-01-17,feature,Is there a way to export data to Excel automatically?,pending,high,14.0
d9cb5edf-87e1-407e-a8ce-c8453909c56d,CUST_01648,2025-03-03,billing,Why did my subscription price increase without notice?,open,medium,13.0
03c70142-4927-447a-8533-79f419f622b3,CUST_01649,2025-10-20,account,Can I downgrade my plan and keep my data?,open,low,9.0
8e7086b4-aa31-4aad-83d7-a2ed13ca8901,CUST_01649,2025-06-15,billing,Why did my subscription price increase without notice?,open,low,8.0
797b8051-cd9c-4887-94bc-9d57a2d95326,CUST_01651,2025-08-31,billing,Why did my subscription price increase without notice?,open,low,
94c84b6c-7b7c-4d44-966a-4bf29cf41e94,CUST_01652,2025-02-18,technical,The app crashes every time I try to run payroll.,pending,low,13.0
6847ba6d-4e55-480a-badd-bcc86322b342,CUST_01652,2025-01-18,technical,Reports are not loading and just show a blank screen.,resolved,high,
842cc9ec-cd63-4d73-b84b-9f79ec4bfeba,CUST_01652,2025-10-25,account,I need to update my business address and tax ID.,open,low,6.0
070d36cb-fbb3-49ac-bc1f-3f6ab16ef912,CUST_01653,2026-05-14,feature,Can you add support for multiple currencies?,open,low,1.0
f4b99860-1b2a-4de6-adee-15051501b629,CUST_01653,2026-04-28,technical,My bank connection keeps disconnecting every few days.,open,high,3.0
2f1f7b4a-fb43-4bca-9b6b-8c328bf0231a,CUST_01653,2026-05-04,technical,My bank connection keeps disconnecting every few days.,resolved,medium,3.0
d06cce05-a087-4f28-a31c-74ed58459768,CUST_01653,2026-05-06,billing,I cancelled but was still billed. Please reverse this charge.,open,high,8.0
c693af2c-d364-4d08-9591-6da3785d5b96,CUST_01653,2026-05-07,billing,"My invoice shows the wrong amount, please help.",resolved,medium,2.0
7c00d819-f53f-46e7-be43-6289c1e58afe,CUST_01654,2026-04-29,feature,I need the ability to set recurring transactions.,pending,high,7.0
8682c6f0-5adc-428a-b58c-6696d80781c9,CUST_01654,2025-07-22,technical,My bank connection keeps disconnecting every few days.,resolved,low,
90ad193c-b561-4489-85da-142b3a704992,CUST_01654,2025-07-09,billing,I cancelled but was still billed. Please reverse this charge.,open,medium,5.0
e4ca6720-4df1-494e-8dbd-b6153dc93c6f,CUST_01654,2026-04-10,feature,Please add a dark mode to the dashboard.,pending,medium,7.0
47507b38-1da4-44e1-8280-e9a2f8585a9a,CUST_01655,2025-07-16,account,Can I downgrade my plan and keep my data?,open,low,
89a5087a-987f-4c4a-acbb-6c2961cd5eb6,CUST_01655,2025-11-25,feature,Please add a dark mode to the dashboard.,pending,low,4.0
796948e2-8c5a-4881-91a9-1ee54a3d12b4,CUST_01656,2026-01-31,feature,Please add a dark mode to the dashboard.,pending,high,6.0
cb938424-85fc-4bc1-a7c7-ba1de451f6f9,CUST_01656,2026-04-01,account,How do I export all my data before cancelling?,resolved,low,14.0
beff0db2-9fa1-4c4e-b058-d12ad65f85e0,CUST_01656,2025-10-19,account,I need to update my business address and tax ID.,pending,low,5.0
57b979a1-1f33-4968-b898-8e6084015df8,CUST_01656,2026-02-05,billing,"My invoice shows the wrong amount, please help.",resolved,high,4.0
8d635c05-09d6-473d-9a52-538b19f08930,CUST_01656,2025-11-20,billing,"My invoice shows the wrong amount, please help.",open,medium,9.0
79251fa0-2826-4e0b-a764-fb29b9cf00b5,CUST_01656,2026-04-25,feature,I need the ability to set recurring transactions.,resolved,low,4.0
c3a2059a-2cb3-4d97-a51d-c7cc88c0ec81,CUST_01656,2026-01-15,account,How do I add a second user to my account?,open,high,9.0
935f2749-fbdf-4e3a-9f5f-977cfc35cfca,CUST_01656,2026-04-25,technical,"I cannot log in to my account, password reset is not working.",resolved,high,2.0
99a75322-55ba-471b-bb41-1dfe87abebff,CUST_01658,2026-03-25,account,Can I downgrade my plan and keep my data?,pending,medium,10.0
2629a862-a1a6-4483-a5e3-2d0a21a6829d,CUST_01658,2025-01-18,feature,Is there a way to export data to Excel automatically?,open,medium,
8a44ac0f-dcf9-43c8-bd12-e8a3e52a46a0,CUST_01658,2025-10-20,account,I need to update my business address and tax ID.,pending,low,
ca7a0131-5f9b-4e0a-8048-7771ed6193cd,CUST_01658,2025-08-20,account,I need to update my business address and tax ID.,resolved,low,13.0
d91ee39b-a191-4789-abaf-4152ae5d298c,CUST_01659,2026-04-09,technical,The app crashes every time I try to run payroll.,pending,low,2.0
4a47d000-e2c4-4b73-8dab-56bc53effe50,CUST_01659,2026-02-28,feature,I need the ability to set recurring transactions.,resolved,low,7.0
d7f1e078-3923-4381-9390-92ee9a5a8095,CUST_01659,2026-03-30,feature,I need the ability to set recurring transactions.,open,low,5.0
a2d30501-2bda-448c-b45f-cb7ebde0dac7,CUST_01659,2026-03-02,account,Can I downgrade my plan and keep my data?,resolved,high,5.0
4a6c52ab-1be7-4f5e-9742-0b45a8f4ad32,CUST_01660,2025-10-28,billing,I cancelled but was still billed. Please reverse this charge.,open,high,12.0
79a95324-c6e4-4ac7-87bb-0d8afce12555,CUST_01661,2025-09-25,account,How do I add a second user to my account?,pending,low,
127d1ef4-f4da-4d7f-ae67-8e5a396a954e,CUST_01663,2026-03-20,account,I need to update my business address and tax ID.,pending,low,13.0
e1d9aa96-1134-4b11-abd0-2dd4d44b734b,CUST_01663,2026-03-23,account,I need to update my business address and tax ID.,pending,high,14.0
4f85cbf1-ec1c-4616-b827-383a91baafa5,CUST_01663,2025-11-12,account,Can I downgrade my plan and keep my data?,open,medium,13.0
6d2da58a-b65d-4c2e-83b4-d22b5a7ff3fd,CUST_01663,2025-12-31,billing,Why did my subscription price increase without notice?,open,low,6.0
53c98730-effd-4629-879f-4c73ecdeac9a,CUST_01664,2026-02-27,feature,Can you add support for multiple currencies?,resolved,low,2.0
a2d97e8a-6be6-4295-8083-93183b3ca920,CUST_01664,2026-03-15,billing,Why did my subscription price increase without notice?,open,high,
382a853a-05db-4385-a89a-52215c566fce,CUST_01664,2026-04-06,technical,The app crashes every time I try to run payroll.,open,low,12.0
b26bd4ab-2023-43c1-8543-d51a4f4178de,CUST_01664,2026-04-08,billing,Why did my subscription price increase without notice?,pending,high,5.0
6888d539-be77-442b-8b3e-59c20cc6047f,CUST_01664,2026-02-21,technical,"I cannot log in to my account, password reset is not working.",open,high,1.0
e65d2c20-62b5-4309-b6b4-972983b22f97,CUST_01664,2026-01-31,billing,I was charged twice this month and need a refund immediately.,open,high,14.0
aa64dbc1-259d-4d67-8046-7401faa15403,CUST_01665,2025-03-30,technical,"I cannot log in to my account, password reset is not working.",open,medium,4.0
dae21cc1-c6fe-450c-907c-97867d91ee01,CUST_01666,2026-03-15,account,How do I export all my data before cancelling?,pending,low,10.0
afbfcf2c-3aa9-40a5-9b90-3435db9257dd,CUST_01669,2026-03-16,feature,Can you add support for multiple currencies?,resolved,high,3.0
1e875e44-73ce-4b63-96d7-55963dadfdf4,CUST_01670,2026-03-23,feature,I need the ability to set recurring transactions.,open,high,10.0
3d7c5c5f-ba05-49a3-b96b-44e1e3d2da83,CUST_01670,2025-12-13,feature,Is there a way to export data to Excel automatically?,open,low,12.0
3129e65f-37e6-4ccc-b1d6-5395eff22538,CUST_01671,2025-08-29,feature,Please add a dark mode to the dashboard.,open,high,11.0
09b475a6-1136-4679-9494-503abbe7401a,CUST_01672,2026-05-17,feature,Is there a way to export data to Excel automatically?,resolved,medium,2.0
e0d0808c-d454-430c-98c9-b138e28a8ef9,CUST_01672,2026-03-11,billing,I cancelled but was still billed. Please reverse this charge.,resolved,high,8.0
57166b67-6191-46aa-99f6-ce89697038d8,CUST_01672,2026-03-31,feature,Is there a way to export data to Excel automatically?,pending,high,9.0
41d891e0-8492-46bf-9783-149a2475205b,CUST_01672,2026-03-16,billing,I was charged twice this month and need a refund immediately.,pending,medium,14.0
35e695e3-8148-4820-9b68-061c5e6b2faf,CUST_01673,2025-12-29,feature,I need the ability to set recurring transactions.,pending,high,6.0
ff8b83b3-ab7a-4bec-adb2-a363925813a3,CUST_01673,2026-05-13,account,I need to update my business address and tax ID.,open,low,14.0
2ad7402c-5494-4eb4-9012-0aacbc3c7aef,CUST_01673,2025-12-29,feature,Please add a dark mode to the dashboard.,pending,low,4.0
0a7de961-df47-44ee-92b7-6fae417a05ee,CUST_01674,2025-07-30,account,How do I export all my data before cancelling?,resolved,low,7.0
481273bd-1b51-442c-af81-b6a714b842fb,CUST_01674,2025-08-28,feature,Can you add support for multiple currencies?,open,high,12.0
e6970d98-256b-4762-a3eb-e19c3dd27305,CUST_01675,2026-05-13,technical,Reports are not loading and just show a blank screen.,pending,low,
35b961b9-1117-4366-a095-6b686b3fe39a,CUST_01675,2025-12-11,feature,Is there a way to export data to Excel automatically?,resolved,high,2.0
f919ad63-ea98-4590-bc7e-1837d5441d22,CUST_01677,2026-04-23,billing,I cancelled but was still billed. Please reverse this charge.,resolved,medium,8.0
aaddda24-da57-4e7a-ad38-a82f4a0bffe9,CUST_01678,2025-07-15,technical,The app crashes every time I try to run payroll.,pending,high,
e94a6feb-4733-4627-9b20-92c234c28c3c,CUST_01678,2026-01-17,feature,Can you add support for multiple currencies?,resolved,medium,3.0
f05d899e-829f-484f-a3e9-2734a1cadaa2,CUST_01679,2026-01-23,technical,Reports are not loading and just show a blank screen.,resolved,low,7.0
83921022-a034-4138-a148-78fab55de8cc,CUST_01679,2025-10-15,billing,"My invoice shows the wrong amount, please help.",pending,low,3.0
42fcc5fd-b762-4a96-9a4e-ba83b3425524,CUST_01679,2026-04-19,account,I need to update my business address and tax ID.,resolved,medium,
b8d56ca9-9c6e-4ee6-8dfe-3758279c7c79,CUST_01679,2025-10-18,feature,Can you add support for multiple currencies?,pending,high,7.0
bb7414d6-bd6a-4c3b-ba6b-c8fc31e66d89,CUST_01680,2026-05-12,account,How do I export all my data before cancelling?,resolved,medium,4.0
3034b6d1-2c99-4bdd-9411-c3776ec43f74,CUST_01680,2025-12-26,billing,"My invoice shows the wrong amount, please help.",resolved,low,1.0
f53d0f42-3e74-4e6e-9f20-cb1928593838,CUST_01680,2026-04-09,billing,I cancelled but was still billed. Please reverse this charge.,resolved,high,2.0
385f4117-94a7-4679-b42f-42c548f59fbf,CUST_01682,2025-03-03,billing,I was charged twice this month and need a refund immediately.,resolved,high,10.0
55365867-3ed1-4dc0-854d-4a73e299cf76,CUST_01682,2025-02-10,account,How do I export all my data before cancelling?,resolved,high,4.0
f4d95e81-58cb-4b2e-a417-e80641b35c78,CUST_01682,2024-12-06,feature,Please add a dark mode to the dashboard.,pending,medium,11.0
9451fc26-4102-472b-bdda-9f9d6c4789db,CUST_01682,2026-03-19,feature,Please add a dark mode to the dashboard.,pending,high,3.0
505b4ab9-174d-4665-a280-2cde7dcbf37c,CUST_01682,2026-02-11,feature,Can you add support for multiple currencies?,resolved,low,10.0
e14ee66d-a8ca-4e84-ad59-47a6ce82e643,CUST_01682,2024-09-24,feature,Is there a way to export data to Excel automatically?,resolved,high,8.0
7f9a503e-8238-46a8-a462-0bc6526120bc,CUST_01682,2025-03-19,feature,Please add a dark mode to the dashboard.,pending,medium,8.0
1398df5e-9ee3-4af0-8ef1-7559da0677ce,CUST_01683,2025-12-19,account,How do I add a second user to my account?,open,high,14.0
b4b5fc54-8273-4626-a821-cbd7d5f8effb,CUST_01683,2024-12-30,technical,My bank connection keeps disconnecting every few days.,open,high,10.0
7a984ec9-1886-4b65-aabb-375b9b74a922,CUST_01684,2026-04-12,technical,The app crashes every time I try to run payroll.,resolved,low,
68cb2411-b0a2-4ea8-ba0f-c28457ef19dd,CUST_01684,2026-02-10,billing,I was charged twice this month and need a refund immediately.,resolved,low,11.0
e3902450-1deb-4c55-bb5b-257b6148912f,CUST_01685,2025-06-30,account,Can I downgrade my plan and keep my data?,pending,low,10.0
2919b68c-d890-4058-9df1-c03e1d3f6a4f,CUST_01685,2026-02-01,technical,My bank connection keeps disconnecting every few days.,open,low,7.0
ef03e755-8f99-4df6-a0c1-b8f0f73d29e6,CUST_01685,2025-04-07,feature,I need the ability to set recurring transactions.,open,medium,6.0
e08f5092-5056-4752-b2c9-34aeb3b8f146,CUST_01685,2025-12-14,feature,Can you add support for multiple currencies?,pending,high,13.0
07f16ccd-64a5-4c8f-81f5-c18f4236b2fc,CUST_01687,2024-11-21,technical,The app crashes every time I try to run payroll.,resolved,medium,7.0
6c811d02-9e32-4a3a-abe7-fe572c8c766a,CUST_01687,2026-02-15,feature,Please add a dark mode to the dashboard.,open,low,
5197fda3-2019-48ee-92ba-910754a47528,CUST_01688,2026-02-25,account,How do I add a second user to my account?,resolved,medium,11.0
c0cf25b0-1498-4393-8762-8d7e0b28f1b4,CUST_01691,2026-05-11,billing,I was charged twice this month and need a refund immediately.,resolved,high,10.0
b0327a75-df81-48b2-8bc0-bebd676597ae,CUST_01691,2025-01-07,account,Can I downgrade my plan and keep my data?,pending,medium,
fa13b7ca-6114-44fc-816e-703fe4a7729a,CUST_01691,2024-10-19,billing,I cancelled but was still billed. Please reverse this charge.,pending,medium,5.0
e115de1f-4947-4bd8-b412-da178bb4579a,CUST_01692,2025-04-27,account,I need to update my business address and tax ID.,open,low,
8570fcca-58e1-49c8-972c-95598d061bbf,CUST_01693,2026-05-10,feature,Please add a dark mode to the dashboard.,pending,high,
0ba957ef-85b8-47ef-9b9b-a671ebc29ee9,CUST_01693,2026-02-03,billing,Why did my subscription price increase without notice?,pending,medium,14.0
91961236-d5b4-4497-9a42-7b3f4126b61d,CUST_01693,2025-11-18,feature,I need the ability to set recurring transactions.,pending,medium,14.0
f985037d-06bd-4e2b-9d27-72eac35d4d3c,CUST_01695,2025-04-06,feature,Can you add support for multiple currencies?,resolved,high,6.0
9241c17c-b99c-4144-945c-8d92a3895203,CUST_01695,2025-05-27,technical,Reports are not loading and just show a blank screen.,open,medium,7.0
4ac37a37-2216-4b82-afd0-5fc04e15b8e1,CUST_01695,2026-03-10,feature,Can you add support for multiple currencies?,open,medium,7.0
f3097057-a947-4cdf-ac91-6155e11e4f11,CUST_01697,2026-05-07,feature,Is there a way to export data to Excel automatically?,resolved,high,3.0
ae7ca048-9641-4b24-af63-7df57e66d798,CUST_01697,2026-05-03,technical,My bank connection keeps disconnecting every few days.,open,medium,6.0
904fa8eb-09b5-4d7b-96a5-bc4aa6376e98,CUST_01697,2026-04-29,feature,I need the ability to set recurring transactions.,open,medium,
b1daacf6-d852-457a-9f77-d6c90928a6d7,CUST_01698,2026-01-02,billing,"My invoice shows the wrong amount, please help.",open,high,3.0
99cf7fac-56d6-448a-887b-a4b17af5c047,CUST_01698,2026-04-19,technical,My bank connection keeps disconnecting every few days.,resolved,high,12.0
761ea936-936d-4416-a324-77879308a61c,CUST_01698,2026-03-15,account,Can I downgrade my plan and keep my data?,open,high,2.0
6385de2b-69a7-4ac7-8792-670dd77e5726,CUST_01698,2026-03-29,billing,I was charged twice this month and need a refund immediately.,resolved,low,
ee167757-399a-44db-bef3-e1166f27a89e,CUST_01698,2026-02-13,account,How do I export all my data before cancelling?,open,medium,10.0
2d524c58-046b-4ed5-938b-5642ecd33098,CUST_01698,2026-01-02,billing,Why did my subscription price increase without notice?,pending,high,
799addaa-5646-403c-8e91-f9f6aeecf239,CUST_01699,2026-01-10,feature,Can you add support for multiple currencies?,open,medium,5.0
6ec50aea-b6be-45c5-b76a-7e24e7fbb6ba,CUST_01699,2025-11-28,technical,The app crashes every time I try to run payroll.,open,low,13.0
f483c559-69c2-4585-98e1-2a994315e8d5,CUST_01700,2025-10-22,account,How do I export all my data before cancelling?,resolved,low,11.0
c74584e6-c13f-47bb-8d75-16d5505a0f0b,CUST_01700,2025-12-18,technical,The app crashes every time I try to run payroll.,open,high,13.0
a6615440-6ec4-403f-bccd-3669112bf081,CUST_01702,2026-03-19,technical,Reports are not loading and just show a blank screen.,pending,high,7.0
15e1e074-fc5b-4861-88f3-b8ae35f02d56,CUST_01702,2026-03-12,account,Can I downgrade my plan and keep my data?,pending,low,9.0
5f15926b-a7ba-42c0-848d-2d37eeee00a7,CUST_01702,2026-04-06,feature,Please add a dark mode to the dashboard.,resolved,high,
a0b6e394-b043-45a2-a478-bd5c731c42df,CUST_01703,2025-07-11,billing,I was charged twice this month and need a refund immediately.,pending,low,7.0
6e6d06a4-529f-4838-8aa3-89b396978a6f,CUST_01703,2025-06-26,billing,I was charged twice this month and need a refund immediately.,pending,medium,9.0
20cf7cd9-e178-44d1-96c4-8514efa51587,CUST_01704,2026-01-27,technical,My bank connection keeps disconnecting every few days.,pending,medium,1.0
edb1caed-bd56-4441-b430-b9822b5a15c5,CUST_01704,2025-10-11,feature,Please add a dark mode to the dashboard.,open,low,9.0
4bf6338b-0426-41f5-b4dc-0fff51c29d9a,CUST_01704,2026-05-18,billing,I was charged twice this month and need a refund immediately.,resolved,medium,9.0
00fa58d8-8a1f-45d3-8fb1-9c9b22b91ff8,CUST_01705,2026-04-24,billing,I cancelled but was still billed. Please reverse this charge.,resolved,low,3.0
196cbdc9-1483-474f-8e53-80c0c908a238,CUST_01705,2026-05-07,account,How do I export all my data before cancelling?,resolved,high,8.0
7ec5ae82-6e08-4555-9413-b413185f65c7,CUST_01705,2026-05-02,technical,"I cannot log in to my account, password reset is not working.",resolved,medium,2.0
fc8b4b7d-94b3-4caa-af84-ff8129531d10,CUST_01706,2025-05-04,technical,"I cannot log in to my account, password reset is not working.",pending,high,
ce063aa3-042d-4f16-9e74-114eebfb9458,CUST_01706,2024-10-23,technical,My bank connection keeps disconnecting every few days.,open,high,10.0
1d43da09-c3c0-40f7-96aa-1218f3e2e3e7,CUST_01706,2026-01-31,technical,My bank connection keeps disconnecting every few days.,resolved,low,1.0
18a18e9f-36f8-4e09-8949-b7985f2996f2,CUST_01707,2025-12-12,account,Can I downgrade my plan and keep my data?,pending,medium,13.0
4f846cae-a3d2-4607-a61e-ba5fd2293e0e,CUST_01707,2026-02-03,technical,"I cannot log in to my account, password reset is not working.",resolved,low,5.0
271f54e0-78ca-4e1e-8284-21026a2fbf01,CUST_01708,2026-04-16,technical,The app crashes every time I try to run payroll.,resolved,high,3.0
da0aa0de-f96a-448b-8193-de968aff1603,CUST_01709,2026-05-12,account,How do I export all my data before cancelling?,open,low,11.0
b218186d-1302-4d07-939c-2c5998fdb7be,CUST_01710,2026-01-15,feature,I need the ability to set recurring transactions.,resolved,high,5.0
fa49479b-72db-4873-a565-1375624d82bf,CUST_01710,2025-01-10,billing,"My invoice shows the wrong amount, please help.",open,high,11.0
89534060-2ac6-4ac6-9006-254bcc625805,CUST_01711,2026-05-15,account,Can I downgrade my plan and keep my data?,pending,medium,13.0
179ad7fe-e8ae-44fc-ac3f-5cf11ef7dedb,CUST_01711,2025-08-28,account,Can I downgrade my plan and keep my data?,open,medium,
b5d42535-1848-4e76-896d-eea0f90805ea,CUST_01711,2025-06-08,billing,I cancelled but was still billed. Please reverse this charge.,resolved,medium,2.0
d0f63b51-f6f0-49f6-b2bc-93d177c4ce63,CUST_01711,2025-03-06,feature,Can you add support for multiple currencies?,open,medium,4.0
541421e3-0f2b-4237-8a68-eb142e8796d0,CUST_01712,2026-04-11,feature,Please add a dark mode to the dashboard.,open,medium,9.0
eda9348c-01d8-4d36-b494-6ba48594f123,CUST_01712,2026-03-06,technical,Reports are not loading and just show a blank screen.,pending,medium,1.0
88708586-b95b-4843-ac63-ec295688aa21,CUST_01712,2026-05-03,feature,Is there a way to export data to Excel automatically?,resolved,low,2.0
ab3f416d-6812-4202-9b52-639727b0a5cf,CUST_01712,2026-01-22,technical,The app crashes every time I try to run payroll.,pending,high,9.0
07fd5f81-652a-4102-b77b-e34bd4035f5c,CUST_01713,2026-02-15,billing,I cancelled but was still billed. Please reverse this charge.,resolved,medium,5.0
c37661d7-7817-4cf5-9af4-b27e55369214,CUST_01714,2026-04-23,technical,My bank connection keeps disconnecting every few days.,resolved,high,
2d86d6a7-2d8b-4b9d-bebb-2dc7018ec0e7,CUST_01714,2026-05-13,technical,"I cannot log in to my account, password reset is not working.",pending,low,1.0
e3e6d8bd-16e0-4215-989f-c004c1efc722,CUST_01714,2026-04-19,account,How do I export all my data before cancelling?,open,low,
6289c792-8cd3-4b08-84e6-b331e937174f,CUST_01714,2026-04-03,billing,I cancelled but was still billed. Please reverse this charge.,pending,high,
06b017e5-8110-4036-92fb-92581e48e9f7,CUST_01715,2025-08-25,technical,Reports are not loading and just show a blank screen.,open,medium,5.0
e7756f05-5160-4960-8784-b9038c07bb97,CUST_01716,2025-06-21,account,I need to update my business address and tax ID.,open,medium,
050bf20d-3e03-42f2-b7da-d74474209c9a,CUST_01717,2026-04-11,billing,I was charged twice this month and need a refund immediately.,open,high,2.0
b49b3b1d-7306-4201-9127-d9067b2f10ed,CUST_01717,2026-01-22,feature,Can you add support for multiple currencies?,resolved,high,4.0
1c0b8a44-32a3-4bb0-a2a2-b48613ad13d6,CUST_01717,2026-05-08,technical,Reports are not loading and just show a blank screen.,resolved,high,3.0
7dea669d-d090-4446-ae24-20403526e941,CUST_01718,2025-02-18,account,How do I export all my data before cancelling?,resolved,high,9.0
048d9314-2ac0-4bbf-9916-15809bc1b64e,CUST_01718,2025-02-05,technical,Reports are not loading and just show a blank screen.,open,medium,4.0
308817ee-9738-462a-b254-33c52d81a8d1,CUST_01719,2024-09-27,technical,My bank connection keeps disconnecting every few days.,resolved,high,
fd6a11c4-d350-4602-9a6a-4ef3982adc58,CUST_01719,2026-03-14,feature,Is there a way to export data to Excel automatically?,resolved,high,7.0
97fd5f16-3571-4ced-a5f8-54d5a8984904,CUST_01720,2025-04-20,technical,My bank connection keeps disconnecting every few days.,resolved,high,1.0
712dc50e-b494-4334-a7ff-40d0d4e013c5,CUST_01720,2025-01-28,technical,My bank connection keeps disconnecting every few days.,open,medium,10.0
eebc8bac-a633-4ad2-923b-9020f2f61b19,CUST_01720,2026-01-29,billing,"My invoice shows the wrong amount, please help.",pending,low,11.0
311b0567-e011-4102-8ced-b97fc2889aab,CUST_01720,2025-04-12,billing,I was charged twice this month and need a refund immediately.,open,low,3.0
73ae81f2-6f15-471f-b5da-4c2f4524865b,CUST_01722,2026-03-09,technical,The app crashes every time I try to run payroll.,resolved,medium,4.0
fbfada71-8f08-417e-97c6-6c8fada493fc,CUST_01722,2025-12-28,technical,The app crashes every time I try to run payroll.,open,medium,12.0
1e175bcf-9e41-4b30-a8c6-ed98434ff524,CUST_01722,2026-04-21,technical,Reports are not loading and just show a blank screen.,pending,low,3.0
77b1ca7b-2396-42ff-8cb6-df67b3668bdc,CUST_01722,2026-04-22,technical,Reports are not loading and just show a blank screen.,open,low,
26fde5ed-791c-4dc9-a272-0cafccceb6cd,CUST_01723,2026-01-11,feature,Can you add support for multiple currencies?,pending,high,10.0
1035b70f-0f85-4631-9cf6-8aa7fc41302b,CUST_01723,2025-12-14,technical,My bank connection keeps disconnecting every few days.,resolved,high,13.0
a64a3eb0-a3de-4c4b-bb64-d1129b9635ef,CUST_01723,2025-04-04,billing,I was charged twice this month and need a refund immediately.,resolved,high,4.0
3de7e0e0-c145-4dda-8373-c9f6fe919273,CUST_01723,2025-04-04,billing,I was charged twice this month and need a refund immediately.,resolved,high,6.0
549dcf48-8cde-4eb1-8b4a-7ce1fc3c5356,CUST_01723,2025-05-13,feature,Is there a way to export data to Excel automatically?,resolved,medium,3.0
8aacc060-384f-4757-9018-203b0678c407,CUST_01723,2026-02-14,account,How do I export all my data before cancelling?,pending,high,1.0
5dd4dff0-6074-486c-813e-ebf20abd1ac2,CUST_01724,2025-12-20,technical,Reports are not loading and just show a blank screen.,open,low,5.0
f5d87f8f-87ac-4f5d-b76f-12c25d6172ff,CUST_01724,2026-03-08,feature,I need the ability to set recurring transactions.,resolved,medium,4.0
1b5f2233-943f-4c40-9e4b-d1cf3a583f8f,CUST_01724,2026-03-13,billing,"My invoice shows the wrong amount, please help.",open,high,14.0
3bcf3fea-7f02-45f6-b304-876a597dcd2b,CUST_01726,2024-12-19,feature,Is there a way to export data to Excel automatically?,pending,medium,10.0
d314443b-3c50-4cfb-8699-7ec4c944b09d,CUST_01726,2026-05-18,account,How do I add a second user to my account?,open,high,10.0
864784b6-6f9d-4c3f-89b1-ab0862e635df,CUST_01726,2026-02-22,feature,Is there a way to export data to Excel automatically?,resolved,high,10.0
8340988e-170c-4a5a-a469-ec1982eb8117,CUST_01727,2024-08-28,account,How do I add a second user to my account?,resolved,high,5.0
daf61098-6e55-4e2d-aef4-0f70c8c9e5fd,CUST_01727,2024-10-31,technical,Reports are not loading and just show a blank screen.,open,medium,
b2820ccc-426b-4528-8caf-1d1ff6c50d96,CUST_01727,2025-06-03,feature,I need the ability to set recurring transactions.,resolved,medium,8.0
0eaf0436-9f41-4dd4-b267-23cda443e5de,CUST_01727,2026-03-05,account,How do I export all my data before cancelling?,pending,high,14.0
6a48a2e6-4a58-4b7c-88f9-6c2b78684df5,CUST_01728,2026-04-16,feature,I need the ability to set recurring transactions.,pending,medium,
9a9e78c1-a0d2-4ad6-851e-6d9453d770a3,CUST_01728,2025-11-13,billing,Why did my subscription price increase without notice?,pending,high,4.0
3c476641-5d46-4f0b-96d4-54eb502b54f9,CUST_01728,2025-10-28,technical,The app crashes every time I try to run payroll.,pending,low,1.0
be733f00-811f-4bf0-aa58-055b772fe939,CUST_01728,2025-06-19,billing,I cancelled but was still billed. Please reverse this charge.,open,medium,3.0
2426d8ea-d812-44ef-8bb0-4b8bcd01c8fb,CUST_01728,2025-08-01,feature,Is there a way to export data to Excel automatically?,pending,high,6.0
90825cec-187b-41ed-9704-5286560b4f62,CUST_01728,2025-07-30,account,How do I export all my data before cancelling?,open,medium,9.0
045274ad-7987-4a07-b254-7c50f3829d23,CUST_01728,2026-03-05,feature,Is there a way to export data to Excel automatically?,resolved,medium,12.0
56f534d8-0995-427b-a2b9-8655265df48a,CUST_01729,2025-08-24,account,Can I downgrade my plan and keep my data?,pending,low,12.0
408544c3-e23b-4b48-b54c-4355347ef40b,CUST_01731,2026-05-06,technical,"I cannot log in to my account, password reset is not working.",open,medium,4.0
7f804fcc-078d-4bc1-ace0-a777bb5330f5,CUST_01731,2025-12-24,account,Can I downgrade my plan and keep my data?,pending,low,
a761e4ca-f5b4-4b45-87aa-38bddbef9b6a,CUST_01731,2026-03-31,billing,I was charged twice this month and need a refund immediately.,pending,medium,10.0
38afce13-aa53-4db2-b9d2-943952a2235b,CUST_01732,2024-12-01,technical,My bank connection keeps disconnecting every few days.,open,low,7.0
95e73f46-2af7-4f47-8629-915c7c462c05,CUST_01732,2025-08-02,account,How do I export all my data before cancelling?,open,high,9.0
4764057f-15c1-49e7-9e5d-89545ce72b3d,CUST_01732,2025-08-19,account,Can I downgrade my plan and keep my data?,pending,high,10.0
95e352bd-bc28-4544-aace-38031dbdef4f,CUST_01732,2024-10-06,feature,Please add a dark mode to the dashboard.,resolved,high,2.0
a2f57c8d-5859-462b-96fc-1dbdce5259cc,CUST_01732,2025-10-19,feature,Is there a way to export data to Excel automatically?,open,low,9.0
850c53df-68d5-47a1-9156-7d5fc49bdca2,CUST_01732,2025-11-30,account,How do I add a second user to my account?,pending,high,
ee45b314-540d-4744-be9d-5e9290eb2df6,CUST_01732,2024-12-24,feature,Is there a way to export data to Excel automatically?,resolved,medium,
9ae3d1e4-d43d-4232-97bb-cfd8c9b1a5bb,CUST_01733,2026-01-02,billing,I cancelled but was still billed. Please reverse this charge.,open,low,9.0
12661b8f-51ed-4866-a3cd-428c8017cfc3,CUST_01733,2026-02-16,technical,"I cannot log in to my account, password reset is not working.",pending,medium,8.0
96ed07ee-1845-4450-a026-8d00cddbc3f3,CUST_01733,2025-01-06,feature,Can you add support for multiple currencies?,resolved,high,
27e4ae72-21ba-488a-989f-0d60ffca2744,CUST_01735,2026-04-08,billing,"My invoice shows the wrong amount, please help.",open,low,11.0
b10d0b30-281a-4285-b301-41b8c7430c89,CUST_01735,2026-01-18,technical,My bank connection keeps disconnecting every few days.,pending,low,3.0
fb57dde9-3530-4b65-ba8c-05c5ab71e400,CUST_01736,2025-11-18,technical,The app crashes every time I try to run payroll.,open,medium,13.0
87b70996-0247-47c2-8124-8929473caff3,CUST_01736,2025-04-27,feature,I need the ability to set recurring transactions.,pending,low,
eae777e4-4a86-48e4-a27c-5e7c765bc411,CUST_01736,2025-12-30,billing,"My invoice shows the wrong amount, please help.",pending,low,5.0
e74f77c5-187b-402c-8c33-35c45e5d623f,CUST_01737,2024-08-21,account,How do I add a second user to my account?,resolved,medium,14.0
d621d02a-d922-41cb-90d4-42dee26719c6,CUST_01737,2024-08-16,feature,Please add a dark mode to the dashboard.,resolved,low,7.0
885f24c9-ccc0-46c6-a505-1d40b6d9055e,CUST_01737,2026-02-17,feature,Is there a way to export data to Excel automatically?,open,low,11.0
efb3a216-1fcf-4411-bac6-f6979756aea5,CUST_01737,2025-03-22,technical,My bank connection keeps disconnecting every few days.,resolved,medium,7.0
d39011aa-eca5-45ef-bf2c-dedc3584926a,CUST_01737,2026-02-04,billing,I was charged twice this month and need a refund immediately.,open,high,11.0
8addaf6f-6829-4169-889c-a48f162aa412,CUST_01738,2026-02-05,feature,Please add a dark mode to the dashboard.,open,low,1.0
f3ecd720-b9f7-4ab4-bf61-c6c25c7e7b55,CUST_01738,2025-08-10,account,How do I add a second user to my account?,resolved,low,9.0
0e37e140-e888-4d8e-826c-4d2a88db26bd,CUST_01738,2025-09-24,billing,I was charged twice this month and need a refund immediately.,pending,high,7.0
37323818-8d7f-44bb-b554-edff647afb04,CUST_01738,2025-11-25,feature,Is there a way to export data to Excel automatically?,resolved,high,14.0
738151db-b510-4966-8422-59b24fd78a85,CUST_01739,2026-02-07,billing,Why did my subscription price increase without notice?,open,medium,
974242a2-8c54-4602-b126-0136405a55df,CUST_01739,2026-03-18,technical,My bank connection keeps disconnecting every few days.,pending,medium,11.0
aa253ab5-6a62-41f2-9dbd-1363f8fd3048,CUST_01739,2026-01-29,feature,I need the ability to set recurring transactions.,open,low,5.0
d1c83f8d-c28b-4bd5-a2a5-72000def25eb,CUST_01739,2025-11-13,billing,"My invoice shows the wrong amount, please help.",pending,medium,11.0
88a3ad65-112c-4117-a621-15b2c698e69d,CUST_01741,2026-03-27,technical,"I cannot log in to my account, password reset is not working.",open,medium,
b00d2cf1-f332-4dfc-bd53-a3729e8de9be,CUST_01741,2026-01-19,feature,Is there a way to export data to Excel automatically?,open,low,9.0
84c6cea4-b9ea-46d6-a326-478d1fadf1b9,CUST_01741,2025-08-25,billing,Why did my subscription price increase without notice?,pending,low,7.0
1dfef5ac-4c05-42ed-829f-129246142ac0,CUST_01742,2025-09-22,billing,I was charged twice this month and need a refund immediately.,open,medium,
2e76cedf-8b66-4a14-ad2a-52ba4f1a3070,CUST_01742,2025-02-16,feature,Is there a way to export data to Excel automatically?,resolved,medium,6.0
1d804b4d-f861-46e8-858d-afe2caadb9e7,CUST_01743,2025-03-25,technical,My bank connection keeps disconnecting every few days.,resolved,medium,12.0
a92a4180-8b26-4288-91cd-07c105f96592,CUST_01743,2025-02-14,account,How do I add a second user to my account?,resolved,low,
1c2f4f5c-8d40-4eaf-bef2-bbf009e79de0,CUST_01743,2025-06-15,billing,I cancelled but was still billed. Please reverse this charge.,resolved,high,
1791430d-ed92-4202-a047-43f247fd94cb,CUST_01743,2025-09-15,technical,"I cannot log in to my account, password reset is not working.",open,medium,2.0
ba99db1e-70b2-4f3c-adcc-bdc79d30d2c1,CUST_01743,2025-11-09,technical,"I cannot log in to my account, password reset is not working.",open,high,
fc1b825e-f859-415c-8255-33723f274dc1,CUST_01743,2025-12-19,account,I need to update my business address and tax ID.,pending,medium,4.0
25bde3d9-80df-472d-ac91-c9c3707bc839,CUST_01743,2025-03-23,account,Can I downgrade my plan and keep my data?,open,high,7.0
59c0fafc-4f43-4980-b421-b8911a710533,CUST_01743,2025-06-01,feature,Is there a way to export data to Excel automatically?,resolved,high,4.0
f12e74ee-e890-4320-811c-cb5f50dc4306,CUST_01745,2025-08-31,technical,My bank connection keeps disconnecting every few days.,pending,medium,
07a32ce9-1f2b-4690-b9da-014ee42c6883,CUST_01746,2026-03-17,account,How do I add a second user to my account?,pending,high,8.0
da9396e1-916e-409c-921c-0d39e8e03ac4,CUST_01746,2026-03-06,account,How do I add a second user to my account?,resolved,high,14.0
712606d0-a13c-4715-a95f-e68077ef4e56,CUST_01746,2026-04-08,technical,The app crashes every time I try to run payroll.,resolved,high,
43a8fc6f-7c25-4c52-8bdf-d8cc9bd1a84d,CUST_01746,2026-02-14,billing,I cancelled but was still billed. Please reverse this charge.,open,high,
331e7de6-3f66-4ba0-bcb6-dd56225b1ad4,CUST_01746,2026-05-13,account,Can I downgrade my plan and keep my data?,pending,high,
5119569a-3ee8-411f-8d3d-8d09f224810f,CUST_01746,2025-11-30,feature,Can you add support for multiple currencies?,open,medium,11.0
956806f6-e249-4e2f-8e1e-6ebf08fd37a9,CUST_01747,2025-02-19,technical,My bank connection keeps disconnecting every few days.,resolved,medium,10.0
f6f554ab-ac87-441f-a34f-23a6146a38d6,CUST_01747,2026-02-17,feature,I need the ability to set recurring transactions.,resolved,medium,3.0
a3ba15f1-9eca-4cd2-ae3e-cca1bbd66d85,CUST_01748,2025-11-06,billing,I was charged twice this month and need a refund immediately.,resolved,high,2.0
27b0b1d9-8980-48ec-ab6b-fe2b72b92046,CUST_01748,2025-11-25,billing,I cancelled but was still billed. Please reverse this charge.,open,low,9.0
958fbe23-5435-4375-94bf-1545e9c15d52,CUST_01749,2025-02-05,feature,Please add a dark mode to the dashboard.,resolved,low,6.0
c488f453-b8db-4dce-9679-5aaf89bd48c3,CUST_01749,2025-05-10,billing,Why did my subscription price increase without notice?,open,high,
d1511b00-de1e-4e35-a504-7d3dee0f434b,CUST_01750,2025-12-26,feature,I need the ability to set recurring transactions.,pending,high,3.0
3f6166e3-f158-4c5d-a06a-8aad4661f7ba,CUST_01751,2026-04-20,feature,Can you add support for multiple currencies?,pending,low,1.0
94375992-d3e2-4186-a49e-01d54393461c,CUST_01751,2025-10-08,feature,Is there a way to export data to Excel automatically?,resolved,medium,6.0
a81b763f-a69f-4c90-aca3-fa07a6842cbc,CUST_01751,2026-01-05,billing,I cancelled but was still billed. Please reverse this charge.,pending,medium,11.0
3cfcd4aa-bfb5-4e46-98ba-ea8dc5346ffa,CUST_01753,2024-10-26,technical,"I cannot log in to my account, password reset is not working.",pending,medium,6.0
d3171130-a78c-4a8d-bd17-0ece068d80e2,CUST_01753,2026-01-20,account,How do I add a second user to my account?,resolved,medium,14.0
60a6e155-c976-43d7-bb5c-c54c641958b0,CUST_01753,2025-09-23,technical,Reports are not loading and just show a blank screen.,pending,low,12.0
5eeaafcf-d785-4e50-a288-58285fc50570,CUST_01754,2025-10-23,billing,Why did my subscription price increase without notice?,open,high,
a39b2466-8f78-4857-bce0-0435c5a3f648,CUST_01754,2025-03-23,technical,"I cannot log in to my account, password reset is not working.",resolved,low,14.0
083197fa-4497-4ecf-a801-19443db5c55a,CUST_01754,2025-07-09,account,I need to update my business address and tax ID.,resolved,high,8.0
29e167a1-5efe-41f6-8310-8c34d070758f,CUST_01754,2025-12-04,feature,Is there a way to export data to Excel automatically?,resolved,medium,7.0
4ac32339-fdf7-417f-90ad-b8c76068247c,CUST_01756,2026-01-31,technical,My bank connection keeps disconnecting every few days.,resolved,high,4.0
c88c7b9c-cd83-4f70-ade4-4e7d0483243e,CUST_01757,2025-12-31,technical,The app crashes every time I try to run payroll.,pending,low,12.0
ee6d015d-c27d-40f5-ba7e-349a92bf43e5,CUST_01757,2026-01-24,billing,Why did my subscription price increase without notice?,resolved,medium,
e9ddef7f-1fcf-4bec-8030-447d88af908b,CUST_01758,2025-09-20,account,How do I add a second user to my account?,resolved,low,9.0
c24477b6-754a-4842-8185-3aa545cf680e,CUST_01758,2025-10-27,account,How do I add a second user to my account?,open,low,8.0
b2480013-5675-4854-8789-86a319b90a22,CUST_01758,2026-03-29,billing,Why did my subscription price increase without notice?,open,high,7.0
a5fa00c6-dffd-46f1-912d-e4eb0829fac9,CUST_01759,2026-03-26,billing,I cancelled but was still billed. Please reverse this charge.,pending,low,11.0
7a494fe6-911d-46bf-81df-f4a133565200,CUST_01759,2026-03-31,feature,I need the ability to set recurring transactions.,pending,high,
b26f749c-fc73-4eb0-bac1-a0fc1d7944e8,CUST_01759,2025-09-28,account,How do I add a second user to my account?,pending,high,5.0
3f911cce-0e82-43db-a604-e4dc7576b664,CUST_01759,2025-12-08,feature,Please add a dark mode to the dashboard.,open,medium,4.0
4e46cd09-2942-4ccb-b80b-f95d040f54d9,CUST_01759,2025-10-25,feature,Please add a dark mode to the dashboard.,open,medium,
8b2838e9-ce9e-4b39-8548-4eaf685ab897,CUST_01759,2026-03-25,billing,I cancelled but was still billed. Please reverse this charge.,open,medium,
63ad9354-d68f-4bf4-9d4f-0e692e035c1e,CUST_01759,2025-10-30,billing,I was charged twice this month and need a refund immediately.,resolved,high,12.0
9fd664b6-a9a1-4a58-a753-23d16174d9f2,CUST_01759,2026-03-11,billing,"My invoice shows the wrong amount, please help.",open,medium,9.0
cf399165-14d7-47d9-bae4-68ebaa3e48d1,CUST_01760,2025-11-20,feature,I need the ability to set recurring transactions.,pending,medium,9.0
f5cac067-d067-461f-8ede-8c7a15ad0bc3,CUST_01760,2025-06-13,billing,"My invoice shows the wrong amount, please help.",pending,high,10.0
c324870e-a372-43f9-8909-fa67b1a6ac71,CUST_01760,2025-05-22,feature,Is there a way to export data to Excel automatically?,resolved,medium,9.0
7cc0c424-fdbe-4397-86d6-f7e9766abc47,CUST_01761,2025-07-05,feature,I need the ability to set recurring transactions.,open,high,12.0
872c86ea-4599-4912-bead-0a0a729af9d3,CUST_01761,2025-02-25,account,How do I add a second user to my account?,resolved,medium,3.0
18cd4339-213d-4078-adb1-f01385e55623,CUST_01761,2024-12-16,feature,Is there a way to export data to Excel automatically?,pending,medium,7.0
de25d31d-d20e-4847-a121-f2e8be380ee0,CUST_01761,2026-01-20,technical,Reports are not loading and just show a blank screen.,pending,high,
1d7ba3f5-6bba-44ed-8ea5-115d64cda5fb,CUST_01762,2026-04-17,account,How do I export all my data before cancelling?,pending,medium,1.0
9130504f-0df2-496f-b58a-0cf49d32d15b,CUST_01762,2026-03-20,technical,"I cannot log in to my account, password reset is not working.",open,low,2.0
85ebea35-e916-4189-a90f-60c5d398a13a,CUST_01763,2025-04-14,billing,I was charged twice this month and need a refund immediately.,resolved,low,5.0
7674256b-2737-4279-b18f-7090c732ebc9,CUST_01763,2025-11-01,account,How do I export all my data before cancelling?,pending,high,3.0
c077b9b8-3c7a-4a89-99ac-0b113231e5cd,CUST_01763,2026-03-28,account,How do I export all my data before cancelling?,open,medium,7.0
ddff4ec8-c1d5-4c05-a503-fa0ce3ae36e9,CUST_01764,2026-01-07,technical,"I cannot log in to my account, password reset is not working.",open,medium,11.0
a8ef5de3-5ece-4fca-8616-f183ebd8d5de,CUST_01764,2026-02-01,billing,Why did my subscription price increase without notice?,resolved,high,11.0
7b49a8f6-e48c-487c-a3f4-c5cf73af9f22,CUST_01764,2026-04-18,billing,I was charged twice this month and need a refund immediately.,open,high,
fd98fd4c-0506-4d0c-824b-43c7c0fbe25d,CUST_01765,2025-07-07,billing,I cancelled but was still billed. Please reverse this charge.,pending,high,4.0
bce16eb0-b678-4a1c-bdfe-192f10f0ad71,CUST_01765,2025-07-31,feature,Please add a dark mode to the dashboard.,open,high,5.0
51df2d28-5605-42b3-b37c-ff2190545200,CUST_01765,2025-06-26,technical,Reports are not loading and just show a blank screen.,resolved,high,12.0
8965fd60-2259-44c7-8afd-0cf5050f0979,CUST_01765,2026-05-03,account,I need to update my business address and tax ID.,resolved,high,
eb49f212-5e25-4109-9ab3-970560abcb97,CUST_01766,2026-02-24,billing,"My invoice shows the wrong amount, please help.",pending,high,
b0e8c7bc-db5a-4364-a664-4f43479ba38c,CUST_01766,2025-07-02,billing,Why did my subscription price increase without notice?,open,high,
8c646b30-9e98-4822-9ade-ea7969118f6f,CUST_01768,2025-07-14,billing,Why did my subscription price increase without notice?,pending,high,6.0
d6df1829-ef70-4296-a3f0-23a443caadf9,CUST_01768,2025-12-28,technical,My bank connection keeps disconnecting every few days.,open,high,
e872c424-23e8-4e4e-a56f-512f31ca3e27,CUST_01768,2025-09-13,technical,"I cannot log in to my account, password reset is not working.",pending,medium,11.0
99883df1-6fc7-4eed-a0d0-cbbbb8ad43d4,CUST_01769,2026-04-18,feature,I need the ability to set recurring transactions.,resolved,low,9.0
ca529491-395e-4c05-a013-321df54fcf61,CUST_01769,2026-04-24,feature,Please add a dark mode to the dashboard.,resolved,low,7.0
fc21d7bb-6595-445d-af3f-f3a9255917fe,CUST_01769,2026-05-17,technical,"I cannot log in to my account, password reset is not working.",pending,high,6.0
c52300ea-8896-43d4-833f-65303bc7947b,CUST_01769,2026-04-30,feature,Is there a way to export data to Excel automatically?,pending,low,11.0
0f6ba748-a060-42e7-9f27-8eed53b5571f,CUST_01770,2026-03-25,account,Can I downgrade my plan and keep my data?,open,low,8.0
92e66871-7a7e-4d3b-a4e4-c2c657b80b3d,CUST_01770,2026-04-24,billing,"My invoice shows the wrong amount, please help.",resolved,low,1.0
dada0ced-21c0-4437-841a-3cae4e63ef43,CUST_01771,2025-11-10,account,How do I export all my data before cancelling?,open,high,11.0
d2448bef-99d7-4c8c-83d9-7a85b1dd2b29,CUST_01771,2025-07-01,technical,Reports are not loading and just show a blank screen.,open,high,9.0
0e286c31-6f56-4d7c-80d8-abb02e9cbe05,CUST_01771,2026-04-22,billing,I was charged twice this month and need a refund immediately.,resolved,high,11.0
4f35ed34-b0e5-4c23-a383-49b2c0977403,CUST_01772,2025-07-23,account,Can I downgrade my plan and keep my data?,open,high,11.0
62fcdc64-b423-4822-a7bc-5be50ea84b05,CUST_01772,2025-06-14,feature,Can you add support for multiple currencies?,open,high,
e1b88d9a-6532-4c4d-9606-48bb8c1d5a6e,CUST_01772,2026-02-21,feature,I need the ability to set recurring transactions.,open,low,
fc92c7c5-0c97-40eb-b8e4-3743f91d30fd,CUST_01772,2026-01-16,account,How do I add a second user to my account?,resolved,high,13.0
cfe4db31-840a-4dd5-b3bc-3664ffc611ab,CUST_01772,2025-05-30,billing,Why did my subscription price increase without notice?,open,high,1.0
548d4732-66f2-4cfc-b26a-d2074a9471f5,CUST_01772,2025-09-10,account,I need to update my business address and tax ID.,resolved,medium,5.0
d508b26b-27c7-4a26-b629-6c88f0394de3,CUST_01772,2026-03-21,billing,I cancelled but was still billed. Please reverse this charge.,open,high,3.0
0f0a0836-93e8-4226-a362-192fc1c1293f,CUST_01773,2025-10-04,account,How do I export all my data before cancelling?,resolved,high,8.0
30ed1b6a-e032-4110-92c4-97e86626399b,CUST_01773,2026-03-14,billing,"My invoice shows the wrong amount, please help.",open,high,4.0
ac059788-93de-4fbe-bc14-0ac32d898eec,CUST_01773,2025-09-18,account,How do I export all my data before cancelling?,open,high,11.0
466af558-a349-4608-9df7-90b41d4073a7,CUST_01773,2025-12-16,billing,Why did my subscription price increase without notice?,open,high,8.0
7b7ca755-1393-421a-b0b1-765e30b2fe68,CUST_01774,2026-03-06,account,How do I export all my data before cancelling?,resolved,medium,9.0
0ecfecdd-6be3-4dfd-a850-837671c2919d,CUST_01774,2025-10-26,technical,The app crashes every time I try to run payroll.,open,high,6.0
a190dce1-e85d-4dd8-b406-29d8e377013e,CUST_01774,2025-12-02,feature,Please add a dark mode to the dashboard.,resolved,low,10.0
63677b67-0adf-4820-8968-a69552c8d8cb,CUST_01775,2025-10-06,technical,Reports are not loading and just show a blank screen.,resolved,high,14.0
a11394a2-7780-410a-b059-40db38b8531f,CUST_01775,2025-12-11,technical,"I cannot log in to my account, password reset is not working.",resolved,medium,3.0
d9a0fede-edc8-4cfe-803e-b09cd6243c5a,CUST_01775,2025-09-13,billing,I was charged twice this month and need a refund immediately.,pending,high,12.0
8c94af0b-27ce-424b-b473-7c3b957922ad,CUST_01775,2025-12-18,technical,The app crashes every time I try to run payroll.,resolved,high,7.0
c1eddfb0-2702-4034-a09f-3752fde062bf,CUST_01775,2025-10-17,feature,Can you add support for multiple currencies?,open,low,2.0
769e1bb2-8ba1-48f9-b038-3b1e18b51be6,CUST_01775,2025-11-16,billing,"My invoice shows the wrong amount, please help.",open,high,2.0
592e4bf0-b87e-442c-96d7-76e6e9227d28,CUST_01776,2026-03-21,technical,The app crashes every time I try to run payroll.,resolved,high,12.0
6413f982-e926-4401-aaab-5df11b31d69e,CUST_01776,2026-04-19,technical,The app crashes every time I try to run payroll.,resolved,low,2.0
b6c95243-f1f1-4fb8-8b97-a6e715c1fa5b,CUST_01776,2026-03-09,technical,"I cannot log in to my account, password reset is not working.",pending,high,11.0
d3aad793-9030-48cc-9390-6433d311c20f,CUST_01776,2026-03-18,billing,Why did my subscription price increase without notice?,resolved,high,1.0
81d0df4c-a4fd-4413-b19d-48be331043a6,CUST_01776,2026-04-19,technical,Reports are not loading and just show a blank screen.,pending,high,1.0
d4d7c166-23cc-4595-8472-cfd06c9a10e8,CUST_01776,2026-05-06,feature,Please add a dark mode to the dashboard.,pending,high,
dbffb23f-b522-4ad8-bc91-c9adc0417fd7,CUST_01777,2024-12-19,feature,Is there a way to export data to Excel automatically?,pending,low,1.0
8d80f079-5998-4b64-90bc-d171c34f1731,CUST_01777,2026-01-28,billing,I was charged twice this month and need a refund immediately.,pending,high,13.0
d3cd0fd3-0a31-41a6-8be1-b3727b5a5cb3,CUST_01778,2026-01-30,account,How do I export all my data before cancelling?,resolved,high,4.0
d2a76bbf-b909-404f-b5aa-c3d689e173c0,CUST_01779,2025-02-07,account,I need to update my business address and tax ID.,pending,medium,
b772ee94-5252-45be-bd26-eaa29eda6811,CUST_01780,2026-04-24,account,I need to update my business address and tax ID.,resolved,low,
08e783d0-65a5-45c8-98bf-f126efbf62d0,CUST_01781,2026-04-14,technical,"I cannot log in to my account, password reset is not working.",open,medium,
6222452d-514d-47fc-a4f4-691ff38bae28,CUST_01781,2026-04-21,account,How do I export all my data before cancelling?,resolved,medium,8.0
2e4befc9-4ea3-4607-9646-aaf7d2e90c0d,CUST_01782,2025-11-10,account,I need to update my business address and tax ID.,pending,high,2.0
bbd77be7-fb81-48f8-a1a5-d738dfab754d,CUST_01782,2025-11-04,technical,My bank connection keeps disconnecting every few days.,pending,high,7.0
fb9f5fd8-87dd-4d7f-926f-2c5ed160c4bd,CUST_01782,2026-04-18,account,Can I downgrade my plan and keep my data?,pending,high,14.0
75d95be5-e688-4999-9ad8-22a061993adf,CUST_01782,2026-01-28,billing,I was charged twice this month and need a refund immediately.,resolved,high,5.0
c56b0ce3-2924-44c1-8493-17ddbf39429e,CUST_01782,2026-01-21,feature,I need the ability to set recurring transactions.,open,high,14.0
b227cf91-68df-4938-a817-75cc01793281,CUST_01783,2025-03-04,account,How do I export all my data before cancelling?,resolved,high,1.0
6f983950-a273-443e-9a7b-0c47bba18bac,CUST_01785,2026-05-01,feature,Is there a way to export data to Excel automatically?,resolved,high,2.0
2394b1b1-dcf1-4891-80e8-96833108bc95,CUST_01785,2026-05-17,feature,I need the ability to set recurring transactions.,open,high,3.0
266d2a44-7153-476a-b18b-99bc60b77626,CUST_01785,2026-03-28,technical,Reports are not loading and just show a blank screen.,pending,low,7.0
368214b2-e79c-47f7-baf7-89db9cd2ceab,CUST_01785,2026-05-01,feature,Please add a dark mode to the dashboard.,pending,low,1.0
4bc80142-33eb-49c6-816b-67927e170298,CUST_01786,2026-04-14,account,How do I export all my data before cancelling?,open,high,2.0
83392a28-9b6a-4378-8f96-652330007703,CUST_01786,2026-04-30,technical,My bank connection keeps disconnecting every few days.,resolved,low,2.0
14c1ebfa-719c-4f2c-badc-62a36a14dbdb,CUST_01786,2026-04-13,feature,Can you add support for multiple currencies?,pending,low,11.0
e700abc4-35e1-434a-888a-5a3b3956018e,CUST_01786,2026-03-07,billing,I cancelled but was still billed. Please reverse this charge.,resolved,high,13.0
0431fe47-7c28-4345-9576-f60d29155d00,CUST_01788,2024-08-21,billing,I cancelled but was still billed. Please reverse this charge.,pending,high,2.0
1a6cde83-04a7-42d1-b6db-7373935eefbd,CUST_01788,2025-01-09,billing,I was charged twice this month and need a refund immediately.,resolved,high,
420f55f7-7cbb-49aa-bb33-c23cb73550b0,CUST_01788,2026-03-09,account,How do I add a second user to my account?,resolved,high,2.0
416c705b-1f03-42ae-a731-58d00e1539e2,CUST_01788,2025-02-08,feature,Please add a dark mode to the dashboard.,open,low,
8f038629-d4dd-47d5-bfc5-0e24e5fabcd5,CUST_01788,2025-07-23,feature,Please add a dark mode to the dashboard.,open,high,
663d4f04-bdbd-4f26-b5f5-4d1d1fa867b5,CUST_01788,2026-01-23,account,How do I export all my data before cancelling?,resolved,high,4.0
bc09a291-a430-4d71-ad47-e5d6a40d08e6,CUST_01788,2025-08-25,account,Can I downgrade my plan and keep my data?,resolved,low,5.0
a0f12fd9-a91a-4619-9a8f-5ee8fb487959,CUST_01788,2024-12-23,feature,Please add a dark mode to the dashboard.,open,medium,4.0
aa3fdb91-6d04-437b-adad-9bd8ac416cd7,CUST_01789,2026-04-21,technical,The app crashes every time I try to run payroll.,open,high,5.0
48cafabb-939d-4a58-9667-60ad0b00353a,CUST_01789,2026-04-24,billing,"My invoice shows the wrong amount, please help.",resolved,high,
25451e43-48d2-4bdc-a78c-c6492d7194da,CUST_01789,2025-12-01,account,Can I downgrade my plan and keep my data?,pending,high,3.0
dab283ad-fcc0-45f0-94e0-572cdca75f08,CUST_01789,2025-12-06,account,I need to update my business address and tax ID.,resolved,high,
b2b29c11-22ef-4491-90b0-acb8e93f3b4b,CUST_01789,2026-03-14,technical,"I cannot log in to my account, password reset is not working.",pending,medium,11.0
6acf0725-29b2-4595-b7ae-4f5952ff7fee,CUST_01790,2025-02-24,feature,Is there a way to export data to Excel automatically?,resolved,high,
67a078f1-fa67-4443-99a2-0ae6e302a019,CUST_01790,2025-10-13,feature,Please add a dark mode to the dashboard.,pending,high,7.0
6d4b4182-834b-4179-b5ab-ec1d1ce95ef9,CUST_01790,2025-08-31,account,How do I add a second user to my account?,pending,low,
bbdf658d-3e90-4990-979e-5844549d2645,CUST_01790,2025-08-31,billing,Why did my subscription price increase without notice?,pending,low,3.0
8c22e24d-8920-4766-b571-78c4dfa97099,CUST_01791,2025-05-28,feature,Can you add support for multiple currencies?,open,medium,11.0
2b88b146-b3ef-46e8-bb93-16b8c5baec3f,CUST_01791,2025-08-17,billing,"My invoice shows the wrong amount, please help.",resolved,low,6.0
67a19bf0-264b-450a-a26c-0ef086263f67,CUST_01791,2025-12-03,technical,"I cannot log in to my account, password reset is not working.",pending,low,
365b3645-30bf-4236-8aae-f3e7be371068,CUST_01792,2026-01-01,technical,My bank connection keeps disconnecting every few days.,pending,high,12.0
8f8f2808-560f-41bf-92e6-66e3f3f45779,CUST_01792,2026-02-05,billing,Why did my subscription price increase without notice?,pending,medium,10.0
bfa5074c-6cf1-403f-9db0-184be8ce0bd4,CUST_01792,2025-11-11,account,I need to update my business address and tax ID.,resolved,high,9.0
334e182c-2fdf-46d3-98a2-225b4cb6492c,CUST_01792,2025-11-23,account,I need to update my business address and tax ID.,resolved,low,9.0
749fd955-7826-4aec-b85d-c765eb8054ff,CUST_01793,2025-05-19,technical,The app crashes every time I try to run payroll.,resolved,low,2.0
c714a880-4ffb-42a6-89dd-ea6967ffd541,CUST_01793,2025-05-11,account,How do I export all my data before cancelling?,resolved,high,9.0
99ea114e-1086-4171-99c8-3de3b6c5629f,CUST_01793,2025-04-14,billing,"My invoice shows the wrong amount, please help.",resolved,medium,13.0
63d1c65b-040f-4131-9250-dcbc7b1d1c34,CUST_01794,2026-04-02,account,I need to update my business address and tax ID.,open,medium,3.0
2c528461-7f7d-40fd-8825-ebb1cf744953,CUST_01794,2026-04-19,feature,Can you add support for multiple currencies?,resolved,low,12.0
6339a86a-c203-4858-a704-b5174122402d,CUST_01794,2026-05-06,feature,Please add a dark mode to the dashboard.,resolved,high,12.0
7899aa9d-32cf-4763-a0f7-fb95203bf081,CUST_01794,2026-04-15,account,How do I add a second user to my account?,resolved,low,8.0
339b07ec-9258-4ef8-89a2-f6d039664d7d,CUST_01796,2025-02-20,account,Can I downgrade my plan and keep my data?,open,high,1.0
aa2da147-e259-4ca7-927f-6d4c2188bdb4,CUST_01796,2025-03-02,technical,Reports are not loading and just show a blank screen.,open,medium,4.0
ebd51468-5d24-4cb1-9a77-e9fa735cdf9e,CUST_01797,2026-02-19,billing,I was charged twice this month and need a refund immediately.,open,low,1.0
500583fc-8fc5-43ac-9434-779a871eb3ae,CUST_01797,2026-03-29,technical,Reports are not loading and just show a blank screen.,open,high,2.0
5e462df2-62e2-465c-bcc2-8722735394b4,CUST_01797,2025-08-30,account,Can I downgrade my plan and keep my data?,pending,low,6.0
7a52a092-5825-40e5-8c86-fe7c27f3aedc,CUST_01797,2026-03-28,technical,My bank connection keeps disconnecting every few days.,resolved,medium,6.0
fbac842d-9d5a-41df-a8ca-1d9287ffb84c,CUST_01797,2025-08-27,feature,Can you add support for multiple currencies?,open,low,1.0
4a56ce89-bae6-4382-8ceb-9645be591364,CUST_01797,2025-07-12,feature,Is there a way to export data to Excel automatically?,pending,low,5.0
06bfa940-7cf7-4582-bb77-d72de741ba3c,CUST_01798,2026-01-31,account,How do I add a second user to my account?,resolved,low,5.0
3f0ef425-17f5-4209-9a58-e2b2bcd0e29b,CUST_01798,2025-01-13,billing,Why did my subscription price increase without notice?,open,medium,
08461477-cd8c-490d-aa36-9ad5d51867c6,CUST_01799,2025-01-22,account,How do I add a second user to my account?,pending,medium,9.0
50588027-f487-4405-a733-c8e3847c3c6a,CUST_01799,2025-04-04,feature,Is there a way to export data to Excel automatically?,open,medium,4.0
d82ce0e0-8487-48bd-8fed-7a2ac42c6796,CUST_01799,2025-12-12,technical,The app crashes every time I try to run payroll.,pending,medium,5.0
ff09bbe4-a7bf-463a-aa88-8cf4482aad22,CUST_01800,2025-11-10,feature,I need the ability to set recurring transactions.,resolved,medium,
344d782c-c4aa-45f4-9ff6-ef3ac14e4cb2,CUST_01801,2025-10-07,account,Can I downgrade my plan and keep my data?,open,low,14.0
9c06a720-efa6-4182-8297-f000ed12ba09,CUST_01801,2025-11-24,billing,Why did my subscription price increase without notice?,resolved,high,3.0
571eea77-8bd3-49e6-adc0-f4948cab78fa,CUST_01802,2025-12-23,account,I need to update my business address and tax ID.,pending,low,13.0
b4d3b23c-ca49-4230-84da-6dd96b469966,CUST_01803,2025-03-24,technical,Reports are not loading and just show a blank screen.,resolved,high,6.0
d6e7c512-1f13-488e-9bd4-d6ab0c717cf7,CUST_01803,2025-08-06,technical,The app crashes every time I try to run payroll.,pending,high,9.0
4630cc17-b052-4d71-a258-163aecf20141,CUST_01803,2026-05-16,billing,"My invoice shows the wrong amount, please help.",open,low,11.0
509a6a1c-bd3f-4ff3-9d6b-a3db2df5382d,CUST_01804,2026-04-26,account,How do I add a second user to my account?,pending,medium,6.0
06eb1eda-b30f-451e-9dc3-7efdb65152c0,CUST_01804,2026-04-29,billing,Why did my subscription price increase without notice?,open,high,1.0
d8d44923-d739-416e-a6f9-b5a64fe6fec2,CUST_01804,2026-04-12,feature,Is there a way to export data to Excel automatically?,resolved,low,3.0
fd6e1cbb-405b-4413-bd3c-321e7483e8d1,CUST_01805,2025-11-12,technical,"I cannot log in to my account, password reset is not working.",open,low,13.0
2812ead2-23da-423b-abd1-99f41b65344f,CUST_01805,2025-09-22,account,How do I export all my data before cancelling?,pending,high,
708b9804-7329-4248-94aa-4b56c0a33549,CUST_01805,2026-02-09,feature,Is there a way to export data to Excel automatically?,pending,medium,4.0
cc8d73b3-be5a-4e87-b7d8-733f75d2f7a5,CUST_01806,2026-04-25,billing,"My invoice shows the wrong amount, please help.",pending,high,
29ff7b36-8509-4907-a927-076d6da2b082,CUST_01806,2026-04-10,billing,"My invoice shows the wrong amount, please help.",resolved,medium,3.0
de43735b-41c0-450c-a90f-d8c4d2838d8c,CUST_01807,2026-02-13,account,Can I downgrade my plan and keep my data?,pending,high,3.0
242c7d0c-f5e7-44d0-9ec5-38bda4aac258,CUST_01807,2025-11-19,account,How do I export all my data before cancelling?,open,high,14.0
18b81b4b-85dd-4b89-8a52-32c60f6fc30f,CUST_01807,2025-10-30,technical,"I cannot log in to my account, password reset is not working.",open,low,8.0
013c9a5d-31c5-437a-acb5-404071900210,CUST_01809,2025-05-31,billing,Why did my subscription price increase without notice?,pending,medium,6.0
3c536ac2-d666-43e6-afd9-46e283cb0cdf,CUST_01809,2026-04-10,technical,Reports are not loading and just show a blank screen.,resolved,low,10.0
c5c2db28-a42c-45d5-a967-a8db76f7b970,CUST_01809,2026-02-19,technical,"I cannot log in to my account, password reset is not working.",pending,medium,3.0
f30f2e78-1639-4dd7-9a70-b32489afab11,CUST_01810,2024-12-20,technical,The app crashes every time I try to run payroll.,pending,medium,3.0
c178bac1-e656-426d-9508-9ee4924e0e32,CUST_01811,2025-01-30,feature,Is there a way to export data to Excel automatically?,pending,low,14.0
88adb58c-4887-43d4-bef9-8056c9d5ba42,CUST_01811,2025-03-21,account,How do I export all my data before cancelling?,resolved,medium,13.0
993bba01-a9fd-48c9-8255-40a590715c36,CUST_01811,2025-02-14,technical,The app crashes every time I try to run payroll.,pending,high,
c5425062-b07a-4c45-ac35-f1c7bf413a61,CUST_01811,2026-01-30,account,How do I add a second user to my account?,pending,low,5.0
b4860640-0d26-4823-828d-ee87d0e171e2,CUST_01812,2025-07-05,account,I need to update my business address and tax ID.,pending,high,11.0
1e228079-fe56-419f-9165-032aae45999a,CUST_01812,2026-05-14,billing,Why did my subscription price increase without notice?,pending,high,9.0
b3f7cdd5-3a96-473f-bc75-7328fa607aa1,CUST_01812,2026-04-02,billing,"My invoice shows the wrong amount, please help.",pending,high,1.0
bcaba759-ffb5-4874-bc60-27c7c22898a5,CUST_01812,2025-03-19,technical,Reports are not loading and just show a blank screen.,resolved,low,
5cf659ef-e3c4-4886-97c7-f4a3b4e65437,CUST_01812,2025-08-20,technical,Reports are not loading and just show a blank screen.,pending,high,2.0
593ad768-68fe-4ef7-ac51-48af91fe5d54,CUST_01812,2025-04-22,technical,Reports are not loading and just show a blank screen.,open,high,
26844d76-678d-4c2f-9327-e4761f4173ba,CUST_01813,2026-05-10,account,How do I export all my data before cancelling?,pending,high,9.0
3cb90f1b-530e-4243-ad66-5e14598aa535,CUST_01813,2026-01-06,technical,My bank connection keeps disconnecting every few days.,open,low,12.0
2aee7420-55ce-4c96-b4df-042ec4e05a7a,CUST_01813,2026-03-16,feature,Is there a way to export data to Excel automatically?,resolved,low,4.0
eeb7bccc-efa5-4287-aa04-50ae257a92d8,CUST_01813,2026-05-11,technical,"I cannot log in to my account, password reset is not working.",resolved,high,11.0
f6d1d568-0018-4527-9d3f-1564a6df356b,CUST_01814,2026-05-14,account,I need to update my business address and tax ID.,pending,high,14.0
a48a806a-16f2-4ae0-adb7-ce13d22b36da,CUST_01814,2026-05-17,account,Can I downgrade my plan and keep my data?,pending,medium,10.0
9435af54-862f-404a-9160-96974461e620,CUST_01814,2026-04-23,billing,I cancelled but was still billed. Please reverse this charge.,resolved,medium,6.0
ed2483be-3bce-413a-b8cd-8523fae6c679,CUST_01814,2026-03-30,account,Can I downgrade my plan and keep my data?,open,medium,
1a3cdc26-11ff-4d70-938b-617a8067493c,CUST_01814,2026-04-03,technical,The app crashes every time I try to run payroll.,pending,high,12.0
9a722ef3-6134-4d75-bc19-54bc51fd5281,CUST_01815,2024-09-21,account,Can I downgrade my plan and keep my data?,open,high,6.0
4d965cd8-ceef-4be1-9d90-82cba1469f0f,CUST_01815,2025-11-21,technical,The app crashes every time I try to run payroll.,pending,medium,9.0
b5c12369-cad4-4831-8cfc-0b54b2ea46f2,CUST_01816,2025-11-27,technical,My bank connection keeps disconnecting every few days.,resolved,medium,
c5c56440-b2b1-4c06-8e1d-c7ef6568011e,CUST_01816,2026-03-16,account,How do I add a second user to my account?,pending,low,11.0
74f81abd-eeab-49ff-87ad-c1065228c795,CUST_01817,2026-01-29,billing,Why did my subscription price increase without notice?,resolved,high,13.0
2e072bfc-ad56-4df0-9f36-2d9ee1368265,CUST_01817,2026-04-08,account,I need to update my business address and tax ID.,open,low,1.0
8afb38b2-fbbb-43a2-a3dd-6d7d053742b0,CUST_01819,2025-12-26,account,I need to update my business address and tax ID.,resolved,low,
3c42463f-29ca-4fe9-bdbc-690c3388384c,CUST_01819,2025-12-02,account,How do I export all my data before cancelling?,pending,low,3.0
16ffca0f-240f-40cb-92cd-4dd0814153db,CUST_01819,2025-09-29,billing,I cancelled but was still billed. Please reverse this charge.,open,high,7.0
709e78f5-7ef3-4c21-b153-40965fd71b15,CUST_01820,2024-11-20,account,I need to update my business address and tax ID.,open,high,8.0
1caf17d7-ed38-4627-8496-a2d1aab51bb4,CUST_01820,2024-09-19,billing,I cancelled but was still billed. Please reverse this charge.,open,low,10.0
a366edb8-43f3-4943-a57b-a3791ace3d0f,CUST_01820,2026-04-05,billing,I cancelled but was still billed. Please reverse this charge.,open,high,1.0
bb8354b9-302a-4a33-89a5-651e5e8f6e7d,CUST_01821,2026-05-13,account,I need to update my business address and tax ID.,pending,low,
3abbac1c-65db-45d9-acbf-5c47b18a37a9,CUST_01821,2025-10-03,feature,Please add a dark mode to the dashboard.,resolved,low,10.0
6d6f9492-8f47-4403-848d-3eb0e7394d46,CUST_01821,2025-10-30,technical,The app crashes every time I try to run payroll.,open,low,2.0
4941afed-8a3d-462a-92cc-0b9d62c835a1,CUST_01821,2025-11-23,account,How do I add a second user to my account?,pending,medium,8.0
5fb501ac-59b4-494e-a110-3d0b3a4f1f9f,CUST_01821,2025-05-19,feature,Is there a way to export data to Excel automatically?,open,high,11.0
e759137c-8382-40dd-b334-9dd556dcc21a,CUST_01821,2025-09-02,technical,Reports are not loading and just show a blank screen.,open,high,11.0
6702ffc6-807b-440e-a5e3-899500a9a64f,CUST_01821,2025-10-10,account,I need to update my business address and tax ID.,resolved,high,13.0
adce1814-73b6-46e9-989e-0cd978d1a9df,CUST_01821,2025-08-24,account,Can I downgrade my plan and keep my data?,pending,high,4.0
5330189f-f27f-4837-80ee-f8a0fc8efa6e,CUST_01822,2026-04-30,billing,Why did my subscription price increase without notice?,pending,high,6.0
2e667863-bbca-42f1-86fb-7226b31f4295,CUST_01822,2026-01-15,technical,The app crashes every time I try to run payroll.,pending,high,
f37441e2-8b64-4944-8309-577eae1c7455,CUST_01822,2026-03-12,billing,Why did my subscription price increase without notice?,pending,low,2.0
7b5cb658-3479-4a3f-b511-4be29e3a7e34,CUST_01822,2026-03-24,technical,My bank connection keeps disconnecting every few days.,pending,medium,8.0
8ba95e5a-5841-470e-9638-4d88f38244c0,CUST_01823,2025-08-16,account,How do I export all my data before cancelling?,open,low,
8726c078-b249-4d13-a04d-19c2ff6a753c,CUST_01823,2025-09-02,billing,I cancelled but was still billed. Please reverse this charge.,resolved,medium,13.0
23b36809-6d4f-4a6e-85e9-5afb2c3d4599,CUST_01823,2025-11-03,account,How do I add a second user to my account?,open,high,3.0
f5dc6544-dd19-4935-9bac-662330be96c5,CUST_01823,2025-10-02,billing,I cancelled but was still billed. Please reverse this charge.,open,medium,9.0
c00b503f-78b8-403a-b8b1-69a0498a3e2b,CUST_01825,2026-01-07,feature,Is there a way to export data to Excel automatically?,resolved,low,13.0
100ea729-39c9-4d54-86b1-2fefe4f02032,CUST_01825,2025-08-31,technical,The app crashes every time I try to run payroll.,resolved,high,
9fec7a54-c311-48d5-9ec7-337344edbb61,CUST_01825,2025-11-02,account,How do I add a second user to my account?,pending,low,9.0
9ffc081b-89e9-41be-ba5d-b49d637ae933,CUST_01826,2026-02-12,technical,The app crashes every time I try to run payroll.,open,medium,9.0
dc94d8c3-645e-4b9b-8d30-abea1f3a6301,CUST_01827,2026-02-03,feature,Please add a dark mode to the dashboard.,pending,low,13.0
96e7f68e-1e02-456b-81c8-120ff31cd1bd,CUST_01827,2025-06-14,billing,Why did my subscription price increase without notice?,open,medium,
052cee87-0778-4aab-bc3d-5117ed7a07e4,CUST_01827,2025-09-21,billing,Why did my subscription price increase without notice?,open,high,
34274372-42d8-449e-92f2-0d21b501541c,CUST_01827,2025-08-04,account,Can I downgrade my plan and keep my data?,pending,medium,
578a5dd1-b3eb-4437-91a1-d6cc80964b64,CUST_01829,2026-02-01,feature,Please add a dark mode to the dashboard.,open,high,5.0
bde21b38-3f97-40f0-a358-72c3449a0af5,CUST_01829,2025-12-15,feature,Is there a way to export data to Excel automatically?,resolved,medium,9.0
daa36108-7524-498b-a1b1-1405ebd5c949,CUST_01829,2026-02-21,account,Can I downgrade my plan and keep my data?,pending,high,12.0
7755bc0c-708a-4e48-9962-029c05778f15,CUST_01830,2026-02-22,billing,I was charged twice this month and need a refund immediately.,resolved,high,12.0
0dbaa9f3-9ab7-4cb0-a84e-c64910a2fb07,CUST_01830,2026-04-13,account,Can I downgrade my plan and keep my data?,pending,high,12.0
a2518ded-2d60-44ef-9ab3-5c15756c0e98,CUST_01830,2026-03-24,account,How do I export all my data before cancelling?,pending,low,
1c18ae51-a11a-418d-9675-018b671b850a,CUST_01833,2025-12-01,account,How do I add a second user to my account?,pending,medium,
60bdb0d5-f59c-419d-98b6-c2e4cc4d24ac,CUST_01833,2025-05-19,account,I need to update my business address and tax ID.,open,high,
0a88ab7b-d5f2-4e1f-981b-76a779ba8e85,CUST_01833,2025-02-14,feature,Can you add support for multiple currencies?,open,medium,8.0
6adec724-0b7d-460f-80a6-a7d63bf9969c,CUST_01833,2024-11-08,account,How do I add a second user to my account?,resolved,low,11.0
06196ed0-8d7a-4a34-a449-6057c9078285,CUST_01833,2025-08-31,feature,Is there a way to export data to Excel automatically?,resolved,high,12.0
034c9eb5-38ba-4206-b69b-5dfebbdedb50,CUST_01834,2025-12-11,feature,Can you add support for multiple currencies?,resolved,medium,11.0
8ece17ec-cb6f-49ba-a6bf-f07d5e960f8f,CUST_01834,2025-07-31,technical,Reports are not loading and just show a blank screen.,open,medium,7.0
63cc678f-87b4-4bb2-940c-305a8f99bf46,CUST_01834,2025-11-23,billing,"My invoice shows the wrong amount, please help.",resolved,low,7.0
d6c8fe2a-f589-4537-b5c6-1f6badeb9de6,CUST_01834,2025-08-21,account,How do I add a second user to my account?,pending,low,12.0
39a88033-0c57-4c82-930a-f53d7f454b56,CUST_01835,2026-01-24,feature,I need the ability to set recurring transactions.,resolved,low,4.0
9d57ac66-4a03-4f0c-a556-372e85a88304,CUST_01835,2026-04-18,technical,Reports are not loading and just show a blank screen.,pending,low,10.0
9e4b5a9f-d120-4bb9-84e2-0ac681c0b820,CUST_01836,2026-01-27,technical,The app crashes every time I try to run payroll.,resolved,high,
f1e22f3b-24a0-41dd-956e-2d07630d15a4,CUST_01836,2026-01-22,billing,I was charged twice this month and need a refund immediately.,pending,low,9.0
b6ba1169-d39d-45d8-b55e-defe00673f6c,CUST_01836,2026-02-04,billing,I cancelled but was still billed. Please reverse this charge.,open,low,3.0
5228593c-cab2-41e1-85db-fa957952d86a,CUST_01836,2026-03-17,feature,Can you add support for multiple currencies?,resolved,medium,
e3768376-45ad-45bd-89bf-f6722b3c31f8,CUST_01838,2025-12-18,technical,The app crashes every time I try to run payroll.,open,medium,
5ae35e63-484a-4632-bf5d-881efd68846b,CUST_01838,2025-12-01,billing,"My invoice shows the wrong amount, please help.",open,low,
195c00f3-012d-40dd-bea4-9f64c9008502,CUST_01838,2026-01-21,technical,My bank connection keeps disconnecting every few days.,open,high,14.0
aa73da15-832d-4cf7-a737-6d950bc691e8,CUST_01838,2026-04-01,feature,Please add a dark mode to the dashboard.,pending,high,6.0
2a20e1ea-7eed-4e11-b350-be01ec309e56,CUST_01839,2025-02-14,technical,The app crashes every time I try to run payroll.,pending,high,6.0
064bb4f5-ed43-4c46-a0a0-878523e131cf,CUST_01839,2025-03-16,feature,Please add a dark mode to the dashboard.,resolved,high,8.0
5f94c17f-207d-4b60-a97e-bf82d169a13c,CUST_01839,2025-03-14,technical,"I cannot log in to my account, password reset is not working.",open,high,
17345a26-38e0-4aaf-9778-69b2882c68e0,CUST_01839,2025-06-19,technical,My bank connection keeps disconnecting every few days.,resolved,low,
a01342a0-62eb-4a44-b337-b66316f6ab65,CUST_01839,2025-01-18,technical,"I cannot log in to my account, password reset is not working.",open,high,2.0
a3c20df7-0579-430e-a8ce-10e3e3a36755,CUST_01841,2024-12-09,feature,Please add a dark mode to the dashboard.,open,low,9.0
6d1f326e-cf09-4f1b-a536-da0376d14019,CUST_01841,2026-03-30,feature,Please add a dark mode to the dashboard.,resolved,medium,3.0
f5aea1ef-105d-4b10-a3c1-6bd52504a76d,CUST_01842,2026-02-23,billing,Why did my subscription price increase without notice?,pending,low,10.0
7933235a-dd8c-46c7-b74f-31be2da7118b,CUST_01842,2026-04-24,billing,Why did my subscription price increase without notice?,pending,medium,13.0
d6b6f128-139a-4dfe-ab1d-5995b69f34c8,CUST_01842,2026-03-16,technical,Reports are not loading and just show a blank screen.,resolved,low,1.0
81477fc7-6162-46f8-8363-a2384f632994,CUST_01842,2026-04-24,account,How do I export all my data before cancelling?,resolved,high,6.0
e02a805c-4e74-4012-83f8-405bf4f43fe7,CUST_01843,2026-03-31,billing,I was charged twice this month and need a refund immediately.,open,high,7.0
3274d86b-20a5-4dfd-ad41-c5029c0a3bc6,CUST_01844,2025-11-07,technical,"I cannot log in to my account, password reset is not working.",pending,medium,8.0
e43446d5-06b8-4b46-979f-59c75776f4cc,CUST_01844,2026-04-15,billing,"My invoice shows the wrong amount, please help.",resolved,low,8.0
bb47d6b5-f887-4b34-8198-9d316bbd57ef,CUST_01844,2026-05-04,billing,Why did my subscription price increase without notice?,pending,high,
cbd1552f-2280-4852-88f2-2842e1bff043,CUST_01845,2026-03-06,account,I need to update my business address and tax ID.,pending,low,5.0
81641c80-2d2a-43c7-92bc-db5df9444f5a,CUST_01845,2025-12-21,billing,"My invoice shows the wrong amount, please help.",open,high,13.0
47cf0145-afa2-42a2-a7e2-c14e36e802d3,CUST_01845,2026-03-28,feature,Can you add support for multiple currencies?,open,medium,5.0
68cf6bc0-b243-448a-840f-a8ff0d4efdc0,CUST_01845,2026-01-17,billing,"My invoice shows the wrong amount, please help.",resolved,low,
c10bba17-303a-4c2d-85f6-aa36494d2298,CUST_01847,2025-12-11,account,Can I downgrade my plan and keep my data?,resolved,high,
b3dcc2b5-8899-400d-94e4-1111e312f76d,CUST_01847,2026-04-24,billing,I was charged twice this month and need a refund immediately.,pending,high,6.0
6c4aa253-eeff-4893-9bad-49e3f71ecf38,CUST_01847,2025-04-19,billing,"My invoice shows the wrong amount, please help.",resolved,medium,
bba55889-547f-490e-b7a4-72ffe3e49321,CUST_01848,2026-02-18,account,Can I downgrade my plan and keep my data?,resolved,medium,7.0
f85f5945-b804-40d1-b45a-a17ecca24bbe,CUST_01848,2025-12-31,feature,I need the ability to set recurring transactions.,pending,medium,
19b60da2-3ddf-4074-ab47-3be91f4de95b,CUST_01848,2025-11-14,feature,Please add a dark mode to the dashboard.,resolved,high,5.0
4a3a1d90-3fd7-4e67-9c98-a9452355492e,CUST_01849,2026-01-28,billing,Why did my subscription price increase without notice?,resolved,medium,7.0
c416d151-f8d6-4cd0-9141-aa7972dc65aa,CUST_01849,2025-06-20,billing,Why did my subscription price increase without notice?,open,high,
2feade6d-54bd-4a9b-9271-0ac7d3788487,CUST_01849,2026-01-03,account,How do I export all my data before cancelling?,pending,high,
98f654e5-6471-4f17-98f3-65c89d9cbba2,CUST_01849,2024-07-03,technical,The app crashes every time I try to run payroll.,resolved,medium,8.0
afbc3e46-56ec-491f-84cf-a301b0f4092a,CUST_01851,2025-06-16,billing,"My invoice shows the wrong amount, please help.",resolved,high,12.0
342dbd0e-5382-42a3-8f8e-dea48c8a4bbe,CUST_01851,2025-07-10,feature,Please add a dark mode to the dashboard.,open,high,5.0
6b446f5e-b992-4132-bd8f-8566d2add821,CUST_01851,2025-03-07,account,Can I downgrade my plan and keep my data?,open,high,
64f9b538-babc-4265-b3c1-626572b706c7,CUST_01851,2025-06-02,billing,Why did my subscription price increase without notice?,open,high,3.0
ffc16ef6-7359-42f6-8065-2a825ba2f4b4,CUST_01851,2025-10-13,account,How do I export all my data before cancelling?,pending,medium,12.0
76c1025c-bb0a-4a03-9409-e359957e0755,CUST_01851,2025-07-31,billing,"My invoice shows the wrong amount, please help.",resolved,high,11.0
ce352cb0-8d5f-4d9f-a519-d96ee9f0e6f5,CUST_01851,2025-02-04,billing,Why did my subscription price increase without notice?,resolved,high,4.0
192efe05-6221-4d81-9385-4b6bf677de7f,CUST_01852,2026-04-04,technical,My bank connection keeps disconnecting every few days.,open,high,
4cc548ec-cae0-42a3-88b2-67f4218bbd1f,CUST_01854,2025-10-08,account,How do I add a second user to my account?,pending,high,2.0
d4ad598f-91e2-4a1e-b24b-8c4c62aa9ff9,CUST_01854,2026-02-21,billing,I was charged twice this month and need a refund immediately.,pending,high,
4934e70a-ef39-41ba-a844-4a35f9c6acf5,CUST_01854,2025-10-05,account,I need to update my business address and tax ID.,resolved,high,8.0
89d377b2-8116-4c5c-8587-78b834623289,CUST_01854,2025-12-20,billing,"My invoice shows the wrong amount, please help.",pending,high,7.0
e426d8e5-3b16-42b9-ba78-339a3f0c20cc,CUST_01854,2026-05-04,billing,I was charged twice this month and need a refund immediately.,pending,low,12.0
8d47ba3e-a0b2-485d-9131-28e87f688d52,CUST_01854,2026-05-02,technical,"I cannot log in to my account, password reset is not working.",open,low,4.0
6783eaae-1c8c-42d6-a283-b1072300154e,CUST_01855,2026-04-03,technical,Reports are not loading and just show a blank screen.,resolved,high,14.0
52e0df16-0d87-4b7e-9144-9b57a1dd363e,CUST_01857,2026-03-25,account,Can I downgrade my plan and keep my data?,pending,low,11.0
76a37c4d-8bbb-4e65-ace1-aa1f04cb0ac8,CUST_01857,2026-05-13,technical,My bank connection keeps disconnecting every few days.,resolved,medium,5.0
ec99cf0d-cc2a-4281-82c2-92638467207c,CUST_01857,2025-02-17,billing,Why did my subscription price increase without notice?,pending,medium,10.0
f7c9d12e-a166-4dda-8a5f-f99c5e6f349c,CUST_01858,2025-11-29,feature,Can you add support for multiple currencies?,resolved,medium,1.0
e817029d-5db8-42b8-9ab8-cb644f9754c2,CUST_01859,2026-01-25,account,Can I downgrade my plan and keep my data?,open,medium,6.0
1064d782-dcfb-4e15-8e9d-4a012c594cb6,CUST_01859,2025-06-03,feature,Please add a dark mode to the dashboard.,resolved,medium,1.0
8d7ecafc-16ee-44fb-bdac-006e368eec14,CUST_01859,2025-11-09,billing,I was charged twice this month and need a refund immediately.,resolved,low,12.0
61a16ded-eaf8-4532-99f0-e1ac7f9ad399,CUST_01861,2025-05-26,feature,Can you add support for multiple currencies?,resolved,high,1.0
29ce64fd-8da2-4d10-b342-3e51266d997e,CUST_01861,2025-02-13,account,I need to update my business address and tax ID.,open,high,10.0
b0f2404b-e552-47ad-bec4-18f655e66864,CUST_01861,2025-08-05,technical,Reports are not loading and just show a blank screen.,open,medium,10.0
66aae29a-64b7-4255-b7a3-7507f3bc1820,CUST_01861,2025-12-12,technical,The app crashes every time I try to run payroll.,resolved,low,7.0
c7871d4b-30b1-4bc1-92fb-cc6d49ac7b61,CUST_01862,2026-02-13,account,Can I downgrade my plan and keep my data?,resolved,medium,8.0
16cd348a-ab2b-4631-990f-833360f43198,CUST_01863,2025-12-28,account,I need to update my business address and tax ID.,resolved,high,1.0
a2104b63-1483-4a79-90e7-52ea061b633b,CUST_01864,2025-05-02,account,How do I add a second user to my account?,open,high,11.0
7aca4953-f0ac-4535-b9d2-83e713210fe2,CUST_01864,2026-05-13,account,Can I downgrade my plan and keep my data?,resolved,medium,5.0
912e7ff1-ed9f-43c9-bd78-481f61cc6d98,CUST_01865,2024-11-10,feature,Please add a dark mode to the dashboard.,pending,high,2.0
4e1233b8-6641-4182-a6c7-15c8dac3943e,CUST_01865,2025-03-31,billing,Why did my subscription price increase without notice?,resolved,low,1.0
dd46725d-d4e9-46d5-a028-c656e64b9dbc,CUST_01865,2025-03-14,feature,Is there a way to export data to Excel automatically?,resolved,medium,3.0
9dc4a161-2798-4e13-bd3e-1fd3eda50bfe,CUST_01865,2025-12-16,billing,"My invoice shows the wrong amount, please help.",open,medium,3.0
06696f9b-3b39-4d84-b728-ebb50bc106b3,CUST_01866,2025-10-29,account,Can I downgrade my plan and keep my data?,resolved,low,8.0
3cb5d581-0dd5-4fc1-838c-73ba1973fa96,CUST_01866,2026-01-04,feature,Is there a way to export data to Excel automatically?,resolved,high,
737576a8-17a9-437d-a188-d674c16b8301,CUST_01866,2026-05-12,feature,Is there a way to export data to Excel automatically?,resolved,high,1.0
5887732b-1d6b-4760-8b62-b92bb9bc5cbb,CUST_01867,2026-04-29,technical,My bank connection keeps disconnecting every few days.,open,high,
52adbe23-4217-4e8f-b20f-0456f099e65f,CUST_01867,2026-05-01,billing,"My invoice shows the wrong amount, please help.",open,high,1.0
ab13465d-e508-4bd3-af5c-4646c012add3,CUST_01867,2026-04-30,feature,Please add a dark mode to the dashboard.,open,medium,10.0
93e87be2-c467-4246-b847-679c460fa949,CUST_01867,2026-01-05,technical,"I cannot log in to my account, password reset is not working.",pending,high,
0c550c44-ec96-4bbd-9614-7f5fc37e8d9d,CUST_01868,2026-04-07,technical,Reports are not loading and just show a blank screen.,open,medium,3.0
9f1a8630-2c76-4048-97ae-3c9931287802,CUST_01868,2026-04-04,technical,My bank connection keeps disconnecting every few days.,open,high,
5bb1c237-260f-4b71-95c2-a6868fae0bbe,CUST_01868,2026-05-15,technical,My bank connection keeps disconnecting every few days.,resolved,medium,12.0
7a4cf1ff-9a7d-4461-b3dc-6a3d95a56801,CUST_01868,2026-03-13,feature,I need the ability to set recurring transactions.,resolved,low,9.0
b4244ffb-ceb0-4084-8532-c61ab06e5f95,CUST_01869,2026-03-17,technical,"I cannot log in to my account, password reset is not working.",resolved,medium,5.0
c259a4ab-f777-4c58-9049-9c4d0121b62f,CUST_01869,2024-09-26,feature,Is there a way to export data to Excel automatically?,pending,low,6.0
32bc1008-76ce-4f4b-906e-41ce702d0ddb,CUST_01869,2024-11-20,account,I need to update my business address and tax ID.,open,medium,10.0
753e618f-c258-4a44-a06e-a4fa95a06f15,CUST_01870,2025-12-07,technical,"I cannot log in to my account, password reset is not working.",pending,high,7.0
6e66fcb2-9b55-49a4-8cc9-5196bd7da945,CUST_01870,2026-04-21,account,Can I downgrade my plan and keep my data?,pending,high,5.0
c746a8d3-68fd-4fdb-94c9-63e93e0900d4,CUST_01870,2024-11-19,feature,I need the ability to set recurring transactions.,open,high,
d139870c-8ca3-4823-b5a2-6d19eeca9a31,CUST_01871,2026-03-10,billing,I cancelled but was still billed. Please reverse this charge.,pending,medium,
409df230-2d94-4ee1-ac01-275082236e40,CUST_01871,2026-04-08,account,I need to update my business address and tax ID.,open,high,14.0
eb6a7003-136d-4ad1-a59c-d9f6ac273c64,CUST_01871,2026-05-18,technical,The app crashes every time I try to run payroll.,resolved,medium,12.0
c9ffeadf-88fa-4ec8-a3ba-1bae1256ccd5,CUST_01871,2026-03-28,technical,My bank connection keeps disconnecting every few days.,resolved,medium,
04ccc6d8-4055-4c24-94aa-f075bd0e4e5e,CUST_01873,2026-03-13,billing,Why did my subscription price increase without notice?,resolved,medium,5.0
937499a3-1507-41b5-87a9-bf549709d19a,CUST_01873,2026-04-20,billing,I was charged twice this month and need a refund immediately.,resolved,low,
cd2165d7-002c-4f87-829a-0256540d8b3a,CUST_01873,2026-04-07,account,How do I add a second user to my account?,resolved,high,14.0
16f3f40f-8606-4024-898c-447c193188a6,CUST_01873,2026-04-16,feature,Can you add support for multiple currencies?,open,high,5.0
848a8ba4-46a8-44f1-aae2-cf7ccb458cee,CUST_01874,2026-05-15,account,How do I add a second user to my account?,pending,low,9.0
2bd804a0-2c78-4b37-85ca-c9c2a5e1233e,CUST_01875,2025-09-20,technical,"I cannot log in to my account, password reset is not working.",pending,medium,2.0
e5f87bd8-0a04-4c96-a000-35e74348e752,CUST_01875,2026-01-05,account,How do I add a second user to my account?,resolved,high,8.0
d8329edb-9004-4559-89a5-ce8a47d20a15,CUST_01876,2025-03-11,billing,I was charged twice this month and need a refund immediately.,resolved,medium,5.0
1fd294f5-18ad-4eac-9d95-a30da01032b2,CUST_01878,2025-06-14,billing,I was charged twice this month and need a refund immediately.,pending,high,8.0
e225baa7-6d57-42fc-b39b-94fad3bbbe2d,CUST_01878,2025-09-01,account,How do I export all my data before cancelling?,resolved,high,7.0
050e399d-ca40-45a9-a991-2c71de970f98,CUST_01879,2026-02-01,billing,Why did my subscription price increase without notice?,resolved,low,11.0
76f4a5e7-9b69-40b6-afc6-535621d64332,CUST_01879,2026-01-17,feature,Is there a way to export data to Excel automatically?,pending,medium,9.0
18d959bf-7189-40f3-a8a5-980369cc8454,CUST_01879,2026-02-15,account,How do I export all my data before cancelling?,pending,low,10.0
2fb2a8be-c564-47e9-989f-2be786d36626,CUST_01879,2025-11-03,feature,Please add a dark mode to the dashboard.,pending,medium,8.0
f8db85ad-eaa5-46e9-9fe1-de8d6ebd9215,CUST_01880,2026-01-25,billing,I cancelled but was still billed. Please reverse this charge.,open,high,13.0
4873ba8d-a7d3-4e6b-be9e-bf13b665dae8,CUST_01880,2025-11-21,billing,I cancelled but was still billed. Please reverse this charge.,resolved,high,6.0
9524c286-6608-4b80-923c-a072361dd58e,CUST_01880,2025-12-26,billing,Why did my subscription price increase without notice?,pending,low,13.0
dd8d1828-5235-4159-8870-3138881feccb,CUST_01880,2025-08-13,billing,I cancelled but was still billed. Please reverse this charge.,pending,high,12.0
a7b05f9d-6df0-4239-bdb0-2612bfb5a636,CUST_01880,2026-01-04,feature,Is there a way to export data to Excel automatically?,open,high,12.0
d3085453-f336-4d81-9161-a18298207836,CUST_01881,2025-09-23,billing,I was charged twice this month and need a refund immediately.,pending,medium,
6e8998af-8bea-4945-8c3a-b99aff4f9916,CUST_01881,2026-04-20,feature,I need the ability to set recurring transactions.,open,medium,14.0
72aeb67c-599c-4d29-a293-06dd3b4987a1,CUST_01881,2025-10-19,technical,Reports are not loading and just show a blank screen.,pending,high,11.0
6ba34b78-20ad-499c-b02f-22d07ab4e27f,CUST_01882,2026-04-22,billing,"My invoice shows the wrong amount, please help.",open,medium,13.0
e2560924-4308-4331-bd43-edd582e1b2f7,CUST_01882,2026-03-06,feature,Please add a dark mode to the dashboard.,pending,low,
75df3152-a544-465c-842f-33cd99b22e7c,CUST_01882,2026-02-26,technical,Reports are not loading and just show a blank screen.,open,medium,3.0
a81d4edf-3052-4b0b-a55c-a650531770cb,CUST_01882,2026-04-15,account,How do I add a second user to my account?,open,low,
4910fc74-dcc5-42cd-a879-3bb4df0d0655,CUST_01883,2025-08-15,feature,Is there a way to export data to Excel automatically?,resolved,medium,2.0
50031ad4-bc6b-4e49-a3c8-c6581200c2b6,CUST_01883,2026-03-07,billing,Why did my subscription price increase without notice?,resolved,high,14.0
6121af58-07c3-4e17-82a9-cce0e682be3e,CUST_01883,2026-04-17,account,I need to update my business address and tax ID.,open,low,
3269a84c-0d12-408a-8565-6130dbb922d2,CUST_01883,2025-11-29,account,Can I downgrade my plan and keep my data?,resolved,high,5.0
b863a5cd-677e-4f77-b1f7-6fe6eaaa870a,CUST_01883,2026-02-11,account,I need to update my business address and tax ID.,open,low,1.0
47290312-d720-4d53-b45f-c715c70f8450,CUST_01883,2025-07-13,feature,Is there a way to export data to Excel automatically?,open,medium,8.0
b8932dfc-89c4-4908-a0b7-352dc5168d67,CUST_01883,2026-02-25,technical,My bank connection keeps disconnecting every few days.,resolved,medium,2.0
c2c4ac9b-9678-4fcb-8c2a-e5af911d1f52,CUST_01884,2026-03-11,account,I need to update my business address and tax ID.,open,low,5.0
1ebd0b3e-a879-4141-837b-664dbfc24654,CUST_01884,2026-03-08,account,How do I add a second user to my account?,open,medium,13.0
5ae2229b-a321-4d4d-a901-a91bc219edb2,CUST_01884,2026-04-23,technical,The app crashes every time I try to run payroll.,resolved,low,
8e0f5b85-6497-40fd-b429-9c6050482be1,CUST_01884,2026-05-14,billing,"My invoice shows the wrong amount, please help.",open,high,
87eb8b77-40c9-4ebb-af69-035e1bd67e86,CUST_01885,2024-12-25,technical,"I cannot log in to my account, password reset is not working.",open,low,14.0
a165500d-de82-4aee-8c83-ef1bacb47815,CUST_01885,2025-01-24,technical,Reports are not loading and just show a blank screen.,resolved,high,
a5685af0-be61-4e2e-b835-f531ced42e52,CUST_01885,2024-11-09,feature,Please add a dark mode to the dashboard.,open,high,9.0
d5be2f3d-c094-41b5-9d9d-cd323c7e5f62,CUST_01885,2026-05-14,billing,I cancelled but was still billed. Please reverse this charge.,resolved,high,14.0
bd2db62e-c8cf-42c3-bc3f-69c592235ac1,CUST_01885,2024-11-27,feature,Is there a way to export data to Excel automatically?,open,low,6.0
8c8143cd-ec64-477d-8695-cd0363c3c6d6,CUST_01885,2025-09-21,account,How do I export all my data before cancelling?,open,high,14.0
2c4b850c-dc98-43e7-b2e8-10a8fe8f1372,CUST_01885,2024-10-02,feature,Can you add support for multiple currencies?,resolved,low,11.0
2602124c-9a1e-4c9b-99c4-de8ab1e6d7e6,CUST_01885,2025-10-10,feature,I need the ability to set recurring transactions.,pending,high,6.0
9c7471a3-7d43-4ea8-b3f8-1b28c12b36ed,CUST_01886,2026-02-23,billing,Why did my subscription price increase without notice?,resolved,medium,5.0
19bbfa5a-1daa-4bab-ae1b-7a5189b065f6,CUST_01886,2026-04-19,account,How do I add a second user to my account?,resolved,low,
78954e17-255e-4e45-a7be-870cf4efbf29,CUST_01886,2026-01-05,technical,The app crashes every time I try to run payroll.,open,medium,11.0
f336094b-8616-4bbd-bdf8-f145cac8c8c9,CUST_01887,2026-03-27,billing,"My invoice shows the wrong amount, please help.",pending,high,10.0
a98d2490-aace-44dd-a4bf-da48bff09280,CUST_01887,2026-05-02,feature,I need the ability to set recurring transactions.,open,low,9.0
60724c00-c506-4fc7-81a6-3eda70aeb143,CUST_01887,2026-04-14,billing,I cancelled but was still billed. Please reverse this charge.,resolved,low,2.0
5160ff22-418c-48cc-aa52-ef911829d787,CUST_01888,2024-12-18,billing,I cancelled but was still billed. Please reverse this charge.,pending,medium,5.0
3846e5ac-5b14-4d66-a1bc-6d89b0c99d69,CUST_01888,2025-12-11,technical,"I cannot log in to my account, password reset is not working.",pending,high,13.0
8737fc8b-ffa4-4a24-ac8d-b853d53013d0,CUST_01888,2026-01-28,feature,Is there a way to export data to Excel automatically?,pending,low,
538b3a64-13e1-483a-9188-cd1cfe1a2cf6,CUST_01888,2025-02-24,billing,I cancelled but was still billed. Please reverse this charge.,pending,high,8.0
da5df279-ff71-446b-a726-8be0927dff41,CUST_01889,2026-05-05,billing,I was charged twice this month and need a refund immediately.,pending,high,12.0
bc077b03-ae76-4d0c-9c41-fe3a33f3f28d,CUST_01889,2026-02-19,feature,Please add a dark mode to the dashboard.,pending,medium,12.0
52d51493-8a79-490d-88b7-b44330b550cc,CUST_01889,2026-01-16,technical,My bank connection keeps disconnecting every few days.,pending,high,2.0
abfc9067-ee6e-4b75-a1d8-0e6a8efc33db,CUST_01889,2026-03-18,account,How do I export all my data before cancelling?,pending,medium,7.0
fa789ab2-b394-4d1a-824d-be591d2cd406,CUST_01889,2026-02-07,billing,"My invoice shows the wrong amount, please help.",pending,medium,3.0
d4036af0-c735-4776-94ac-f109b175a412,CUST_01889,2026-02-23,account,I need to update my business address and tax ID.,resolved,high,
ddf37980-423d-49eb-919d-556f5d4ed4a5,CUST_01890,2025-10-18,billing,"My invoice shows the wrong amount, please help.",resolved,medium,3.0
46a4551f-688f-479e-8688-9afc6aab4187,CUST_01890,2024-10-16,feature,Please add a dark mode to the dashboard.,open,low,
498e8f7d-c544-44f6-b76c-f34a420c9a43,CUST_01890,2025-01-16,account,How do I add a second user to my account?,open,low,10.0
ea955eba-b7c2-4c80-b743-a18e7f200f5d,CUST_01891,2026-03-05,technical,The app crashes every time I try to run payroll.,open,medium,2.0
913f87dc-b4a8-4497-abda-1f2b9ae56fa6,CUST_01891,2026-03-03,account,I need to update my business address and tax ID.,resolved,medium,12.0
1c44ca65-c9bd-40b4-8b53-676569b0e31f,CUST_01891,2026-04-20,billing,I cancelled but was still billed. Please reverse this charge.,resolved,high,4.0
bc0824b2-8a18-4f11-a4f3-1422cc1177f3,CUST_01891,2026-03-23,billing,Why did my subscription price increase without notice?,pending,medium,1.0
9e243be9-51b3-4b69-92e9-045e578598e9,CUST_01892,2025-07-19,account,Can I downgrade my plan and keep my data?,resolved,low,10.0
8cdaba78-8913-477f-b5de-6642a0e78caa,CUST_01892,2026-02-03,billing,I cancelled but was still billed. Please reverse this charge.,resolved,high,14.0
2f6f1581-9c8e-4c63-863b-c58565c78edc,CUST_01892,2025-08-15,feature,Can you add support for multiple currencies?,resolved,medium,
4a939117-f109-4597-b403-609fcdb760e9,CUST_01893,2025-06-18,feature,Is there a way to export data to Excel automatically?,resolved,high,
94777efe-fb48-4e99-b024-7790502af64b,CUST_01893,2025-10-12,technical,The app crashes every time I try to run payroll.,pending,medium,5.0
b31909eb-ca89-4cbe-8abf-2ff6d2ab3526,CUST_01894,2026-04-14,account,Can I downgrade my plan and keep my data?,pending,low,2.0
47747d9c-936a-42de-8a46-1017241fdedd,CUST_01894,2026-04-22,technical,Reports are not loading and just show a blank screen.,pending,low,2.0
c5853483-ddb2-4971-b846-ef63bde64d01,CUST_01895,2024-12-06,feature,Please add a dark mode to the dashboard.,resolved,high,
2fec1697-e5d0-4968-b4b2-8ca7f5b86ebd,CUST_01896,2026-04-29,account,Can I downgrade my plan and keep my data?,pending,low,7.0
877ee06c-d348-452d-9f44-de75d5c04c70,CUST_01897,2026-03-29,billing,"My invoice shows the wrong amount, please help.",pending,medium,14.0
528967df-41fd-48be-80df-e1506d4af3ec,CUST_01897,2026-05-17,feature,I need the ability to set recurring transactions.,open,medium,
2d3de930-1039-4de5-b9a2-255fcdbc02df,CUST_01897,2026-04-28,billing,I cancelled but was still billed. Please reverse this charge.,pending,high,13.0
d1d274cb-8dba-4d1d-845a-7af8787cfabd,CUST_01898,2026-01-24,technical,My bank connection keeps disconnecting every few days.,pending,low,8.0
aa0089dd-b546-4b13-8333-c8f40a1ba24b,CUST_01898,2025-12-28,feature,I need the ability to set recurring transactions.,open,medium,10.0
3d7a5702-0ea6-4b82-9071-bd84f8bd279b,CUST_01898,2026-01-28,technical,"I cannot log in to my account, password reset is not working.",pending,low,6.0
d0a43209-03f8-482a-8d4c-6aaddc8ff453,CUST_01899,2026-02-28,technical,Reports are not loading and just show a blank screen.,pending,high,
cd0695b0-8b45-49ee-be2f-63887d4e9e00,CUST_01899,2026-05-06,feature,Please add a dark mode to the dashboard.,open,high,9.0
47ba4499-757b-4064-b656-7c59ac1230d2,CUST_01901,2026-05-02,feature,Is there a way to export data to Excel automatically?,resolved,medium,
4d6eba7f-d46f-4669-9a1f-739d99f73e0c,CUST_01901,2026-03-07,feature,Is there a way to export data to Excel automatically?,resolved,low,
8ba4d38d-2429-41ee-851e-9ba3312f99d2,CUST_01901,2026-05-09,account,I need to update my business address and tax ID.,open,high,10.0
c9632d30-fdfc-493e-a918-14fe78b897d1,CUST_01902,2026-02-09,account,How do I export all my data before cancelling?,pending,low,11.0
454c1d11-299b-4303-83ac-576a2e4d876d,CUST_01902,2024-11-04,feature,Please add a dark mode to the dashboard.,pending,high,13.0
e2a84a6d-2aff-48ad-a249-1ca0812b4363,CUST_01905,2026-02-06,technical,Reports are not loading and just show a blank screen.,open,high,9.0
0d4c6a48-a042-4044-b21e-d88c5ea9c960,CUST_01905,2025-08-26,feature,Can you add support for multiple currencies?,open,medium,13.0
4b05163d-d761-444c-a7eb-bd06d242d29f,CUST_01906,2025-05-06,feature,Is there a way to export data to Excel automatically?,pending,low,
51384db6-a741-4110-8e98-7311bfb60bae,CUST_01906,2025-08-11,account,I need to update my business address and tax ID.,resolved,high,2.0
01d7de26-9475-49f4-9290-08c3df2732f2,CUST_01906,2026-03-23,account,How do I add a second user to my account?,open,medium,7.0
ebd869ca-cc84-4341-a1e5-f2f481bc64d5,CUST_01907,2025-05-09,feature,Is there a way to export data to Excel automatically?,open,medium,
0201dfa9-df37-44f2-b159-c7d558980b4e,CUST_01907,2025-04-25,technical,"I cannot log in to my account, password reset is not working.",open,low,12.0
a2fd67c8-8312-49b3-be29-10c7708af330,CUST_01907,2025-12-13,account,How do I add a second user to my account?,resolved,medium,6.0
8cd60703-a4b6-4fdc-a9db-a80a32c70dba,CUST_01908,2024-09-20,account,How do I add a second user to my account?,pending,high,7.0
5b374a43-a60f-432b-aaff-5e628681fa47,CUST_01908,2026-03-28,feature,I need the ability to set recurring transactions.,open,high,
78108847-0634-4efb-aa58-49aa7c67b49d,CUST_01908,2024-12-13,billing,"My invoice shows the wrong amount, please help.",resolved,low,10.0
f804a2ab-c52d-49a9-bff4-70f3205a2e8d,CUST_01908,2024-10-21,feature,I need the ability to set recurring transactions.,open,medium,5.0
ab1e8c3c-7734-4d42-bdb2-44ac398b76af,CUST_01909,2025-08-14,account,Can I downgrade my plan and keep my data?,open,high,9.0
7d6a2ed4-7d00-4c7f-81e0-105b51bab9ad,CUST_01909,2025-10-28,billing,I cancelled but was still billed. Please reverse this charge.,resolved,low,11.0
c466f73a-ed7b-4844-b2af-181c10edbac4,CUST_01910,2026-01-28,technical,My bank connection keeps disconnecting every few days.,open,low,13.0
e68351d2-2abf-44aa-9f65-32598d7cc711,CUST_01910,2026-02-02,billing,I was charged twice this month and need a refund immediately.,resolved,medium,7.0
7d90eb0f-8961-4bcf-92c4-83518ee7c2d7,CUST_01911,2026-01-17,technical,"I cannot log in to my account, password reset is not working.",pending,high,5.0
2e1e3c7d-f7a0-4049-bf0d-5c39a32bec2d,CUST_01911,2026-02-24,account,I need to update my business address and tax ID.,pending,high,13.0
95e3b58f-8aa1-411a-96ec-ceb72be77184,CUST_01912,2026-04-29,account,Can I downgrade my plan and keep my data?,resolved,low,10.0
edebb7b1-8c0e-414d-a8e6-70042c19dc0b,CUST_01912,2026-03-09,account,I need to update my business address and tax ID.,open,high,8.0
6ee19edc-8aa8-489a-ac9e-6945d214e46c,CUST_01912,2026-03-17,technical,Reports are not loading and just show a blank screen.,resolved,high,
5da35570-0ec2-4ff1-bb82-8c170e135eef,CUST_01912,2026-01-28,account,Can I downgrade my plan and keep my data?,pending,low,9.0
28bfecf2-f564-41d4-8b73-411c8176d656,CUST_01914,2025-09-09,technical,Reports are not loading and just show a blank screen.,resolved,medium,7.0
43c1eece-47a9-455b-9494-3bfe07afd8db,CUST_01915,2025-12-07,technical,"I cannot log in to my account, password reset is not working.",pending,high,3.0
05260400-0622-41d3-8788-e1f6d2175e0e,CUST_01915,2025-04-06,technical,The app crashes every time I try to run payroll.,pending,high,
36f66ce4-6fda-4e37-bc25-cf04bba2522b,CUST_01915,2026-01-06,feature,Please add a dark mode to the dashboard.,resolved,medium,
1ecd5c27-d04f-4517-b7e8-b569d9ef2418,CUST_01915,2025-10-20,technical,"I cannot log in to my account, password reset is not working.",pending,high,5.0
e270b63f-86d2-471c-b3fd-8bb828077492,CUST_01915,2026-03-20,feature,I need the ability to set recurring transactions.,resolved,high,
8ae99cab-2b30-4e96-938d-8ddc8a86d4fa,CUST_01915,2026-04-15,technical,The app crashes every time I try to run payroll.,pending,high,10.0
d69b42ea-f8a8-492a-9c95-79b89bdeed5d,CUST_01916,2026-03-03,account,How do I export all my data before cancelling?,open,high,14.0
8c0b9a3b-6e71-4bec-8682-28312e8e679a,CUST_01917,2026-05-17,feature,I need the ability to set recurring transactions.,open,high,1.0
74e7b189-06b6-47ed-be7b-78a7f0635cd1,CUST_01917,2026-05-03,feature,Is there a way to export data to Excel automatically?,open,medium,9.0
01f7b4ac-481b-4ae9-8c30-4535db0268de,CUST_01917,2026-04-10,account,I need to update my business address and tax ID.,pending,high,
07069c51-7afb-436f-ac12-f72dcbfad3b2,CUST_01917,2026-05-13,account,How do I export all my data before cancelling?,open,high,2.0
50d4a8f9-00b4-4a82-ad17-db9ccbe0d93f,CUST_01918,2026-05-17,feature,Please add a dark mode to the dashboard.,open,high,9.0
65605f87-0fa4-4e94-9ec7-833cc54f203d,CUST_01918,2026-05-04,billing,I cancelled but was still billed. Please reverse this charge.,resolved,low,
bbe297e6-a457-4bd1-98e0-b84b9ad4d25b,CUST_01918,2026-05-09,technical,My bank connection keeps disconnecting every few days.,pending,high,9.0
e52f2317-9a0f-42a6-b9e6-abb9c6da0096,CUST_01918,2026-05-16,feature,I need the ability to set recurring transactions.,open,high,10.0
20510b51-3d14-4215-9f19-5edae56e1d99,CUST_01920,2026-04-06,technical,The app crashes every time I try to run payroll.,pending,high,14.0
ccc92275-66a4-4664-b1c2-6ca0b7e471db,CUST_01921,2026-04-30,billing,I cancelled but was still billed. Please reverse this charge.,resolved,high,7.0
594ecbb3-9112-4112-8ac7-a88a10fab9d3,CUST_01921,2026-04-08,billing,I was charged twice this month and need a refund immediately.,resolved,high,10.0
053b9a97-d09d-4a0d-aaca-83be5a4b6b9e,CUST_01922,2025-12-08,account,How do I add a second user to my account?,open,medium,
a6a4fc2e-d048-4d75-8e46-8f468e6902c6,CUST_01922,2025-07-28,feature,I need the ability to set recurring transactions.,resolved,medium,
e302e394-32e1-4262-9b2e-ef8aece31207,CUST_01922,2025-08-17,account,Can I downgrade my plan and keep my data?,open,medium,9.0
9c95b742-b3bd-462a-9ccd-fa2562de7c11,CUST_01922,2025-11-01,billing,Why did my subscription price increase without notice?,resolved,low,10.0
b1800bd6-29ed-43f6-ad4e-28d8baec2f30,CUST_01922,2026-04-04,feature,Please add a dark mode to the dashboard.,pending,high,8.0
1da809e9-0395-4282-b4e2-be53e45e9d1b,CUST_01922,2025-08-14,technical,Reports are not loading and just show a blank screen.,resolved,high,1.0
2d6a69cd-1074-4720-a49a-45a3cba8f83d,CUST_01923,2026-04-14,technical,The app crashes every time I try to run payroll.,pending,high,10.0
00658e0e-8785-40eb-a54b-d73e2d67a8e1,CUST_01923,2025-12-27,feature,Can you add support for multiple currencies?,pending,high,
e4b0ce6c-06ce-4b77-8ffb-3c4dae33ce10,CUST_01923,2025-12-14,feature,I need the ability to set recurring transactions.,pending,high,4.0
009fb2b7-7af9-42f5-b6ed-6e53d7cc6f66,CUST_01923,2026-03-26,technical,My bank connection keeps disconnecting every few days.,resolved,medium,10.0
e544e718-26b1-4570-89da-e54e7bddc046,CUST_01923,2026-01-25,account,How do I export all my data before cancelling?,open,high,13.0
e082ac51-27fa-404d-832c-558424001574,CUST_01924,2025-04-11,account,I need to update my business address and tax ID.,pending,high,5.0
dd7e246f-68f5-45c5-a584-7f50ef407be9,CUST_01924,2024-09-21,billing,I cancelled but was still billed. Please reverse this charge.,pending,high,1.0
c94425b1-cb94-4f05-a9cc-6a486e564611,CUST_01924,2026-02-28,feature,Please add a dark mode to the dashboard.,resolved,high,13.0
8a5db1e6-2797-4fbb-9180-fd1198d82024,CUST_01924,2024-10-08,technical,"I cannot log in to my account, password reset is not working.",open,high,8.0
282747c8-f611-4417-952a-09bb5f69d02f,CUST_01924,2026-01-16,technical,The app crashes every time I try to run payroll.,open,high,1.0
93259d51-8284-4303-844f-1be06be27987,CUST_01924,2025-07-01,account,How do I export all my data before cancelling?,pending,high,3.0
6362d3cf-2eda-4ad8-b9b6-34667bcabb46,CUST_01924,2025-05-14,technical,My bank connection keeps disconnecting every few days.,open,high,11.0
130a5c86-0b0d-42aa-b728-dca5992ea301,CUST_01924,2026-02-27,account,How do I export all my data before cancelling?,open,high,10.0
0ca08b42-7133-44c5-a32b-c46fde0da0cb,CUST_01925,2026-03-25,billing,"My invoice shows the wrong amount, please help.",resolved,medium,
ab0ef61b-9e6d-46af-882b-c9e67506ce8b,CUST_01925,2026-02-15,account,How do I add a second user to my account?,pending,medium,11.0
c10d8d6c-bf48-4490-8780-ce972e7649db,CUST_01926,2026-03-27,feature,Is there a way to export data to Excel automatically?,resolved,low,7.0
8982ee5f-9dcc-4e33-bd1f-02e13c5516b9,CUST_01926,2026-04-25,technical,The app crashes every time I try to run payroll.,open,low,4.0
4384ebaf-68f7-48f3-a538-59f57f679915,CUST_01926,2025-11-20,technical,Reports are not loading and just show a blank screen.,resolved,low,
ad8b1359-ab0a-40ac-9d0a-d3badeaa5991,CUST_01926,2025-11-19,feature,Can you add support for multiple currencies?,resolved,high,11.0
46ac1e35-7e3b-4302-a484-85e9d5fec2a6,CUST_01927,2026-02-21,technical,"I cannot log in to my account, password reset is not working.",resolved,high,9.0
695f4aa3-5015-4b44-86dd-cedad9a55793,CUST_01927,2026-02-21,technical,My bank connection keeps disconnecting every few days.,pending,high,7.0
93e66a23-adf6-4912-8829-17732b00551e,CUST_01927,2026-02-19,feature,Please add a dark mode to the dashboard.,open,high,5.0
68ffd8cc-31c3-4626-97ef-b18232b99cfc,CUST_01928,2026-04-20,technical,"I cannot log in to my account, password reset is not working.",open,low,3.0
f6d68d68-c377-4280-9f38-a52e07b09a99,CUST_01928,2026-03-13,account,I need to update my business address and tax ID.,open,medium,
cfe9f9ce-42ec-409c-ac0e-f8abd49794b9,CUST_01928,2026-05-02,technical,"I cannot log in to my account, password reset is not working.",pending,low,7.0
595455c0-a466-4a78-980a-ff33bbf7f7db,CUST_01928,2026-03-23,account,How do I export all my data before cancelling?,pending,medium,14.0
a6010f39-1b1f-4436-8bb1-135e448ff570,CUST_01929,2025-08-19,feature,Is there a way to export data to Excel automatically?,pending,high,14.0
44a7e626-00bd-45c4-bd1d-59302198c959,CUST_01929,2025-04-20,account,How do I add a second user to my account?,resolved,medium,4.0
89b9c7de-d50b-45be-9762-c93dc0f9ee3e,CUST_01929,2025-10-09,account,I need to update my business address and tax ID.,pending,medium,
acf091be-323a-4b47-96b7-e89f0e747c9b,CUST_01930,2024-09-17,technical,Reports are not loading and just show a blank screen.,open,medium,9.0
13d08677-47cf-450b-9789-f98ccc6acde4,CUST_01930,2026-01-26,account,How do I export all my data before cancelling?,pending,medium,
39391a0e-79f8-4e7b-a78f-3b9e34385bad,CUST_01930,2025-02-12,account,I need to update my business address and tax ID.,open,low,9.0
6b79c736-6ae3-4d19-a69b-140200ebf021,CUST_01931,2026-02-25,feature,Please add a dark mode to the dashboard.,resolved,medium,7.0
8320752c-3012-4ac2-8d2d-188510156af0,CUST_01932,2025-08-23,technical,The app crashes every time I try to run payroll.,pending,low,3.0
b284c0c8-5317-4834-8327-0fa504c66a6a,CUST_01932,2025-04-15,feature,Can you add support for multiple currencies?,resolved,medium,
0dbda37e-e3d0-4b00-94cc-44d1c4680752,CUST_01932,2026-01-14,account,How do I export all my data before cancelling?,pending,low,
2c56ae7c-eef2-4f55-af4e-e59999da39bd,CUST_01933,2025-11-07,account,I need to update my business address and tax ID.,open,high,2.0
6ba4da16-a2f5-439a-8bfb-2329911864e1,CUST_01933,2026-01-15,technical,"I cannot log in to my account, password reset is not working.",pending,low,3.0
cc7a2df9-26d9-4088-9688-79ce817c37ee,CUST_01934,2025-07-03,technical,The app crashes every time I try to run payroll.,open,low,9.0
24493474-51f7-4766-a2db-94eda62bdb8c,CUST_01934,2025-05-19,account,How do I export all my data before cancelling?,resolved,medium,14.0
28fc912e-8cb1-4796-9d60-1d1a69d73605,CUST_01934,2025-12-23,technical,"I cannot log in to my account, password reset is not working.",open,low,7.0
be2ec91f-1e4d-4a0d-b661-a873437dc6d8,CUST_01934,2025-05-29,technical,"I cannot log in to my account, password reset is not working.",open,medium,1.0
468149a6-6af4-4cd2-997a-bbf2400aaa07,CUST_01935,2025-12-29,technical,My bank connection keeps disconnecting every few days.,open,low,4.0
be14046d-931c-4ed0-8fb7-38c7af10187c,CUST_01935,2025-08-04,billing,Why did my subscription price increase without notice?,resolved,high,14.0
23069abb-96a5-4dd5-a237-9f2e2168c15c,CUST_01935,2026-05-17,billing,Why did my subscription price increase without notice?,open,high,10.0
8e831c10-cdc8-4df2-a9fa-65c4ceedaf53,CUST_01935,2025-06-26,account,I need to update my business address and tax ID.,pending,high,11.0
8e53902f-321f-4a9b-92f8-f5b825f5dcd0,CUST_01936,2025-02-22,technical,Reports are not loading and just show a blank screen.,resolved,high,14.0
21436842-27ce-4f4f-99af-6274e7edc8d6,CUST_01936,2025-09-16,account,I need to update my business address and tax ID.,resolved,high,7.0
6341d2f9-c50d-499d-98a9-a5fae1c61f49,CUST_01936,2025-06-01,feature,Is there a way to export data to Excel automatically?,resolved,low,13.0
49a5770a-add8-4793-84ac-849563aebc6e,CUST_01936,2024-11-08,account,How do I add a second user to my account?,open,low,12.0
2cbc46ba-c046-46fa-865b-1875de7feb9a,CUST_01938,2025-09-15,feature,I need the ability to set recurring transactions.,pending,low,9.0
7cb31aeb-85b2-4da5-bfe8-e7254d741de7,CUST_01938,2026-02-08,feature,Is there a way to export data to Excel automatically?,open,high,7.0
fb404d4d-136f-470f-bbf1-a848dc257d01,CUST_01938,2025-09-01,billing,I was charged twice this month and need a refund immediately.,open,medium,7.0
d62948b3-43eb-48a6-ab95-3cbbb73b7254,CUST_01940,2025-09-07,feature,Please add a dark mode to the dashboard.,resolved,medium,
c62933e6-0964-41c7-9834-dd8b3cad8b2e,CUST_01940,2026-03-07,account,Can I downgrade my plan and keep my data?,resolved,low,12.0
31ca7cb9-9fa3-45b9-98ef-7c6d5ab4068e,CUST_01941,2024-12-30,billing,I cancelled but was still billed. Please reverse this charge.,pending,high,1.0
12558cb9-a13d-4274-bfff-7462330082b4,CUST_01941,2026-03-06,technical,Reports are not loading and just show a blank screen.,resolved,medium,6.0
bfdeeedd-d81a-4505-8746-d0fad25bfc74,CUST_01941,2025-01-05,account,How do I add a second user to my account?,resolved,high,
6ec7af51-1931-4a27-a560-4d9296fb1d95,CUST_01942,2025-10-28,billing,"My invoice shows the wrong amount, please help.",resolved,medium,11.0
339fd16b-9201-4dbf-924f-ef9153658a9c,CUST_01942,2025-10-24,account,How do I export all my data before cancelling?,resolved,medium,8.0
7638f5cd-6efa-4661-b6fc-eed6d583e6b6,CUST_01943,2026-01-14,account,How do I export all my data before cancelling?,open,medium,10.0
2d34fbf3-ad25-4b38-9138-ce80a7e5631b,CUST_01943,2025-10-10,technical,Reports are not loading and just show a blank screen.,pending,high,14.0
0765d4e0-16e9-489b-8a70-761a883426f3,CUST_01943,2026-01-27,technical,Reports are not loading and just show a blank screen.,open,low,1.0
a7542a35-b9db-4ee9-9fe3-1a90dd3a9e8c,CUST_01943,2026-04-15,feature,Can you add support for multiple currencies?,resolved,low,
fbb2847c-9d05-4095-b3f2-02dc5b62f3a0,CUST_01943,2025-09-02,billing,I cancelled but was still billed. Please reverse this charge.,resolved,high,3.0
4e92406c-f6d5-4387-96e1-77c44845378c,CUST_01944,2026-03-19,feature,Please add a dark mode to the dashboard.,resolved,high,4.0
b1d57853-656b-4be4-8a97-313c73310419,CUST_01944,2025-04-01,feature,Please add a dark mode to the dashboard.,open,high,4.0
b555170e-ed32-4402-8fcd-a9b46b85d85b,CUST_01944,2025-03-26,billing,Why did my subscription price increase without notice?,resolved,low,13.0
a3e1a116-c108-4617-b8bf-3e97c458a4f7,CUST_01946,2025-03-15,technical,Reports are not loading and just show a blank screen.,resolved,low,10.0
b0538eb7-8e37-4ac4-aebf-b1981563a843,CUST_01946,2025-09-23,account,How do I export all my data before cancelling?,pending,medium,4.0
2d5b77e4-dd36-4ac1-ab72-c55e86105816,CUST_01947,2025-03-10,account,Can I downgrade my plan and keep my data?,open,medium,7.0
7be2bfe0-1bb1-46ea-a3a0-0df76b281ab9,CUST_01947,2025-07-11,billing,"My invoice shows the wrong amount, please help.",open,medium,
a96e04a3-d043-423a-a8e7-359ff53ef795,CUST_01947,2026-04-19,technical,My bank connection keeps disconnecting every few days.,open,high,6.0
503971f8-a109-4559-bc57-996fc1f6c6c7,CUST_01949,2026-01-27,feature,Please add a dark mode to the dashboard.,resolved,high,8.0
315bc420-c8af-4766-aeab-017cfd4f1343,CUST_01949,2025-04-20,technical,Reports are not loading and just show a blank screen.,open,high,14.0
0242ba9c-9e35-47fa-9022-1763a6ed622b,CUST_01950,2026-03-03,account,How do I add a second user to my account?,open,high,10.0
ae23f907-1e01-43f1-9775-c9968f1334a4,CUST_01950,2026-03-12,billing,I cancelled but was still billed. Please reverse this charge.,pending,medium,5.0
afa89fab-a6a1-4347-b24f-b1eaacb0b125,CUST_01950,2026-01-06,account,How do I export all my data before cancelling?,pending,high,
1b2cea90-4681-4355-8480-04661fa4d59e,CUST_01950,2025-12-28,account,Can I downgrade my plan and keep my data?,pending,low,12.0
d65196be-2e62-41ba-8d0b-1c1e602a7ab2,CUST_01951,2025-11-28,technical,The app crashes every time I try to run payroll.,resolved,medium,2.0
47269648-d95a-452d-9f77-9e6fc1440e58,CUST_01951,2026-03-08,feature,I need the ability to set recurring transactions.,pending,medium,11.0
b6a78b66-f0da-4bee-b33c-d74da86c6fdc,CUST_01952,2026-03-18,account,I need to update my business address and tax ID.,open,medium,6.0
1bd64e51-3546-4c71-aebb-d2b50cec730b,CUST_01953,2026-03-05,account,I need to update my business address and tax ID.,pending,low,6.0
e927cb48-7a45-4694-962b-943815f2937e,CUST_01953,2025-12-06,technical,The app crashes every time I try to run payroll.,resolved,medium,14.0
106d838f-eb2f-4cde-a144-7c2ba2529ebc,CUST_01955,2025-04-09,feature,I need the ability to set recurring transactions.,resolved,low,2.0
7a901111-5dbd-49db-8469-51d8564b5a1e,CUST_01956,2026-03-05,feature,Can you add support for multiple currencies?,open,medium,10.0
221bdefe-9946-4b5a-912e-cd2b98932641,CUST_01957,2025-06-21,technical,The app crashes every time I try to run payroll.,resolved,medium,12.0
4bbf5fdb-2275-489e-8f36-98ca5bb5dd09,CUST_01957,2026-01-25,technical,"I cannot log in to my account, password reset is not working.",open,medium,6.0
e86d5de4-e018-4d2b-881f-2d3ae79251f5,CUST_01957,2025-08-07,billing,I cancelled but was still billed. Please reverse this charge.,resolved,low,9.0
937150b8-e0d6-4673-9d28-ac6c5759873d,CUST_01957,2025-06-30,feature,I need the ability to set recurring transactions.,pending,low,
b0ed0e48-57d6-468f-bfb1-ee0c7d0ffbe6,CUST_01958,2025-03-12,account,How do I add a second user to my account?,open,medium,9.0
630aab7c-a797-419d-a067-4217ff42a6ba,CUST_01958,2025-02-01,feature,I need the ability to set recurring transactions.,resolved,high,13.0
209bef21-f3bb-49f1-b847-d5151191ce40,CUST_01958,2025-01-30,technical,Reports are not loading and just show a blank screen.,pending,high,
9f260986-b4db-486b-b597-3751ff7f9920,CUST_01958,2025-12-03,feature,Can you add support for multiple currencies?,open,low,13.0
4a957347-cd0e-4709-9b07-17105b1a5e65,CUST_01959,2025-10-26,account,I need to update my business address and tax ID.,resolved,low,1.0
94487490-694c-4f94-a614-2a27016749e1,CUST_01960,2024-11-05,account,How do I add a second user to my account?,open,low,
c7df353f-be3f-48e0-8148-9355861b07e5,CUST_01960,2025-11-08,account,How do I export all my data before cancelling?,resolved,low,13.0
ec3ac2be-8028-48e5-b181-376ae864f5ca,CUST_01961,2026-05-16,account,How do I export all my data before cancelling?,resolved,high,
f448c6fc-34a6-4476-b42e-5d94eaafe054,CUST_01961,2026-04-16,billing,I was charged twice this month and need a refund immediately.,resolved,low,6.0
b6ba3740-8fce-4ffb-a54a-99dedaf9f50b,CUST_01961,2026-05-04,feature,Can you add support for multiple currencies?,resolved,high,10.0
615f4326-6fc6-41ab-a846-94d34d8911d1,CUST_01961,2026-05-12,feature,Please add a dark mode to the dashboard.,open,low,
a363c18d-711b-47ab-aa97-bf452ad19f85,CUST_01961,2026-05-01,billing,I was charged twice this month and need a refund immediately.,pending,high,7.0
0c4f1d97-65e8-4e55-b35f-67b2f4bb3b23,CUST_01962,2025-08-05,billing,I was charged twice this month and need a refund immediately.,open,low,
a9651769-d653-4246-aa7b-4c151fb31728,CUST_01962,2025-01-30,feature,Is there a way to export data to Excel automatically?,pending,low,2.0
b9465103-59d2-424e-8d64-e7d4eed21efe,CUST_01962,2025-12-02,feature,Is there a way to export data to Excel automatically?,pending,low,
530f74bc-89ee-4493-822d-9910416c11af,CUST_01963,2025-10-30,technical,The app crashes every time I try to run payroll.,open,high,12.0
4d7eec51-d580-41d2-8f6c-3fd7dbc304ae,CUST_01963,2025-04-28,feature,Can you add support for multiple currencies?,pending,medium,
2c769f3e-3c61-418e-b56f-7242e201c629,CUST_01965,2025-07-04,feature,Can you add support for multiple currencies?,pending,medium,4.0
c5009322-00c6-4e7f-a5f0-0972a163a0a9,CUST_01965,2025-09-01,technical,The app crashes every time I try to run payroll.,pending,medium,
1080fedc-0e3d-4dbd-97c5-33156c378d31,CUST_01965,2025-04-09,account,How do I add a second user to my account?,resolved,high,13.0
a689e892-6a81-4a5d-9737-50a9ded49622,CUST_01965,2025-07-02,feature,Please add a dark mode to the dashboard.,pending,medium,14.0
30478850-4d8d-48fe-a08f-69247c22e19f,CUST_01965,2025-04-18,account,Can I downgrade my plan and keep my data?,open,medium,7.0
cdc53256-1a84-42e2-a2b5-d5a28befcfbc,CUST_01965,2026-05-05,account,How do I export all my data before cancelling?,open,low,10.0
6dbdb04d-453c-4d1c-b1c0-9bfd52b17601,CUST_01965,2026-03-15,account,How do I add a second user to my account?,open,high,7.0
32ea0994-5281-41a4-87c4-32dac5e99354,CUST_01966,2026-01-14,account,I need to update my business address and tax ID.,open,high,13.0
836b7eb6-f0ba-458c-8dc7-2732999efff6,CUST_01966,2026-02-10,account,I need to update my business address and tax ID.,open,high,4.0
c9237255-3de5-41d5-b622-4264f21f03e3,CUST_01966,2025-06-12,account,How do I export all my data before cancelling?,resolved,high,7.0
4eab8ffe-6507-4869-b9e5-49013a55ac0c,CUST_01967,2026-05-14,feature,Can you add support for multiple currencies?,open,medium,
9158fb2b-e8da-4525-b321-bfea60768b41,CUST_01968,2026-04-21,account,I need to update my business address and tax ID.,resolved,medium,4.0
9323016f-3f16-46a9-a6cc-c874f63f597a,CUST_01968,2025-06-25,account,I need to update my business address and tax ID.,open,high,11.0
82b9deed-53ae-48aa-8b42-a35b7754c4a7,CUST_01968,2025-06-28,technical,Reports are not loading and just show a blank screen.,pending,high,11.0
4b5dfac7-5811-4a27-81ca-785cc893c84c,CUST_01968,2026-02-04,feature,Can you add support for multiple currencies?,resolved,high,6.0
2862e966-9c2d-4272-baa3-6adc30abfa2d,CUST_01969,2024-11-06,technical,My bank connection keeps disconnecting every few days.,resolved,medium,
d5193186-27a2-4ecd-b58d-3b3d2d29b551,CUST_01969,2024-08-18,billing,I was charged twice this month and need a refund immediately.,resolved,high,1.0
b04aff97-fc26-4e37-a14e-60f5ef646a4e,CUST_01970,2025-05-04,account,I need to update my business address and tax ID.,pending,medium,7.0
88c93381-912d-4e89-b9d8-faedeb78e54e,CUST_01971,2025-12-23,technical,"I cannot log in to my account, password reset is not working.",pending,high,8.0
3b946577-887d-45b1-847e-f2e2b4ef3dab,CUST_01971,2026-03-16,account,How do I export all my data before cancelling?,open,low,
f638b135-a11a-41cd-9f16-73768b7e19c7,CUST_01971,2026-03-03,technical,The app crashes every time I try to run payroll.,resolved,low,12.0
5000f076-341c-4918-aadb-a3d8c7153b08,CUST_01973,2025-01-05,technical,Reports are not loading and just show a blank screen.,open,medium,
581402f4-2f6a-4e10-bcc6-9edee8baffa6,CUST_01974,2024-09-03,account,How do I export all my data before cancelling?,pending,high,4.0
513200e4-e322-45c0-a000-a3dc802e8f0c,CUST_01974,2025-12-05,account,I need to update my business address and tax ID.,resolved,high,12.0
b06ce1b7-fb72-47ec-9696-c1ea34eadc96,CUST_01975,2026-05-13,feature,I need the ability to set recurring transactions.,pending,low,4.0
b7d725f9-88eb-44d8-add0-2817353c4bf1,CUST_01975,2026-05-06,feature,Please add a dark mode to the dashboard.,resolved,low,12.0
34821c1e-e4bb-45fc-aad3-136dab864933,CUST_01975,2026-04-13,account,Can I downgrade my plan and keep my data?,resolved,medium,1.0
ed661d9a-69da-442f-9d03-150a322e14bd,CUST_01975,2026-05-17,account,How do I add a second user to my account?,open,high,1.0
51085f78-6ad3-4998-a4ff-2764030f9abc,CUST_01978,2026-03-25,billing,I cancelled but was still billed. Please reverse this charge.,pending,low,1.0
f03cc8f2-25a8-4423-8642-28269cff25d4,CUST_01978,2025-09-12,technical,My bank connection keeps disconnecting every few days.,resolved,low,4.0
13d78399-f745-4ab0-9126-6e1e4f90aa68,CUST_01978,2025-11-30,billing,Why did my subscription price increase without notice?,open,high,14.0
fce6f871-7d22-4769-8386-498f477849cc,CUST_01978,2025-05-13,feature,Is there a way to export data to Excel automatically?,open,high,8.0
d7afd9a7-75f7-4107-b825-25dc438605f9,CUST_01978,2026-03-13,technical,Reports are not loading and just show a blank screen.,open,medium,12.0
9135c1ed-6129-4e82-be4d-793ac23b25f8,CUST_01978,2026-01-24,technical,My bank connection keeps disconnecting every few days.,pending,low,9.0
0a5edcc0-185a-4d35-8717-bedd5928785f,CUST_01978,2026-02-15,feature,Can you add support for multiple currencies?,resolved,high,12.0
f9e180c0-d602-4677-8b77-523ebc0d9805,CUST_01978,2025-10-12,account,How do I add a second user to my account?,pending,high,
786ef485-8470-48dc-abd7-b6a8265aeccc,CUST_01982,2024-07-10,account,Can I downgrade my plan and keep my data?,resolved,low,8.0
faead2b1-2806-42e8-bbd4-88a5182158dd,CUST_01982,2025-06-15,feature,I need the ability to set recurring transactions.,open,low,3.0
33a1cf07-dc15-4a78-a5c5-02bd93e3c6e6,CUST_01982,2024-08-16,technical,The app crashes every time I try to run payroll.,open,medium,
a967d527-a029-4ee6-9f09-b5478eca2687,CUST_01983,2026-04-13,feature,Can you add support for multiple currencies?,resolved,medium,8.0
f99d3d6a-bcb3-486a-9da5-3bff6bccd96b,CUST_01983,2026-03-11,technical,"I cannot log in to my account, password reset is not working.",pending,high,14.0
b09529e1-f8dc-4781-abfe-e131c10d45e5,CUST_01983,2026-03-07,account,I need to update my business address and tax ID.,pending,high,
fb1efac4-519e-4d2b-afcc-cd0afbabd94a,CUST_01983,2026-03-23,feature,Please add a dark mode to the dashboard.,pending,high,11.0
40f0a545-75dc-4924-8e0c-a2a5c9deadb2,CUST_01983,2026-02-14,feature,Can you add support for multiple currencies?,pending,high,
12d9a032-2fef-4954-9490-04ce5d0c25cc,CUST_01983,2026-02-14,account,I need to update my business address and tax ID.,open,low,
a375c5a9-f866-4dd9-9ae0-071dd01356a4,CUST_01983,2026-01-15,billing,I cancelled but was still billed. Please reverse this charge.,open,low,7.0
5bb8ef35-387b-49f5-9020-9341fcec567d,CUST_01984,2026-02-07,billing,Why did my subscription price increase without notice?,open,high,1.0
bc8f5e0c-1c67-4d5e-8de1-85decb42e6b5,CUST_01984,2025-07-16,technical,The app crashes every time I try to run payroll.,resolved,low,9.0
86d0cdb8-651b-48d7-956f-241e50aef096,CUST_01984,2026-05-07,account,How do I add a second user to my account?,open,medium,1.0
01f981cc-25b9-4957-ab58-97c4f953c69f,CUST_01985,2026-04-09,account,How do I export all my data before cancelling?,pending,medium,13.0
80de2fab-b4f4-446f-9d1f-4404154f1325,CUST_01985,2026-04-19,account,How do I export all my data before cancelling?,open,medium,5.0
990bc635-6303-4d38-9ff1-ca694458fad2,CUST_01986,2025-10-10,account,I need to update my business address and tax ID.,open,high,10.0
5cebef23-ddca-4a12-b615-0af6544d5ed7,CUST_01986,2025-01-19,billing,I was charged twice this month and need a refund immediately.,resolved,medium,
b16e7a16-3c94-4729-a1ae-5b21fd82381c,CUST_01986,2026-05-11,billing,I was charged twice this month and need a refund immediately.,open,high,
527724ef-736d-44de-bcc1-f7732a253a84,CUST_01986,2025-10-07,account,I need to update my business address and tax ID.,pending,high,1.0
fdf772e0-0149-4503-b387-d422b6c0994b,CUST_01986,2025-07-06,technical,Reports are not loading and just show a blank screen.,open,high,6.0
9839a941-0fcb-437b-90ee-d8907df42e1f,CUST_01986,2026-04-01,technical,"I cannot log in to my account, password reset is not working.",resolved,high,
d22b5488-d028-4cac-af48-2918933f0a35,CUST_01987,2026-03-23,feature,Please add a dark mode to the dashboard.,open,low,5.0
d0bd7bf3-cc31-447c-99c5-8581da0ddb50,CUST_01987,2025-11-23,account,How do I add a second user to my account?,resolved,medium,
0f7a1342-7b9a-4bbe-a9b8-06ee7fa47104,CUST_01988,2026-02-28,billing,Why did my subscription price increase without notice?,open,high,1.0
9ad76008-808a-4a38-8072-b22f0868c978,CUST_01989,2025-09-18,feature,Please add a dark mode to the dashboard.,open,low,4.0
e05b40db-1cb0-4144-8c93-441343e28641,CUST_01989,2026-05-14,feature,Please add a dark mode to the dashboard.,pending,low,12.0
4907946b-28d2-4da3-8171-b875cacaab9c,CUST_01989,2026-03-30,technical,Reports are not loading and just show a blank screen.,open,low,1.0
ad66627a-f5ed-415d-a0fd-5470e88891fa,CUST_01989,2026-03-19,billing,I cancelled but was still billed. Please reverse this charge.,open,medium,7.0
45605117-872d-4136-a5ee-088db5cf2f39,CUST_01990,2026-04-15,technical,"I cannot log in to my account, password reset is not working.",resolved,low,3.0
efd4ca27-d933-4c35-8c91-3f1d45e0e4dd,CUST_01990,2026-03-24,feature,Please add a dark mode to the dashboard.,pending,low,8.0
2b21a6dd-17b8-4ac4-99c4-87d83da7e335,CUST_01992,2026-02-17,technical,My bank connection keeps disconnecting every few days.,open,high,7.0
5490c289-9b10-4f8f-83bf-d480b369a30b,CUST_01992,2025-10-22,technical,"I cannot log in to my account, password reset is not working.",resolved,medium,10.0
7d4f891b-adfa-41f7-b651-6ba87fe9ed96,CUST_01994,2025-08-11,feature,Please add a dark mode to the dashboard.,resolved,low,
a661e046-d541-4375-8773-72d7b4192e60,CUST_01994,2025-12-21,technical,The app crashes every time I try to run payroll.,resolved,high,2.0
554acaff-7f08-4942-835f-16302e6177e0,CUST_01994,2025-05-09,feature,Is there a way to export data to Excel automatically?,open,high,6.0
d12dc7cb-dc1f-4823-86bf-a77ece87dcf0,CUST_01994,2025-05-02,technical,"I cannot log in to my account, password reset is not working.",open,medium,9.0
83c448e5-4f0b-4e3b-9841-b65214a559e3,CUST_01995,2026-04-17,billing,I cancelled but was still billed. Please reverse this charge.,open,low,10.0
75243ae3-a604-41eb-a1c6-0820ef3ac759,CUST_01995,2026-01-12,account,How do I add a second user to my account?,open,high,
79c2d836-30c1-434d-b2fc-186e09a22120,CUST_01995,2026-02-24,billing,I cancelled but was still billed. Please reverse this charge.,resolved,high,9.0
dd692726-b0b3-4e46-aabb-1bbe859ca1e8,CUST_01997,2025-06-09,account,I need to update my business address and tax ID.,resolved,low,1.0
0a490902-70a7-4ba4-a9d5-618ab6a5f094,CUST_01999,2025-06-24,account,How do I export all my data before cancelling?,resolved,medium,14.0
